Date,Ticker,Open,High,Low,Close,Adj_Close,Volume
2015-01-02,ITUB4,16.655359268188477,16.92768096923828,16.300369262695312,16.45111846923828,8.421246528625488,23517344
2015-01-05,ITUB4,16.19338607788086,16.703989028930664,16.066951751708984,16.533788681030273,8.463566780090332,26662189
2015-01-06,ITUB4,16.533788681030273,16.801246643066406,16.35386085510254,16.801246643066406,8.600483894348145,31413078
2015-01-07,ITUB4,17.020076751708984,17.671701431274414,17.020076751708984,17.40910530090332,8.911638259887695,26740949
2015-01-08,ITUB4,17.506364822387695,17.749507904052734,17.127059936523438,17.681427001953125,9.051036834716797,24249626
2015-01-09,ITUB4,17.530677795410156,17.579307556152344,16.859600067138672,16.90822982788086,8.655243873596191,19333403
2015-01-12,ITUB4,16.8255615234375,16.98603630065918,16.475433349609375,16.49974822998047,8.446146011352539,23066377
2015-01-13,ITUB4,16.635908126831055,16.91795539855957,16.480295181274414,16.480295181274414,8.436187744140625,28972137
2015-01-14,ITUB4,16.33927345275879,16.84014892578125,16.2906436920166,16.59214210510254,8.493438720703125,25515543
2015-01-15,ITUB4,16.631046295166016,17.097881317138672,16.44139289855957,16.446256637573242,8.418761253356934,27801637
2015-01-16,ITUB4,16.490022659301758,16.786657333374023,16.33927345275879,16.699125289916992,8.548202514648438,29126984
2015-01-19,ITUB4,16.5872802734375,16.791521072387695,16.02318572998047,16.096128463745117,8.239535331726074,17386819
2015-01-20,ITUB4,16.36358642578125,16.42194175720215,16.02804946899414,16.149620056152344,8.266914367675781,18983816
2015-01-21,ITUB4,16.387901306152344,16.742891311645508,16.130168914794922,16.626182556152344,8.510866165161133,29473281
2015-01-22,ITUB4,16.820697784423828,17.020076751708984,16.616456985473633,16.708852767944336,8.553184509277344,28294761
2015-01-23,ITUB4,16.820697784423828,17.020076751708984,16.392765045166016,16.548376083374023,8.471035957336426,23406093
2015-01-26,ITUB4,16.470571517944336,16.776931762695312,16.344135284423828,16.742891311645508,8.570603370666504,20255902
2015-01-27,ITUB4,16.67967414855957,16.810972213745117,16.319820404052734,16.67967414855957,8.538243293762207,26231374
2015-01-28,ITUB4,16.485158920288086,16.835285186767578,16.334409713745117,16.33927345275879,8.364002227783203,23732443
2015-01-29,ITUB4,16.485158920288086,16.553239822387695,15.95510482788086,16.227426528930664,8.306742668151855,24349156
2015-01-30,ITUB4,15.911338806152344,16.086402893066406,15.78976821899414,15.998870849609375,8.189748764038086,38279998
2015-02-02,ITUB4,16.154483795166016,16.232290267944336,15.877299308776855,16.20311164855957,8.298078536987305,24041519
2015-02-03,ITUB4,16.772069931030273,16.859600067138672,16.572690963745117,16.655359268188477,8.529685020446777,37346806
2015-02-04,ITUB4,16.640771865844727,17.370203018188477,16.533788681030273,17.268083572387695,8.843482971191406,51065223
2015-02-05,ITUB4,17.190277099609375,17.39937973022461,17.020076751708984,17.122196197509766,8.76876449584961,39529875
2015-02-06,ITUB4,17.020076751708984,17.17082405090332,16.8255615234375,17.083293914794922,8.74884033203125,35371227
2015-02-09,ITUB4,16.92768096923828,17.2437686920166,16.92768096923828,17.190277099609375,8.803633689880371,25662164
2015-02-10,ITUB4,17.214590072631836,17.336162567138672,16.971446990966797,16.971446990966797,8.691568374633789,25279469
2015-02-11,ITUB4,16.694263458251953,16.776931762695312,16.10099220275879,16.28091812133789,8.544634819030762,25409022
2015-02-12,ITUB4,16.455982208251953,16.791521072387695,16.387901306152344,16.708852767944336,8.769231796264648,23944457
2015-02-13,ITUB4,16.81583595275879,17.272945404052734,16.75261878967285,17.263219833374023,9.060169219970703,25714602
2015-02-18,ITUB4,17.608484268188477,17.676565170288086,17.268083572387695,17.365339279174805,9.113770484924316,23875979
2015-02-19,ITUB4,17.297260284423828,17.540403366088867,17.190277099609375,17.360477447509766,9.111218452453613,16111032
2015-02-20,ITUB4,17.506364822387695,17.516090393066406,17.15137481689453,17.452871322631836,9.159709930419922,12624825
2015-02-23,ITUB4,17.185413360595703,17.744644165039062,17.185413360595703,17.62307357788086,9.249034881591797,19466246
2015-02-24,ITUB4,17.739782333374023,17.807861328125,17.40910530090332,17.807861328125,9.3460111618042,21014506
2015-02-25,ITUB4,17.579307556152344,17.851627349853516,17.4820499420166,17.851627349853516,9.36898422241211,17344046
2015-02-26,ITUB4,17.87108039855957,17.939159393310547,17.593896865844727,17.939159393310547,9.41492748260498,15596522
2015-02-27,ITUB4,17.94402313232422,18.26983642578125,17.637662887573242,17.749507904052734,9.315389633178711,38676677
2015-03-02,ITUB4,17.700878143310547,17.86135482788086,17.511226654052734,17.661975860595703,9.273265838623047,24007794
2015-03-03,ITUB4,17.64738655090332,17.798137664794922,17.501501083374023,17.798137664794922,9.344751358032227,16892256
2015-03-04,ITUB4,17.569580078125,17.72032928466797,17.47232437133789,17.64252471923828,9.263053894042969,33867180
2015-03-05,ITUB4,17.613346099853516,17.749507904052734,17.32157325744629,17.48691177368164,9.181339263916016,43472807
2015-03-06,ITUB4,17.370203018188477,17.584169387817383,16.854738235473633,17.020076751708984,8.936235427856445,37001949
2015-03-09,ITUB4,16.631046295166016,16.883914947509766,16.27119255065918,16.57755470275879,8.703897476196289,41212212
2015-03-10,ITUB4,16.314958572387695,16.558101654052734,15.925928115844727,15.925928115844727,8.361763000488281,62420430
2015-03-11,ITUB4,16.062089920043945,16.490022659301758,16.047500610351562,16.465707778930664,8.645171165466309,52994327
2015-03-12,ITUB4,16.631046295166016,16.723440170288086,16.43166732788086,16.533788681030273,8.680922508239746,32578643
2015-03-13,ITUB4,16.154483795166016,16.485158920288086,16.1107177734375,16.45111846923828,8.637511253356934,39470856
2015-03-16,ITUB4,16.558101654052734,16.66508674621582,16.251741409301758,16.45111846923828,8.637511253356934,22660650
2015-03-17,ITUB4,16.5289249420166,16.92281723022461,16.41707992553711,16.92281723022461,8.885174751281738,36760528
2015-03-18,ITUB4,16.845012664794922,17.506364822387695,16.703989028930664,17.433420181274414,9.15325927734375,35552807
2015-03-19,ITUB4,17.38479232788086,17.423694610595703,17.058979034423828,17.32643699645996,9.097084999084473,21622993
2015-03-20,ITUB4,17.506364822387695,17.730056762695312,17.433420181274414,17.47232437133789,9.173687934875488,34604192
2015-03-23,ITUB4,17.452871322631836,17.55499267578125,17.097881317138672,17.360477447509766,9.114964485168457,20674995
2015-03-24,ITUB4,17.360477447509766,17.55013084411621,17.0638427734375,17.253494262695312,9.058791160583496,23885644
2015-03-25,ITUB4,17.360477447509766,17.637662887573242,17.044389724731445,17.23890495300293,9.05113697052002,34219440
2015-03-26,ITUB4,17.058979034423828,17.15137481689453,16.68939971923828,16.75261878967285,8.795809745788574,26597824
2015-03-27,ITUB4,16.76234245300293,16.76234245300293,16.33927345275879,16.460845947265625,8.642618179321289,30030975
2015-03-30,ITUB4,16.533788681030273,17.015213012695312,16.49974822998047,17.015213012695312,8.933680534362793,23875568
2015-03-31,ITUB4,16.84987449645996,17.30698585510254,16.7672061920166,17.17082405090332,9.015388488769531,27448966
2015-04-01,ITUB4,17.40910530090332,17.87108039855957,17.350751876831055,17.749507904052734,9.323179244995117,31621391
2015-04-02,ITUB4,17.72519302368164,18.162851333618164,17.72519302368164,17.919708251953125,9.412583351135254,25937927
2015-04-06,ITUB4,18.172578811645508,18.221206665039062,17.924570083618164,18.138538360595703,9.527518272399902,20217447
2015-04-07,ITUB4,18.04128074645996,18.235795974731445,17.94888687133789,18.148263931274414,9.532630920410156,23252892
2015-04-08,ITUB4,18.308738708496094,18.459487915039062,18.177440643310547,18.235795974731445,9.578614234924316,27753518
2015-04-09,ITUB4,17.846765518188477,17.96347427368164,17.603620529174805,17.87108039855957,9.38703727722168,41967526
2015-04-10,ITUB4,17.749507904052734,18.089908599853516,17.652250289916992,18.002376556396484,9.45600700378418,19706227
2015-04-13,ITUB4,17.94402313232422,18.12394905090332,17.754371643066406,17.86135482788086,9.381929397583008,20093035
2015-04-14,ITUB4,17.95374870300293,18.007240295410156,17.608484268188477,17.86135482788086,9.381929397583008,19925644
2015-04-15,ITUB4,18.026691436767578,18.153127670288086,17.80299949645996,18.11908721923828,9.517302513122559,21237625
2015-04-16,ITUB4,18.03155517578125,18.070457458496094,17.88080406188965,17.982925415039062,9.445784568786621,21487065
2015-04-17,ITUB4,17.807861328125,17.89539337158203,17.739782333374023,17.754371643066406,9.325735092163086,22986588
2015-04-20,ITUB4,17.837039947509766,17.88080406188965,17.3896541595459,17.457735061645508,9.169925689697266,35941466
2015-04-22,ITUB4,17.506364822387695,18.065595626831055,17.457735061645508,17.94402313232422,9.425357818603516,28036066
2015-04-23,ITUB4,17.764095306396484,18.45462417602539,17.637662887573242,18.43031120300293,9.68077564239502,28430483
2015-04-24,ITUB4,18.4351749420166,19.1791934967041,18.410858154296875,19.028444290161133,9.99496078491211,49218786
2015-04-27,ITUB4,18.955501556396484,19.208370208740234,18.59078598022461,18.67345428466797,9.808492660522461,23542021
2015-04-28,ITUB4,18.780437469482422,18.92146110534668,18.483802795410156,18.863107681274414,9.908114433288574,26261397
2015-04-29,ITUB4,18.68804359436035,18.84851837158203,18.493528366088867,18.60537338256836,9.772734642028809,19955051
2015-04-30,ITUB4,18.527568817138672,18.814477920532227,18.43031120300293,18.736671447753906,9.841693878173828,23106271
2015-05-04,ITUB4,18.843656539916992,19.16460609436035,18.824203491210938,18.9409122467041,9.952856063842773,21871405
2015-05-05,ITUB4,18.8193416595459,19.081937789916992,18.527568817138672,18.75612449645996,9.855756759643555,30226333
2015-05-06,ITUB4,18.780437469482422,18.92146110534668,18.089908599853516,18.284423828125,9.607892036437988,36908383
2015-05-07,ITUB4,18.143400192260742,18.35736846923828,18.04128074645996,18.35736846923828,9.646224975585938,25370773
2015-05-08,ITUB4,18.619962692260742,18.624826431274414,18.138538360595703,18.60051155090332,9.77398681640625,29531682
2015-05-11,ITUB4,18.65886688232422,18.722084045410156,18.37195587158203,18.51297950744629,9.727992057800293,15267499
2015-05-12,ITUB4,18.333053588867188,18.59564971923828,18.29414939880371,18.43031120300293,9.684556007385254,25742363
2015-05-13,ITUB4,18.34764289855957,18.527568817138672,18.240659713745117,18.303876876831055,9.61811637878418,22934356
2015-05-14,ITUB4,18.318464279174805,18.551883697509766,18.21148109436035,18.483802795410156,9.71265983581543,25448710
2015-05-15,ITUB4,18.43031120300293,18.83879280090332,18.43031120300293,18.82906723022461,9.894087791442871,16564673
2015-05-18,ITUB4,18.858243942260742,18.858243942260742,18.20175552368164,18.328189849853516,9.630892753601074,48516115
2015-05-19,ITUB4,18.284423828125,18.498390197753906,17.788410186767578,18.070457458496094,9.495460510253906,23700363
2015-05-20,ITUB4,17.88566780090332,17.9586124420166,17.62307357788086,17.749507904052734,9.326809883117676,40678372
2015-05-21,ITUB4,17.56471824645996,17.593896865844727,17.31184959411621,17.535541534423828,9.214375495910645,37908407
2015-05-22,ITUB4,17.40910530090332,17.40910530090332,17.14651107788086,17.16596221923828,9.02017593383789,49639935
2015-05-25,ITUB4,17.214590072631836,17.345888137817383,17.039527893066406,17.22917938232422,9.053399085998535,15987648
2015-05-26,ITUB4,17.127059936523438,17.16596221923828,16.89850425720215,16.97631072998047,8.920516014099121,25817627
2015-05-27,ITUB4,17.107608795166016,17.370203018188477,16.84014892578125,17.32157325744629,9.101943016052246,30259029
2015-05-28,ITUB4,17.175687789916992,17.23890495300293,16.91309356689453,17.117332458496094,8.994625091552734,30574275
2015-05-29,ITUB4,17.06870460510254,17.06870460510254,16.67967414855957,16.694263458251953,8.772310256958008,42566965
2015-06-01,ITUB4,16.74775505065918,16.835285186767578,16.553239822387695,16.572690963745117,8.712235450744629,25629467
2015-06-02,ITUB4,16.713714599609375,16.99576187133789,16.60186767578125,16.942270278930664,8.90652084350586,29108888
2015-06-03,ITUB4,16.90822982788086,16.90822982788086,16.490022659301758,16.51433563232422,8.681553840637207,47446173
2015-06-05,ITUB4,16.465707778930664,16.51919937133789,16.1107177734375,16.12044334411621,8.474489212036133,24763314
2015-06-08,ITUB4,16.27119255065918,16.27605438232422,16.047500610351562,16.0523624420166,8.438698768615723,42822369
2015-06-09,ITUB4,16.096128463745117,16.232290267944336,15.935653686523438,15.95024299621582,8.385021209716797,25544333
2015-06-10,ITUB4,16.18852424621582,16.548376083374023,16.173934936523438,16.41707992553711,8.630434036254883,50328211
2015-06-11,ITUB4,16.60186767578125,16.650497436523438,16.19338607788086,16.314958572387695,8.576746940612793,31798447
2015-06-12,ITUB4,16.169071197509766,16.329547882080078,16.057226181030273,16.144758224487305,8.48727035522461,55623839
2015-06-15,ITUB4,16.047500610351562,16.227426528930664,15.75572681427002,16.227426528930664,8.530728340148926,29468757
2015-06-16,ITUB4,16.407352447509766,16.806108474731445,16.324684143066406,16.801246643066406,8.832387924194336,45188663
2015-06-17,ITUB4,16.694263458251953,16.820697784423828,16.4365291595459,16.504610061645508,8.676445960998535,32555200
2015-06-18,ITUB4,16.61159324645996,17.01034927368164,16.41707992553711,16.91309356689453,8.891185760498047,18201152
2015-06-19,ITUB4,16.543514251708984,16.835285186767578,16.51919937133789,16.723440170288086,8.791481018066406,31543454
2015-06-22,ITUB4,16.801246643066406,16.937406539916992,16.645633697509766,16.772069931030273,8.817047119140625,24406324
2015-06-23,ITUB4,16.90822982788086,17.112470626831055,16.796382904052734,16.937406539916992,8.903964042663574,22797194
2015-06-24,ITUB4,16.971446990966797,17.16109848022461,16.879051208496094,16.99576187133789,8.93464469909668,24592016
2015-06-25,ITUB4,16.97631072998047,17.00062370300293,16.5289249420166,16.703989028930664,8.781262397766113,24002036
2015-06-26,ITUB4,16.645633697509766,17.01034927368164,16.645633697509766,16.84987449645996,8.857953071594238,20214157
2015-06-29,ITUB4,16.567827224731445,16.806108474731445,16.485158920288086,16.635908126831055,8.74547004699707,14919145
2015-06-30,ITUB4,16.74775505065918,16.81583595275879,16.567827224731445,16.640771865844727,8.748023986816406,21171614
2015-07-01,ITUB4,16.75261878967285,16.76234245300293,16.548376083374023,16.728303909301758,8.797897338867188,21807246
2015-07-02,ITUB4,16.893640518188477,17.054115295410156,16.781795501708984,16.951995849609375,8.915543556213379,20776581
2015-07-03,ITUB4,16.84987449645996,16.947132110595703,16.728303909301758,16.781795501708984,8.826031684875488,8856481
2015-07-06,ITUB4,16.57755470275879,16.820697784423828,16.392765045166016,16.494884490966797,8.675137519836426,19288985
2015-07-07,ITUB4,16.392765045166016,16.59214210510254,16.18366050720215,16.558101654052734,8.708382606506348,21225903
2015-07-08,ITUB4,16.42680549621582,16.582416534423828,16.2906436920166,16.368450164794922,8.608640670776367,17462906
2015-07-10,ITUB4,16.728303909301758,16.92281723022461,16.562965393066406,16.864463806152344,8.869510650634766,26209988
2015-07-13,ITUB4,16.966583251953125,17.175687789916992,16.893640518188477,17.020076751708984,8.951343536376953,15387386
2015-07-14,ITUB4,16.978254318237305,17.10663414001465,16.817779541015625,17.031747817993164,8.957489967346191,14408411
2015-07-15,ITUB4,16.967557907104492,17.053142547607422,16.684051513671875,16.7375431060791,8.802762031555176,19775789
2015-07-16,ITUB4,16.930112838745117,16.983604431152344,16.635908126831055,16.78568458557129,8.828076362609863,16734942
2015-07-17,ITUB4,16.796382904052734,16.903366088867188,16.587766647338867,16.684051513671875,8.774624824523926,12613739
2015-07-20,ITUB4,16.700098037719727,16.753589630126953,16.49148178100586,16.582416534423828,8.721176147460938,16666707
2015-07-21,ITUB4,16.587766647338867,16.67335319519043,16.341703414916992,16.44333839416504,8.648030281066895,17118740
2015-07-22,ITUB4,16.320308685302734,16.400545120239258,16.015405654907227,16.18657875061035,8.512988090515137,24808349
2015-07-23,ITUB4,16.2882137298584,16.2882137298584,15.459092140197754,15.512582778930664,8.158512115478516,45777222
2015-07-24,ITUB4,15.459092140197754,15.485837936401367,15.063253402709961,15.44304370880127,8.121943473815918,48809470
2015-07-27,ITUB4,15.378853797912598,15.630265235900879,15.30396556854248,15.410948753356934,8.105064392089844,29706121
2015-07-28,ITUB4,15.673057556152344,15.94051742553711,15.245124816894531,15.69445514678955,8.254165649414062,40084373
2015-07-29,ITUB4,15.640962600708008,15.94051742553711,15.566075325012207,15.849580764770508,8.3357572555542,26270633
2015-07-30,ITUB4,15.929818153381348,15.94051742553711,15.523282051086426,15.65166187286377,8.231661796569824,14642654
2015-07-31,ITUB4,15.785390853881836,16.090293884277344,15.742597579956055,16.090293884277344,8.462348937988281,25064276
2015-08-03,ITUB4,15.99400806427002,16.10099220275879,15.796089172363281,16.00470733642578,8.42153549194336,24487551
2015-08-04,ITUB4,16.015405654907227,16.015405654907227,15.464441299438477,15.619566917419434,8.218875885009766,51715343
2015-08-05,ITUB4,15.780041694641113,15.924468994140625,15.517932891845703,15.59282112121582,8.20480728149414,22973857
2015-08-06,ITUB4,15.507233619689941,15.699804306030273,15.352108001708984,15.533980369567871,8.17384147644043,32462251
2015-08-07,ITUB4,15.405599594116211,15.533980369567871,15.004412651062012,15.079300880432129,7.934597492218018,28416200
2015-08-10,ITUB4,15.196983337402344,15.38955307006836,15.047205924987793,15.277219772338867,8.038736343383789,27854618
2015-08-11,ITUB4,15.245124816894531,15.320013046264648,14.999062538146973,15.245124816894531,8.021855354309082,22108489
2015-08-12,ITUB4,15.068602561950684,15.073951721191406,14.688812255859375,14.806492805480957,7.791050910949707,48904998
2015-08-13,ITUB4,14.726256370544434,14.763699531555176,14.175292015075684,14.282275199890137,7.610341548919678,51867516
2015-08-14,ITUB4,14.373210906982422,14.405305862426758,14.079007148742676,14.266227722167969,7.601787090301514,42607382
2015-08-17,ITUB4,14.239481925964355,14.587178230285645,14.116451263427734,14.116451263427734,7.521981716156006,25276085
2015-08-18,ITUB4,14.137847900390625,14.806492805480957,13.854342460632324,14.351814270019531,7.647391319274902,57027011
2015-08-19,ITUB4,14.180641174316406,14.271576881408691,13.854342460632324,14.057609558105469,7.490622043609619,32216979
2015-08-20,ITUB4,13.891785621643066,14.282275199890137,13.811548233032227,14.089705467224121,7.507721900939941,32701728
2015-08-21,ITUB4,13.934578895568848,14.303671836853027,13.83829402923584,14.121800422668457,7.524826526641846,40586881
2015-08-24,ITUB4,13.367568016052246,14.228782653808594,13.223139762878418,13.832944869995117,7.370909214019775,54082814
2015-08-25,ITUB4,14.33041763305664,14.378560066223145,13.720612525939941,13.806199073791504,7.356660842895508,48867423
2015-08-26,ITUB4,13.98807144165039,14.640668869018555,13.848993301391602,14.640668869018555,7.801316738128662,51607475
2015-08-27,ITUB4,14.774397850036621,15.378853797912598,14.763699531555176,15.159538269042969,8.077790260314941,45958558
2015-08-28,ITUB4,14.977666854858398,15.298617362976074,14.560432434082031,14.726256370544434,7.846912860870361,31927588
2015-08-31,ITUB4,14.357163429260254,14.399956703186035,14.025514602661133,14.202037811279297,7.5675811767578125,45626731
2015-09-01,ITUB4,13.865039825439453,14.116451263427734,13.77945327758789,13.865039825439453,7.392191410064697,31331608
2015-09-02,ITUB4,14.04691219329834,14.191338539123535,13.822246551513672,14.191338539123535,7.566161632537842,23641438
2015-09-03,ITUB4,14.271576881408691,14.73160457611084,14.04691219329834,14.73160457611084,7.854201316833496,48608130
2015-09-04,ITUB4,14.378560066223145,14.539034843444824,14.132497787475586,14.132497787475586,7.534780979156494,44093969
2015-09-08,ITUB4,14.46949577331543,14.46949577331543,14.234132766723633,14.28762435913086,7.617491722106934,19535939
2015-09-09,ITUB4,14.496241569519043,14.843937873840332,14.399956703186035,14.448099136352539,7.703048229217529,31927962
2015-09-10,ITUB4,13.907833099365234,14.41065502166748,13.907833099365234,14.1592435836792,7.549046516418457,50126497
2015-09-11,ITUB4,14.121800422668457,14.185990333557129,13.98807144165039,14.185990333557129,7.563304901123047,35387566
2015-09-14,ITUB4,14.276926040649414,14.769048690795898,14.068307876586914,14.75835132598877,7.868463516235352,36130112
2015-09-15,ITUB4,14.646018028259277,15.22372817993164,14.646018028259277,15.12209415435791,8.062395095825195,40947124
2015-09-16,ITUB4,15.245124816894531,15.566075325012207,15.191633224487305,15.373504638671875,8.196432113647461,46124192
2015-09-17,ITUB4,15.261173248291016,15.785390853881836,15.22907829284668,15.507233619689941,8.267728805541992,37024831
2015-09-18,ITUB4,15.298617362976074,15.512582778930664,14.769048690795898,14.897429466247559,7.94260835647583,53019471
2015-09-21,ITUB4,14.870682716369629,14.999062538146973,14.453448295593262,14.565780639648438,7.765798091888428,28947872
2015-09-22,ITUB4,14.399956703186035,14.822541236877441,14.143197059631348,14.704858779907227,7.839940547943115,35517119
2015-09-23,ITUB4,14.678112983703613,14.811842918395996,14.121800422668457,14.121800422668457,7.529083251953125,29995325
2015-09-24,ITUB4,13.69921588897705,14.3678617477417,13.479900360107422,14.282275199890137,7.61464262008667,55260194
2015-09-25,ITUB4,14.46949577331543,14.597875595092773,13.85969066619873,13.934578895568848,7.429263591766357,24482878
2015-09-28,ITUB4,13.816898345947266,14.041563034057617,13.661771774291992,13.923880577087402,7.42356014251709,29816792
2015-09-29,ITUB4,13.94527816772461,14.10040283203125,13.83829402923584,13.865039825439453,7.392191410064697,23217447
2015-09-30,ITUB4,14.212736129760742,14.282275199890137,13.78480339050293,14.180641174316406,7.560453414916992,43870570
2015-10-01,ITUB4,14.175292015075684,14.474844932556152,14.057609558105469,14.378560066223145,7.67031192779541,23413926
2015-10-02,ITUB4,14.26087760925293,14.96161937713623,14.202037811279297,14.96161937713623,7.981348991394043,37244117
2015-10-05,ITUB4,15.164888381958008,15.512582778930664,15.106046676635742,15.277219772338867,8.14970874786377,30185074
2015-10-06,ITUB4,15.138141632080078,15.485837936401367,15.127443313598633,15.416297912597656,8.223901748657227,29904469
2015-10-07,ITUB4,15.673057556152344,16.202625274658203,15.437694549560547,15.85492992401123,8.457891464233398,47310171
2015-10-08,ITUB4,15.758645057678223,15.977960586547852,15.608867645263672,15.91377067565918,8.489283561706543,33494187
2015-10-09,ITUB4,16.149133682250977,16.159833908081055,15.501885414123535,15.806788444519043,8.432209968566895,47039287
2015-10-13,ITUB4,15.352108001708984,15.453742980957031,14.795795440673828,14.96161937713623,7.981348991394043,49843836
2015-10-14,ITUB4,14.8599853515625,15.12209415435791,14.715558052062988,14.822541236877441,7.907163619995117,60220592
2015-10-15,ITUB4,14.886731147766113,14.956270217895508,14.3678617477417,14.576478958129883,7.77589750289917,44898019
2015-10-16,ITUB4,14.496241569519043,14.742302894592285,14.282275199890137,14.357163429260254,7.658897876739502,37614268
2015-10-19,ITUB4,14.416004180908203,14.736953735351562,14.335766792297363,14.699509620666504,7.841526031494141,27550084
2015-10-20,ITUB4,14.790446281433105,14.892080307006836,14.28762435913086,14.399956703186035,7.68172550201416,34232059
2015-10-21,ITUB4,14.464146614074707,14.528336524963379,14.175292015075684,14.292972564697266,7.624661445617676,27988283
2015-10-22,ITUB4,14.346465110778809,14.635319709777832,14.30902099609375,14.592527389526367,7.784451484680176,34393206
2015-10-23,ITUB4,14.897429466247559,15.031158447265625,14.485543251037598,14.496241569519043,7.733092784881592,32669386
2015-10-26,ITUB4,14.576478958129883,14.694161415100098,14.228782653808594,14.282275199890137,7.618956565856934,22573982
2015-10-27,ITUB4,14.282275199890137,14.373210906982422,14.073657989501953,14.202037811279297,7.576147079467773,22777378
2015-10-28,ITUB4,14.218085289001465,14.67276382446289,14.095053672790527,14.298322677612305,7.627511501312256,2946627
2015-10-29,ITUB4,14.111102104187012,14.512289047241211,13.907833099365234,13.907833099365234,7.419201850891113,30671318
2015-10-30,ITUB4,14.052261352539062,14.185990333557129,13.918532371520996,14.1592435836792,7.553321838378906,22522572
2015-11-03,ITUB4,14.282275199890137,15.063253402709961,14.266227722167969,15.063253402709961,8.040130615234375,46729333
2015-11-04,ITUB4,15.293268203735352,15.405599594116211,14.96161937713623,15.100698471069336,8.060110092163086,34194857
2015-11-05,ITUB4,15.100698471069336,15.298617362976074,14.94022274017334,15.28256893157959,8.157185554504395,18359681
2015-11-06,ITUB4,15.245124816894531,15.245124816894531,14.870682716369629,15.052555084228516,8.034414291381836,24708707
2015-11-09,ITUB4,14.972317695617676,15.02046012878418,14.624622344970703,14.667414665222168,7.8288421630859375,20503005
2015-11-10,ITUB4,14.635319709777832,14.75835132598877,14.38925838470459,14.75835132598877,7.877380847930908,19571458
2015-11-11,ITUB4,14.892080307006836,15.239775657653809,14.8599853515625,15.159538269042969,8.091516494750977,26833337
2015-11-12,ITUB4,15.154189109802246,15.245124816894531,14.94022274017334,15.20233154296875,8.114359855651855,21848822
2015-11-13,ITUB4,15.068602561950684,15.111395835876465,14.77974796295166,14.77974796295166,7.888799667358398,24285090
2015-11-16,ITUB4,14.849287033081055,15.196983337402344,14.817192077636719,15.196983337402344,8.11150074005127,31608099
2015-11-17,ITUB4,15.298617362976074,15.603519439697266,15.218379020690918,15.30396556854248,8.168609619140625,26678547
2015-11-18,ITUB4,15.293268203735352,15.555377006530762,15.207680702209473,15.266522407531738,8.148618698120117,30508302
2015-11-19,ITUB4,15.512582778930664,15.721200942993164,15.191633224487305,15.683756828308105,8.371323585510254,35998690
2015-11-23,ITUB4,15.844231605529785,15.90307331085205,15.59282112121582,15.678407669067383,8.368471145629883,25417789
2015-11-24,ITUB4,15.539328575134277,15.705153465270996,15.309314727783203,15.699804306030273,8.3798828125,18257048
2015-11-25,ITUB4,15.378853797912598,15.421648025512695,14.870682716369629,14.929524421691895,7.968746185302734,42484559
2015-11-26,ITUB4,14.977666854858398,15.30396556854248,14.924175262451172,15.148839950561523,8.085809707641602,19602678
2015-11-27,ITUB4,15.04185676574707,15.095348358154297,14.71020793914795,14.747653007507324,7.871676445007324,27937060
2015-11-30,ITUB4,14.656717300415039,15.004412651062012,14.501590728759766,14.865333557128906,7.934487342834473,51838726
2015-12-01,ITUB4,14.897429466247559,15.025809288024902,14.667414665222168,14.972317695617676,7.995901107788086,24656362
2015-12-02,ITUB4,14.908127784729004,15.004412651062012,14.421353340148926,14.496241569519043,7.741654396057129,39471567
2015-12-03,ITUB4,15.138141632080078,15.737248420715332,15.031158447265625,15.416297912597656,8.233010292053223,60684590
2015-12-04,ITUB4,15.28256893157959,15.346758842468262,14.817192077636719,15.073951721191406,8.050175666809082,32865117
2015-12-07,ITUB4,15.250473976135254,15.352108001708984,14.897429466247559,14.96161937713623,7.990189552307129,29501603
2015-12-08,ITUB4,14.956270217895508,14.956270217895508,14.608573913574219,14.790446281433105,7.89877462387085,36752265
2015-12-09,ITUB4,15.004412651062012,15.635614395141602,14.988365173339844,15.59282112121582,8.327282905578613,54195355
2015-12-10,ITUB4,15.448392868041992,15.560726165771484,15.30396556854248,15.405599594116211,8.286709785461426,27124223
2015-12-11,ITUB4,15.250473976135254,15.539328575134277,15.175585746765137,15.405599594116211,8.286709785461426,25445831
2015-12-14,ITUB4,15.255823135375977,15.287918090820312,14.929524421691895,15.04185676574707,8.091055870056152,22611932
2015-12-15,ITUB4,15.089999198913574,15.410948753356934,15.089999198913574,15.138141632080078,8.142845153808594,37852623
2015-12-16,ITUB4,15.004412651062012,15.12209415435791,14.656717300415039,15.036507606506348,8.088172912597656,33312103
2015-12-17,ITUB4,15.352108001708984,15.550027847290039,15.22372817993164,15.293268203735352,8.226282119750977,22705404
2015-12-18,ITUB4,14.908127784729004,14.96161937713623,14.405305862426758,14.405305862426758,7.748651504516602,63477174
2015-12-21,ITUB4,14.496241569519043,14.54973316192627,14.068307876586914,14.137847900390625,7.604781627655029,36453340
2015-12-22,ITUB4,14.30902099609375,14.421353340148926,14.068307876586914,14.228782653808594,7.653700351715088,31740830
2015-12-23,ITUB4,14.490893363952637,14.490893363952637,14.073657989501953,14.175292015075684,7.624925136566162,22195979
2015-12-28,ITUB4,14.202037811279297,14.292972564697266,14.121800422668457,14.121800422668457,7.596147537231445,31954882
2015-12-29,ITUB4,14.228782653808594,14.26087760925293,14.057609558105469,14.132497787475586,7.601907730102539,13609782
2015-12-30,ITUB4,14.191338539123535,14.191338539123535,13.94527816772461,14.084356307983398,7.576006889343262,23936624
2016-01-04,ITUB4,13.865039825439453,13.955975532531738,13.442456245422363,13.442456245422363,7.234853744506836,43135315
2016-01-05,ITUB4,13.586882591247559,13.790151596069336,13.41571044921875,13.554787635803223,7.295314788818359,23898487
2016-01-06,ITUB4,13.372917175292969,13.816898345947266,13.2659330368042,13.501296997070312,7.26651668548584,37978811
2016-01-07,ITUB4,13.319424629211426,13.528042793273926,13.244537353515625,13.244537353515625,7.128331661224365,32592365
2016-01-08,ITUB4,13.346171379089355,13.506646156311035,13.249885559082031,13.249885559082031,7.131209373474121,20493097
2016-01-11,ITUB4,13.324773788452148,13.38896369934082,13.068014144897461,13.094759941101074,7.047717094421387,21775914
2016-01-12,ITUB4,13.2659330368042,13.394312858581543,13.057315826416016,13.153600692749023,7.079392910003662,20601339
2016-01-13,ITUB4,13.298027992248535,13.372917175292969,12.870095252990723,12.950331687927246,6.969985485076904,22142513
2016-01-14,ITUB4,12.998475074768066,13.1482515335083,12.6561279296875,13.137553215026855,7.070752143859863,26560210
2016-01-15,ITUB4,12.891491889953613,12.944982528686523,12.682873725891113,12.795207023620605,6.8864970207214355,34372455
2016-01-18,ITUB4,12.838000297546387,12.875444412231445,12.645429611206055,12.645429611206055,6.805880069732666,12392397
2016-01-19,ITUB4,12.854046821594238,12.928936004638672,12.431463241577148,12.517049789428711,6.736790657043457,18904626
2016-01-20,ITUB4,12.303083419799805,12.420764923095703,12.201449394226074,12.340526580810547,6.641782760620117,41764447
2016-01-21,ITUB4,12.303083419799805,12.55449390411377,12.276336669921875,12.367273330688477,6.656177043914795,33511012
2016-01-22,ITUB4,12.490303993225098,12.650778770446777,12.41541576385498,12.484954833984375,6.7195143699646,17895123
2016-01-26,ITUB4,12.329829216003418,12.618683815002441,12.260290145874023,12.618683815002441,6.7914862632751465,20848480
2016-01-27,ITUB4,12.55449390411377,12.848697662353516,12.426114082336426,12.666827201843262,6.817403793334961,26364292
2016-01-28,ITUB4,12.80590534210205,12.875444412231445,12.624032974243164,12.752412796020508,6.863465309143066,18712633
2016-01-29,ITUB4,12.891491889953613,13.346171379089355,12.838000297546387,13.346171379089355,7.183030128479004,34634926
2016-02-01,ITUB4,13.217790603637695,13.624327659606934,13.078712463378906,13.624327659606934,7.337149620056152,21820220
2016-02-02,ITUB4,13.084061622619629,13.10545825958252,12.436812400817871,12.645429611206055,6.809973239898682,84694310
2016-02-03,ITUB4,12.725666999816895,13.019871711730957,12.70427131652832,12.950331687927246,6.974180221557617,43207476
2016-02-04,ITUB4,13.158949851989746,13.511995315551758,12.736366271972656,13.137553215026855,7.075006008148193,42762547
2016-02-05,ITUB4,13.10545825958252,13.453153610229492,13.009173393249512,13.2659330368042,7.144142150878906,26927931
2016-02-10,ITUB4,13.094759941101074,13.346171379089355,13.02522087097168,13.330122947692871,7.178706169128418,13666988
2016-02-11,ITUB4,13.068014144897461,13.142902374267578,12.789856910705566,12.934285163879395,6.965534210205078,19976755
2016-02-12,ITUB4,13.030570030212402,13.062664985656738,12.795207023620605,13.035919189453125,7.020270824432373,19052873
2016-02-15,ITUB4,13.260583877563477,13.28732967376709,12.993125915527344,12.993125915527344,6.997225761413574,12260413
2016-02-16,ITUB4,13.02522087097168,13.528042793273926,12.92358684539795,13.308727264404297,7.167187213897705,35682192
2016-02-17,ITUB4,13.479900360107422,13.832944869995117,13.18569564819336,13.453153610229492,7.244966983795166,47510576
2016-02-18,ITUB4,13.308727264404297,13.319424629211426,13.02522087097168,13.180347442626953,7.098053455352783,34862625
2016-02-19,ITUB4,12.768461227416992,13.068014144897461,12.709620475769043,12.982426643371582,7.18221378326416,23205856
2016-02-22,ITUB4,13.346171379089355,13.586882591247559,13.239187240600586,13.506646156311035,7.472218990325928,48021496
2016-02-23,ITUB4,13.38896369934082,13.640375137329102,13.223139762878418,13.31407642364502,7.365689277648926,22705965
2016-02-24,ITUB4,13.12685489654541,13.292678833007812,12.91823673248291,13.201743125915527,7.3035430908203125,19827199
2016-02-25,ITUB4,13.073363304138184,13.447805404663086,12.982426643371582,13.212442398071289,7.309466361999512,19905716
2016-02-26,ITUB4,13.303377151489258,13.469202041625977,13.116156578063965,13.212442398071289,7.309466361999512,17601619
2016-02-29,ITUB4,13.426407814025879,13.635025978088379,13.2659330368042,13.586882591247559,7.516612529754639,39383703
2016-03-01,ITUB4,13.715263366699219,14.218085289001465,13.640375137329102,14.218085289001465,7.870459079742432,41830626
2016-03-02,ITUB4,14.228782653808594,14.597875595092773,14.030863761901855,14.54973316192627,8.054044723510742,45651221
2016-03-03,ITUB4,14.71020793914795,16.031452178955078,14.704858779907227,15.988658905029297,8.85056209564209,78392020
2016-03-04,ITUB4,15.988658905029297,17.352697372436523,15.988658905029297,16.769638061523438,9.28287124633789,94016883
2016-03-07,ITUB4,16.769638061523438,16.796382904052734,16.207975387573242,16.69474983215332,9.241426467895508,34232994
2016-03-08,ITUB4,16.62520980834961,17.320602416992188,16.48613166809082,17.069190979003906,9.448695182800293,36110670
2016-03-09,ITUB4,17.272459030151367,17.486425399780273,16.502178192138672,16.502178192138672,9.134824752807617,42538586
2016-03-10,ITUB4,16.89801788330078,17.38479232788086,16.427291870117188,17.14942741394043,9.493106842041016,49916558
2016-03-11,ITUB4,17.021047592163086,17.646900177001953,17.005001068115234,17.293855667114258,9.573057174682617,29720516
2016-03-14,ITUB4,17.395490646362305,17.759233474731445,17.138729095458984,17.2136173248291,9.528645515441895,29833991
2016-03-15,ITUB4,16.582416534423828,16.881969451904297,16.090293884277344,16.448688507080078,9.105216026306152,41867828
2016-03-16,ITUB4,16.207975387573242,16.23472023010254,15.320013046264648,15.961913108825684,8.835758209228516,50943260
2016-03-17,ITUB4,17.438283920288086,17.90900993347168,16.7375431060791,17.70574188232422,9.801056861877441,69766752
2016-03-18,ITUB4,17.673646926879883,17.812725067138672,17.28850746154785,17.753883361816406,9.827706336975098,32010218
2016-03-21,ITUB4,17.753883361816406,17.95180320739746,17.416887283325195,17.759233474731445,9.830667495727539,26401307
2016-03-22,ITUB4,17.70574188232422,17.70574188232422,17.208269119262695,17.304553985595703,9.578978538513184,26038634
2016-03-23,ITUB4,17.026397705078125,17.117332458496094,16.496829986572266,16.753589630126953,9.2739896774292,21814051
2016-03-24,ITUB4,16.26146697998047,16.60381317138672,16.26146697998047,16.577068328857422,9.17628002166748,18014020
2016-03-28,ITUB4,17.251062393188477,17.28850746154785,16.919414520263672,16.98895263671875,9.404276847839355,28095403
2016-03-29,ITUB4,17.01034927368164,17.37944221496582,16.614511489868164,17.090587615966797,9.460536003112793,24704407
2016-03-30,ITUB4,17.22431755065918,17.432933807373047,17.05849266052246,17.186872482299805,9.513839721679688,23434116
2016-03-31,ITUB4,16.69474983215332,16.69474983215332,16.69474983215332,16.69474983215332,9.241426467895508,136282
2016-04-01,ITUB4,16.801733016967773,16.801733016967773,16.801733016967773,16.801733016967773,9.305115699768066,563452
2016-04-04,ITUB4,16.619861602783203,16.726844787597656,16.14378547668457,16.21332359313965,8.979240417480469,74030
2016-04-05,ITUB4,16.12773895263672,16.496829986572266,15.7532958984375,16.245418548583984,8.997015953063965,167689
2016-04-06,ITUB4,16.020753860473633,16.18657875061035,15.683756828308105,15.780041694641113,8.739286422729492,83564
2016-04-07,ITUB4,15.99400806427002,16.181228637695312,15.806788444519043,15.951214790344238,8.834085464477539,50475
2016-04-08,ITUB4,16.42194175720215,17.10663414001465,16.368450164794922,16.956857681274414,9.39102840423584,31598565
2016-04-11,ITUB4,17.22431755065918,17.529218673706055,16.99430274963379,17.042444229125977,9.438423156738281,24115
2016-04-12,ITUB4,17.24036407470703,17.941104888916016,17.181522369384766,17.812725067138672,9.865021705627441,69730
2016-04-13,ITUB4,18.267404556274414,18.395784378051758,17.97319984436035,18.032041549682617,9.986486434936523,308459
2016-04-14,ITUB4,18.09088134765625,18.187166213989258,17.406187057495117,17.507823944091797,9.696161270141602,38703784
2016-04-15,ITUB4,17.668298721313477,17.76993179321289,17.486425399780273,17.620155334472656,9.758371353149414,32538525
2016-04-18,ITUB4,17.395490646362305,17.716440200805664,17.021047592163086,17.491775512695312,9.687274932861328,31506214
2016-04-19,ITUB4,17.652250289916992,17.802026748657227,17.406187057495117,17.58806037902832,9.74059772491455,35332
2016-04-20,ITUB4,17.465028762817383,17.465028762817383,17.090587615966797,17.261760711669922,9.559887886047363,19869449
2016-04-22,ITUB4,17.01034927368164,17.272459030151367,16.881969451904297,16.94615936279297,9.385099411010742,24075711
2016-04-25,ITUB4,16.903366088867188,17.074539184570312,16.67335319519043,16.796382904052734,9.302155494689941,13965913
2016-04-26,ITUB4,16.903366088867188,17.38479232788086,16.657304763793945,17.37944221496582,9.625060081481934,16548932
2016-04-27,ITUB4,17.486425399780273,18.010644912719727,17.438283920288086,17.97319984436035,9.953900337219238,26734256
2016-04-28,ITUB4,17.70574188232422,18.29414939880371,17.6308536529541,17.850168228149414,9.885754585266113,23876428
2016-04-29,ITUB4,17.962501525878906,18.101579666137695,17.35804557800293,17.58271026611328,9.737639427185059,36798814
2016-05-02,ITUB4,17.56131362915039,17.63620376586914,17.01569938659668,17.090587615966797,9.469408988952637,24306775
2016-05-03,ITUB4,16.62520980834961,16.63055992126465,16.090293884277344,16.106340408325195,8.92406177520752,41092380
2016-05-04,ITUB4,16.293561935424805,16.550321578979492,16.084943771362305,16.502178192138672,9.143389701843262,25735222
2016-05-05,ITUB4,16.67335319519043,16.780336380004883,16.015405654907227,16.256118774414062,9.00705337524414,19834303
2016-05-06,ITUB4,16.047500610351562,16.411243438720703,16.020753860473633,16.26146697998047,9.010010719299316,16213552
2016-05-09,ITUB4,16.13843536376953,16.480783462524414,15.721200942993164,16.363100051879883,9.066326141357422,30498768
2016-05-10,ITUB4,16.577068328857422,17.390140533447266,16.50752830505371,17.390140533447266,9.635385513305664,27755350
2016-05-11,ITUB4,17.614805221557617,17.785978317260742,17.19757080078125,17.283157348632812,9.576109886169434,27002148
2016-05-12,ITUB4,17.54526710510254,17.673646926879883,17.14942741394043,17.454330444335938,9.670944213867188,25497428
2016-05-13,ITUB4,17.341997146606445,17.454330444335938,16.619861602783203,16.796382904052734,9.306404113769531,25352733
2016-05-16,ITUB4,16.662654876708984,16.978254318237305,16.539623260498047,16.539623260498047,9.16413688659668,16270197
2016-05-17,ITUB4,16.641258239746094,16.865922927856445,16.181228637695312,16.18657875061035,8.968523979187012,20128928
2016-05-18,ITUB4,16.020753860473633,16.753589630126953,15.94051742553711,16.43798828125,9.107824325561523,27510826
2016-05-19,ITUB4,16.266815185546875,16.400545120239258,16.09564208984375,16.29891014099121,9.03076457977295,20002367
2016-05-20,ITUB4,16.480783462524414,16.55567169189453,16.0795955657959,16.090293884277344,8.91517162322998,15740955
2016-05-23,ITUB4,15.828184127807617,16.29891014099121,15.7532958984375,16.14378547668457,8.944816589355469,23141173
2016-05-24,ITUB4,16.32565689086914,16.566368103027344,15.945865631103516,16.12773895263672,8.935920715332031,12885558
2016-05-25,ITUB4,16.2882137298584,16.432640075683594,16.020753860473633,16.05284881591797,8.894429206848145,16382177
2016-05-27,ITUB4,16.047500610351562,16.293561935424805,15.881675720214844,15.892374038696289,8.805513381958008,12697491
2016-05-30,ITUB4,15.860279083251953,16.042150497436523,15.780041694641113,15.887024879455566,8.80255126953125,4769527
2016-05-31,ITUB4,15.822834968566895,15.961913108825684,15.38955307006836,15.539328575134277,8.609896659851074,60103191
2016-06-01,ITUB4,15.550027847290039,15.85492992401123,15.394902229309082,15.763994216918945,8.738893508911133,20483563
2016-06-02,ITUB4,15.801438331604004,16.047500610351562,15.533980369567871,15.999358177185059,8.869369506835938,21470446
2016-06-03,ITUB4,16.13843536376953,16.197277069091797,15.83353328704834,15.983309745788574,8.860468864440918,14172113
2016-06-06,ITUB4,16.047500610351562,16.09564208984375,15.673057556152344,15.828184127807617,8.77448558807373,12747966
2016-06-07,ITUB4,15.780041694641113,16.13843536376953,15.635614395141602,16.084943771362305,8.916810989379883,16699236
2016-06-08,ITUB4,16.175880432128906,16.502178192138672,16.149133682250977,16.331005096435547,9.05322551727295,20900824
2016-06-09,ITUB4,16.266815185546875,16.379148483276367,16.068897247314453,16.293561935424805,9.032469749450684,15030751
2016-06-10,ITUB4,16.10099220275879,16.181228637695312,15.459092140197754,15.459092140197754,8.569865226745605,26684342
2016-06-13,ITUB4,15.405599594116211,15.608867645263672,15.250473976135254,15.528631210327148,8.608416557312012,15548589
2016-06-14,ITUB4,15.544677734375,15.796089172363281,15.175585746765137,15.30396556854248,8.483871459960938,30247514
2016-06-15,ITUB4,15.341409683227539,15.59282112121582,15.025809288024902,15.22907829284668,8.442359924316406,39239007
2016-06-16,ITUB4,15.089999198913574,15.624916076660156,14.983016014099121,15.507233619689941,8.59655475616455,26521887
2016-06-17,ITUB4,15.667709350585938,15.83353328704834,15.410948753356934,15.4697904586792,8.575796127319336,29313536
2016-06-20,ITUB4,15.715851783752441,15.929818153381348,15.614217758178711,15.726550102233887,8.718134880065918,28725407
2016-06-21,ITUB4,15.43234634399414,15.721200942993164,15.314663887023926,15.721200942993164,8.715166091918945,26254929
2016-06-22,ITUB4,15.699804306030273,15.908422470092773,15.38955307006836,15.448392868041992,8.56393814086914,23824831
2016-06-23,ITUB4,15.614217758178711,16.10099220275879,15.501885414123535,16.047500610351562,8.896058082580566,20487115
2016-06-24,ITUB4,15.512582778930664,15.769343376159668,15.346758842468262,15.485837936401367,8.584692001342773,33130019
2016-06-27,ITUB4,15.544677734375,15.576772689819336,14.897429466247559,14.966967582702637,8.297052383422852,26590869
2016-06-28,ITUB4,15.261173248291016,15.528631210327148,15.196983337402344,15.49118709564209,8.587662696838379,23885027
2016-06-29,ITUB4,15.721200942993164,15.91377067565918,15.598170280456543,15.838883399963379,8.78040599822998,25256643
2016-06-30,ITUB4,15.81213665008545,16.32565689086914,15.747946739196777,16.207975387573242,8.985020637512207,39268918
2016-07-01,ITUB4,16.266815185546875,16.577068328857422,16.047500610351562,16.534273147583008,9.17044734954834,37093439
2016-07-04,ITUB4,16.62520980834961,16.700098037719727,16.427291870117188,16.523576736450195,9.16451358795166,6881819
2016-07-05,ITUB4,16.368450164794922,16.496829986572266,16.26146697998047,16.405893325805664,9.0992431640625,13175322
2016-07-06,ITUB4,16.26146697998047,16.518226623535156,16.07424545288086,16.470083236694336,9.134842872619629,14127620
2016-07-07,ITUB4,16.55567169189453,16.87662124633789,16.368450164794922,16.635908126831055,9.226814270019531,17326436
2016-07-08,ITUB4,16.823129653930664,17.128032684326172,16.753589630126953,17.085237503051758,9.476025581359863,22359369
2016-07-11,ITUB4,17.160127639770508,17.37409210205078,17.042444229125977,17.251062393188477,9.567995071411133,17390558
2016-07-12,ITUB4,17.411537170410156,17.51852035522461,17.026397705078125,17.10663414001465,9.487897872924805,28032402
2016-07-13,ITUB4,17.07988929748535,17.470378875732422,17.026397705078125,17.459680557250977,9.683707237243652,21054493
2016-07-14,ITUB4,17.785978317260742,17.989248275756836,17.662948608398438,17.9571533203125,9.959615707397461,37093626
2016-07-15,ITUB4,17.919708251953125,18.015993118286133,17.711090087890625,17.898311614990234,9.926980018615723,22014643
2016-07-18,ITUB4,17.967851638793945,18.27810287475586,17.844820022583008,18.203214645385742,10.096091270446777,18419316
2016-07-19,ITUB4,18.080184936523438,18.29414939880371,18.037389755249023,18.09623146057129,10.036752700805664,16590247
2016-07-20,ITUB4,18.176469802856445,18.45462417602539,18.032041549682617,18.379737854003906,10.194001197814941,24738244
2016-07-21,ITUB4,18.379737854003906,18.486719131469727,17.79667854309082,18.13367462158203,10.057523727416992,29257453
2016-07-22,ITUB4,18.085533142089844,18.39043426513672,18.005294799804688,18.246007919311523,10.119828224182129,14197724
2016-07-25,ITUB4,18.240659713745117,18.385086059570312,17.978548049926758,18.106929779052734,10.042691230773926,9988097
2016-07-26,ITUB4,18.13367462158203,18.272754669189453,17.876914978027344,17.876914978027344,9.91511344909668,13956565
2016-07-27,ITUB4,17.97319984436035,18.235309600830078,17.892963409423828,17.946453094482422,9.953683853149414,19285620
2016-07-28,ITUB4,17.93575668334961,17.93575668334961,17.577362060546875,17.74853515625,9.843914031982422,25702320
2016-07-29,ITUB4,17.604108810424805,18.165769577026367,17.604108810424805,18.0748348236084,10.024887084960938,22194110
2016-08-01,ITUB4,18.053438186645508,18.240659713745117,17.818073272705078,17.88226318359375,9.9224853515625,17309237
2016-08-02,ITUB4,17.892963409423828,18.358339309692383,17.8394718170166,18.09623146057129,10.041215896606445,38310078
2016-08-03,ITUB4,17.983898162841797,18.8504638671875,17.97319984436035,18.8504638671875,10.459716796875,41499546
2016-08-04,ITUB4,18.98954200744629,19.289094924926758,18.930700302124023,18.957447052001953,10.519084930419922,31799905
2016-08-05,ITUB4,19.15001678466797,19.16606330871582,18.615100860595703,18.84511375427246,10.456755638122559,22224208
2016-08-08,ITUB4,18.673940658569336,18.946748733520508,18.657894134521484,18.722084045410156,10.388481140136719,17160616
2016-08-09,ITUB4,18.855812072753906,19.000240325927734,18.754179000854492,18.7595272064209,10.409262657165527,15040659
2016-08-10,ITUB4,18.82906723022461,18.96279525756836,18.406482696533203,18.604402542114258,10.3231840133667,19489950
2016-08-11,ITUB4,18.775575637817383,19.096525192260742,18.609750747680664,19.08047866821289,10.58735179901123,22349648
2016-08-12,ITUB4,19.096525192260742,19.342586517333984,19.01628875732422,19.224905014038086,10.667491912841797,20185386
2016-08-15,ITUB4,19.144668579101562,19.476316452026367,19.069778442382812,19.428173065185547,10.901309967041016,17211839
2016-08-16,ITUB4,19.31049156188965,19.53515625,19.267698287963867,19.347936630249023,10.85628890991211,26356066
2016-08-17,ITUB4,19.31049156188965,19.60469627380371,19.155366897583008,19.60469627380371,11.00035285949707,27314907
2016-08-18,ITUB4,19.481664657592773,19.67423439025879,19.3265380859375,19.567251205444336,10.97934627532959,19306370
2016-08-19,ITUB4,19.4174747467041,19.551204681396484,19.21955680847168,19.438871383666992,10.90731143951416,16847296
2016-08-22,ITUB4,19.347936630249023,19.40142822265625,19.01628875732422,19.064430236816406,10.69720458984375,12684779
2016-08-23,ITUB4,19.187461853027344,19.37468147277832,18.952098846435547,19.03233528137207,10.679195404052734,14814082
2016-08-24,ITUB4,18.855812072753906,19.133968353271484,18.716733932495117,18.94139862060547,10.62817668914795,22487800
2016-08-25,ITUB4,18.925352096557617,19.117921829223633,18.786273956298828,18.882558822631836,10.595157623291016,16346283
2016-08-26,ITUB4,19.00558853149414,19.35863494873047,18.898605346679688,19.112573623657227,10.724225044250488,18366785
2016-08-29,ITUB4,19.043033599853516,19.57794952392578,19.00558853149414,19.449569702148438,10.913313865661621,12148620
2016-08-30,ITUB4,19.470966339111328,19.620744705200195,19.342586517333984,19.57794952392578,10.985344886779785,8184639
2016-08-31,ITUB4,19.631441116333008,19.733076095581055,18.98954200744629,19.1767635345459,10.760236740112305,31667735
2016-09-01,ITUB4,19.123271942138672,19.53515625,19.03233528137207,19.35863494873047,10.866836547851562,24332574
2016-09-02,ITUB4,19.449569702148438,19.78656768798828,19.449569702148438,19.642139434814453,11.025978088378906,22673624
2016-09-05,ITUB4,19.647489547729492,19.79191780090332,19.529808044433594,19.647489547729492,11.02897834777832,5983174
2016-09-06,ITUB4,19.73842430114746,19.83470916748047,19.433523178100586,19.83470916748047,11.134073257446289,13571272
2016-09-08,ITUB4,19.65283966064453,19.759822845458984,19.551204681396484,19.599346160888672,11.001951217651367,22690262
2016-09-09,ITUB4,19.321189880371094,19.37468147277832,18.770225524902344,18.855812072753906,10.584576606750488,25391243
2016-09-12,ITUB4,18.818368911743164,19.16606330871582,18.62044906616211,19.10187339782715,10.722702026367188,21451190
2016-09-13,ITUB4,18.903955459594727,19.01628875732422,18.52951431274414,18.722084045410156,10.509506225585938,32136219
2016-09-14,ITUB4,18.7327823638916,18.952098846435547,18.673940658569336,18.738130569458008,10.518514633178711,19043339
2016-09-15,ITUB4,18.82906723022461,19.24095344543457,18.7595272064209,19.144668579101562,10.746726989746094,21254337
2016-09-16,ITUB4,19.048383712768555,19.091175079345703,18.593704223632812,18.71138572692871,10.503500938415527,27323881
2016-09-19,ITUB4,18.930700302124023,19.08047866821289,18.748828887939453,18.84511375427246,10.578571319580078,13582488
2016-09-20,ITUB4,18.9681453704834,19.133968353271484,18.839765548706055,18.887908935546875,10.602598190307617,9553824
2016-09-21,ITUB4,19.096525192260742,19.17141342163086,18.583005905151367,19.069778442382812,10.704682350158691,27795730
2016-09-22,ITUB4,19.251651763916016,19.56190299987793,19.17141342163086,19.37468147277832,10.87584400177002,16918522
2016-09-23,ITUB4,19.363983154296875,19.42282485961914,19.133968353271484,19.3265380859375,10.848812103271484,11186788
2016-09-26,ITUB4,19.10187339782715,19.21955680847168,19.02698516845703,19.1767635345459,10.764739990234375,14829599
2016-09-27,ITUB4,19.24095344543457,19.4174747467041,18.96279525756836,19.39607810974121,10.887856483459473,23673780
2016-09-28,ITUB4,19.4174747467041,19.636791229248047,19.256999969482422,19.53515625,10.96592903137207,20488985
2016-09-29,ITUB4,19.57794952392578,19.695632934570312,19.02698516845703,19.037683486938477,10.686660766601562,24189187
2016-09-30,ITUB4,19.123271942138672,19.256999969482422,18.898605346679688,19.000240325927734,10.665651321411133,29053309
2016-10-03,ITUB4,18.98954200744629,19.497713088989258,18.98954200744629,19.44422149658203,10.919492721557617,26738182
2016-10-04,ITUB4,19.503061294555664,19.706329345703125,19.390729904174805,19.615394592285156,11.015619277954102,49947217
2016-10-05,ITUB4,19.684934616088867,20.08612060546875,19.642139434814453,20.000534057617188,11.231901168823242,24211807
2016-10-06,ITUB4,19.96843910217285,20.25194549560547,19.936344146728516,20.166358947753906,11.325031280517578,18793954
2016-10-07,ITUB4,20.326833724975586,20.423118591308594,20.06472396850586,20.353578567504883,11.430166244506836,21320142
2016-10-10,ITUB4,20.5461483001709,20.6370849609375,20.326833724975586,20.380325317382812,11.445185661315918,14760429
2016-10-11,ITUB4,20.31613540649414,20.417768478393555,20.166358947753906,20.3107852935791,11.406126976013184,28362547
2016-10-13,ITUB4,20.24659538269043,20.674528121948242,20.06472396850586,20.540800094604492,11.535305976867676,34143073
2016-10-14,ITUB4,20.733369827270508,21.02757453918457,20.669179916381836,20.931289672851562,11.754594802856445,23805576
2016-10-17,ITUB4,20.974082946777344,21.39131736755371,20.829654693603516,21.39131736755371,12.012943267822266,28465741
2016-10-18,ITUB4,21.359222412109375,21.771108627319336,21.129743576049805,21.688730239868164,12.179953575134277,24643089
2016-10-19,ITUB4,21.565166473388672,21.706384658813477,21.27096176147461,21.33568572998047,11.98169994354248,15662931
2016-10-20,ITUB4,21.141511917114258,21.624006271362305,21.012062072753906,21.40041160583496,12.018040657043457,17454034
2016-10-21,ITUB4,21.312149047851562,21.51809310913086,21.200353622436523,21.3651065826416,11.998217582702637,11124587
2016-10-24,ITUB4,21.523977279663086,21.529861450195312,21.129743576049805,21.18269920349121,11.895784378051758,15957625
2016-10-25,ITUB4,21.1062068939209,21.25330924987793,20.788467407226562,21.070903778076172,11.833005905151367,14272570
2016-10-26,ITUB4,20.935569763183594,21.31803321838379,20.85907554626465,21.200353622436523,11.90570068359375,17106827
2016-10-27,ITUB4,21.23565673828125,21.865253448486328,21.212120056152344,21.653427124023438,12.160136222839355,19029301
2016-10-28,ITUB4,21.594585418701172,21.965282440185547,21.459251403808594,21.835834503173828,12.262567520141602,16462546
2016-10-31,ITUB4,22.453662872314453,22.85378074645996,22.347749710083008,22.594879150390625,12.688835144042969,35586680
2016-11-01,ITUB4,22.78905487060547,22.78905487060547,21.788761138916016,21.918210983276367,12.313648223876953,30131455
2016-11-03,ITUB4,21.771108627319336,22.271255493164062,21.44748306274414,21.44748306274414,12.049185752868652,27774928
2016-11-04,ITUB4,21.50044059753418,22.024124145507812,21.33568572998047,21.624006271362305,12.148364067077637,23391408
2016-11-07,ITUB4,22.07708168029785,22.536039352416992,21.924095153808594,22.400705337524414,12.584705352783203,19227293
2016-11-08,ITUB4,22.400705337524414,22.794939041137695,22.147689819335938,22.453662872314453,12.614457130432129,16246880
2016-11-09,ITUB4,21.53574562072754,22.3242130279541,21.476903915405273,21.735803604125977,12.211159706115723,33063942
2016-11-10,ITUB4,21.70050048828125,21.941747665405273,20.341276168823242,20.653133392333984,11.602920532226562,49992152
2016-11-11,ITUB4,20.388349533081055,20.982641220092773,20.14710235595703,20.388349533081055,11.454167366027832,45103030
2016-11-14,ITUB4,20.217710494995117,20.735509872436523,19.952926635742188,20.26478385925293,11.384749412536621,29660863
2016-11-16,ITUB4,20.747278213500977,21.265077590942383,20.370697021484375,21.265077590942383,11.946709632873535,32550693
2016-11-17,ITUB4,21.44748306274414,21.44748306274414,20.517799377441406,20.629596710205078,11.589695930480957,26527155
2016-11-18,ITUB4,20.547218322753906,21.112091064453125,20.547218322753906,20.82377052307129,11.698783874511719,15649845
2016-11-21,ITUB4,20.976757049560547,21.100322723388672,20.817886352539062,20.994409561157227,11.794652938842773,20891273
2016-11-22,ITUB4,21.300382614135742,21.376874923706055,20.782583236694336,21.065019607543945,11.834319114685059,21853190
2016-11-23,ITUB4,20.94145393371582,21.123859405517578,20.670785903930664,20.8708438873291,11.725237846374512,11968728
2016-11-24,ITUB4,20.935569763183594,20.947336196899414,20.582523345947266,20.653133392333984,11.602920532226562,6520301
2016-11-25,ITUB4,20.400117874145508,20.59429168701172,20.31185531616211,20.51191520690918,11.523584365844727,13619283
2016-11-28,ITUB4,20.517799377441406,21.02383041381836,20.353044509887695,20.947336196899414,11.768204689025879,12495063
2016-11-29,ITUB4,20.800235748291016,20.90614891052246,20.44130516052246,20.44130516052246,11.483918190002441,12408049
2016-11-30,ITUB4,20.711973190307617,21.18269920349121,20.68843650817871,20.84142303466797,11.708698272705078,21543201
2016-12-01,ITUB4,19.888202667236328,19.888202667236328,19.888202667236328,19.888202667236328,11.177913665771484,40584060
2016-12-02,ITUB4,19.676374435424805,20.36481285095215,19.441011428833008,19.970579147338867,11.22421932220459,22441557
2016-12-05,ITUB4,20.041187286376953,20.16475486755371,19.770519256591797,19.89996910095215,11.184532165527344,11847554
2016-12-06,ITUB4,19.776403427124023,20.32950782775879,19.658723831176758,20.16475486755371,11.333346366882324,20553073
2016-12-07,ITUB4,20.417768478393555,20.417768478393555,19.894086837768555,20.005884170532227,11.244057655334473,23717882
2016-12-08,ITUB4,20.241247177124023,20.241247177124023,19.823476791381836,19.888202667236328,11.177913665771484,15535639
2016-12-09,ITUB4,20.17652130126953,20.182405471801758,19.829360961914062,19.94704246520996,11.210996627807617,30086758
2016-12-12,ITUB4,19.68225860595703,19.823476791381836,19.011472702026367,19.123271942138672,10.748002052307129,38592585
2016-12-13,ITUB4,19.011472702026367,19.48808479309082,18.987937927246094,19.211532592773438,10.797609329223633,35170812
2016-12-14,ITUB4,19.129154205322266,19.558692932128906,19.129154205322266,19.17034339904785,10.774455070495605,25901569
2016-12-15,ITUB4,19.123271942138672,19.293909072875977,18.74669075012207,19.09385108947754,10.731464385986328,29999743
2016-12-16,ITUB4,19.246837615966797,19.311561584472656,18.752574920654297,18.752574920654297,10.53964900970459,23767337
2016-12-19,ITUB4,18.82906723022461,18.970285415649414,18.246543884277344,18.246543884277344,10.25524616241455,23142431
2016-12-20,ITUB4,18.476022720336914,18.91144371032715,18.358339309692383,18.71138572692871,10.516504287719727,24209037
2016-12-21,ITUB4,18.887908935546875,18.905559539794922,18.58193588256836,18.705501556396484,10.513197898864746,16264045
2016-12-22,ITUB4,18.71138572692871,18.91144371032715,18.587818145751953,18.85848617553711,10.599181175231934,25601777
2016-12-23,ITUB4,18.740806579589844,19.27037239074707,18.71138572692871,19.105619430541992,10.898367881774902,20938689
2016-12-26,ITUB4,19.129154205322266,19.35863494873047,19.129154205322266,19.258604049682617,10.985638618469238,4838136
2016-12-27,ITUB4,19.4174747467041,19.4174747467041,19.052661895751953,19.246837615966797,10.978931427001953,13612825
2016-12-28,ITUB4,19.22330093383789,19.79994010925293,19.22330093383789,19.69991111755371,11.237373352050781,11636306
2016-12-29,ITUB4,19.705795288085938,19.941158294677734,19.511621475219727,19.917621612548828,11.361564636230469,13063036
2017-01-02,ITUB4,19.68225860595703,19.85289764404297,19.599882125854492,19.729331970214844,11.259143829345703,3518134
2017-01-03,ITUB4,19.9117374420166,20.57663917541504,19.876434326171875,20.56487274169922,11.735974311828613,28568595
2017-01-04,ITUB4,20.47661018371582,20.729625701904297,20.423654556274414,20.653133392333984,11.786337852478027,15430610
2017-01-05,ITUB4,20.647249221801758,21.17093276977539,20.482494354248047,20.935569763183594,11.947531700134277,24913310
2017-01-06,ITUB4,20.912031173706055,21.1062068939209,20.717857360839844,21.00617790222168,11.987812042236328,15881997
2017-01-09,ITUB4,20.800235748291016,21.18269920349121,20.700204849243164,21.1062068939209,12.044898986816406,18244302
2017-01-10,ITUB4,21.241540908813477,21.376874923706055,20.929685592651367,21.035598754882812,12.00460147857666,13312693
2017-01-11,ITUB4,21.176816940307617,21.27096176147461,20.85907554626465,21.0767879486084,12.028118133544922,13097536
2017-01-12,ITUB4,21.53574562072754,21.682846069335938,21.359222412109375,21.61223793029785,12.333680152893066,24436430
2017-01-13,ITUB4,21.53574562072754,21.724035263061523,21.02383041381836,21.17093276977539,12.081839561462402,11838547
2017-01-16,ITUB4,21.17093276977539,21.25330924987793,21.00617790222168,21.188583374023438,12.091906547546387,6335566
2017-01-17,ITUB4,21.123859405517578,21.806413650512695,21.05913543701172,21.759340286254883,12.41762924194336,17689925
2017-01-18,ITUB4,21.8593692779541,21.8593692779541,21.488672256469727,21.588701248168945,12.3202486038208,13666699
2017-01-19,ITUB4,21.6004695892334,21.835834503173828,21.294498443603516,21.471019744873047,12.253093719482422,14702204
2017-01-20,ITUB4,21.588701248168945,21.735803604125977,21.3651065826416,21.53574562072754,12.29002857208252,18337605
2017-01-23,ITUB4,21.506324768066406,22.25948715209961,21.44748306274414,22.25948715209961,12.703056335449219,22194280
2017-01-24,ITUB4,22.153573989868164,22.330097198486328,21.906442642211914,22.206531524658203,12.67284107208252,19308529
2017-01-26,ITUB4,22.359516143798828,22.67137336730957,22.3242130279541,22.50661849975586,12.844086647033691,23296406
2017-01-27,ITUB4,22.594879150390625,22.700794219970703,22.330097198486328,22.38893699645996,12.77692699432373,15538358
2017-01-30,ITUB4,22.271255493164062,22.353633880615234,21.776992797851562,21.91232681274414,12.5049409866333,11864379
2017-01-31,ITUB4,21.924095153808594,22.04766082763672,21.676963806152344,21.91232681274414,12.5049409866333,19136200
2017-02-01,ITUB4,22.0947322845459,22.271255493164062,22.01235580444336,22.135921478271484,12.637626647949219,23350960
2017-02-02,ITUB4,21.935863494873047,22.25948715209961,21.541629791259766,22.071197509765625,12.600675582885742,24467701
2017-02-03,ITUB4,22.059429168701172,22.72433090209961,22.024124145507812,22.530155181884766,12.86270809173584,23920122
2017-02-06,ITUB4,22.536039352416992,22.765518188476562,22.335981369018555,22.365400314331055,12.768641471862793,14699315
2017-02-07,ITUB4,23.136215209960938,23.271549224853516,22.730213165283203,22.800823211669922,13.017230987548828,38537182
2017-02-08,ITUB4,22.8184757232666,23.389232635498047,22.677257537841797,23.389232635498047,13.3531494140625,32613914
2017-02-09,ITUB4,23.353927612304688,23.82465362548828,23.177404403686523,23.495145797729492,13.413629531860352,33721139
2017-02-10,ITUB4,23.501028060913086,23.683435440063477,23.30097007751465,23.571638107299805,13.457293510437012,35535695
2017-02-13,ITUB4,23.654014587402344,23.812885284423828,23.224477767944336,23.459840774536133,13.39346694946289,15126399
2017-02-14,ITUB4,23.459840774536133,23.654014587402344,23.289201736450195,23.536333084106445,13.437145233154297,21526206
2017-02-15,ITUB4,23.736392974853516,24.524860382080078,23.648130416870117,24.524860382080078,14.001497268676758,43222533
2017-02-16,ITUB4,24.330684661865234,24.713150024414062,23.97764015197754,24.048248291015625,13.729402542114258,28074720
2017-02-17,ITUB4,23.865842819213867,24.12474250793457,23.71285629272461,24.036481857299805,13.722683906555176,15904430
2017-02-20,ITUB4,24.16004753112793,24.330684661865234,24.048248291015625,24.148277282714844,13.78650188446045,7429024
2017-02-21,ITUB4,24.012943267822266,24.112974166870117,23.771696090698242,24.036481857299805,13.986946105957031,15926864
2017-02-22,ITUB4,23.97764015197754,24.136510848999023,23.818769454956055,24.10708999633789,14.028036117553711,16952682
2017-02-23,ITUB4,24.248308181762695,24.424829483032227,23.57752227783203,23.742277145385742,13.815746307373047,27570648
2017-02-24,ITUB4,23.477493286132812,23.759929656982422,23.36569595336914,23.553985595703125,13.706185340881348,10750527
2017-03-01,ITUB4,23.671667098999023,23.783464431762695,23.430419921875,23.506912231445312,13.683908462524414,14542791
2017-03-02,ITUB4,23.418651580810547,23.536333084106445,23.11856460571289,23.26566505432129,13.543482780456543,14514749
2017-03-03,ITUB4,23.418651580810547,23.689319610595703,23.289201736450195,23.689319610595703,13.790096282958984,10726224
2017-03-06,ITUB4,23.542217254638672,23.8070011138916,23.342159271240234,23.59517478942871,13.735291481018066,14110098
2017-03-07,ITUB4,23.701087951660156,23.701087951660156,23.0538387298584,23.20094108581543,13.505805015563965,13099406
2017-03-08,ITUB4,23.242130279541016,23.248014450073242,22.800823211669922,22.9361572265625,13.351659774780273,14638473
2017-03-09,ITUB4,22.859664916992188,23.153867721557617,22.712562561035156,23.006765365600586,13.392762184143066,15190640
2017-03-10,ITUB4,23.124448776245117,23.453956604003906,22.86554718017578,23.01853370666504,13.399622917175293,15942329
2017-03-13,ITUB4,23.159751892089844,23.518680572509766,23.106796264648438,23.436304092407227,13.642807960510254,11098924
2017-03-14,ITUB4,23.33039093017578,23.654014587402344,23.206825256347656,23.206825256347656,13.509227752685547,14875383
2017-03-15,ITUB4,23.359811782836914,23.553985595703125,22.947925567626953,23.430419921875,13.639394760131836,24308288
2017-03-16,ITUB4,23.44807243347168,23.524566650390625,22.947925567626953,23.130332946777344,13.464698791503906,23336684
2017-03-17,ITUB4,23.359811782836914,23.36569595336914,22.465431213378906,22.465431213378906,13.07763957977295,33753599
2017-03-20,ITUB4,22.38893699645996,22.812591552734375,22.247718811035156,22.712562561035156,13.221500396728516,20169326
2017-03-21,ITUB4,22.641952514648438,22.77140235900879,21.89467430114746,22.22418212890625,12.93720817565918,27096828
2017-03-22,ITUB4,22.12415313720703,22.700794219970703,22.07708168029785,22.40658950805664,13.043395042419434,14593436
2017-03-23,ITUB4,22.100616455078125,22.459545135498047,22.071197509765625,22.283023834228516,12.971458435058594,14751660
2017-03-24,ITUB4,22.359516143798828,22.594879150390625,22.188879013061523,22.52427101135254,13.111897468566895,11084139
2017-03-27,ITUB4,22.335981369018555,22.712562561035156,22.171226501464844,22.68902587890625,13.207809448242188,10561542
2017-03-28,ITUB4,22.57134437561035,22.765518188476562,22.353633880615234,22.612533569335938,13.163275718688965,16415980
2017-03-29,ITUB4,22.547807693481445,23.059722900390625,22.536039352416992,22.947925567626953,13.358515739440918,13415683
2017-03-30,ITUB4,23.095027923583984,23.095027923583984,22.553691864013672,22.677257537841797,13.200956344604492,17325382
2017-03-31,ITUB4,22.518386840820312,22.718446731567383,22.300676345825195,22.300676345825195,12.981735229492188,16325906
2017-04-03,ITUB4,22.353633880615234,22.694910049438477,22.24183464050293,22.665489196777344,13.199326515197754,19260773
2017-04-04,ITUB4,22.583112716674805,22.85378074645996,22.494850158691406,22.783170700073242,13.26785659790039,16438243
2017-04-05,ITUB4,22.90085220336914,22.9361572265625,22.206531524658203,22.365400314331055,13.024567604064941,15706439
2017-04-06,ITUB4,22.300676345825195,22.488967895507812,22.018239974975586,22.188879013061523,12.921770095825195,17476298
2017-04-07,ITUB4,22.188879013061523,22.630184173583984,22.0653133392334,22.359516143798828,13.021134376525879,15351243
2017-04-10,ITUB4,22.359516143798828,22.50661849975586,22.0653133392334,22.318328857421875,12.997159957885742,22004616
2017-04-11,ITUB4,22.418357849121094,22.553691864013672,21.935863494873047,22.27713966369629,12.973170280456543,19661345
2017-04-12,ITUB4,22.27713966369629,22.483083724975586,22.10650062561035,22.247718811035156,12.956031799316406,21652479
2017-04-13,ITUB4,22.12415313720703,22.288908004760742,21.841718673706055,21.841718673706055,12.719600677490234,15123510
2017-04-17,ITUB4,21.977052688598633,22.859664916992188,21.906442642211914,22.8184757232666,13.28842830657959,18165445
2017-04-18,ITUB4,22.70667839050293,22.91850471496582,22.494850158691406,22.73609733581543,13.240447998046875,19971504
2017-04-19,ITUB4,22.859664916992188,22.88908576965332,22.447778701782227,22.536039352416992,13.123945236206055,14120975
2017-04-20,ITUB4,22.65372085571289,22.800823211669922,22.12415313720703,22.206531524658203,12.932052612304688,16887421
2017-04-24,ITUB4,22.65372085571289,22.800823211669922,22.453662872314453,22.63606834411621,13.182190895080566,21389907
2017-04-25,ITUB4,22.536039352416992,22.830244064331055,22.383052825927734,22.783170700073242,13.26785659790039,13224999
2017-04-26,ITUB4,22.618417739868164,23.112680435180664,22.618417739868164,22.824359893798828,13.291841506958008,14693027
2017-04-27,ITUB4,23.042070388793945,23.248014450073242,22.906736373901367,22.95380973815918,13.367226600646973,41058730
2017-04-28,ITUB4,22.947925567626953,23.16563606262207,22.765518188476562,23.10091209411621,13.452899932861328,18621761
2017-05-02,ITUB4,23.30097007751465,23.624595642089844,23.242130279541016,23.565753936767578,13.728846549987793,37004233
2017-05-03,ITUB4,23.67755126953125,23.683435440063477,22.97146224975586,23.177404403686523,13.502601623535156,32877507
2017-05-04,ITUB4,23.153867721557617,23.271549224853516,22.34186553955078,22.418357849121094,13.060388565063477,22975370
2017-05-05,ITUB4,22.530155181884766,22.830244064331055,22.3242130279541,22.77140235900879,13.266073226928711,19536772
2017-05-08,ITUB4,22.60076332092285,22.994998931884766,22.60076332092285,22.824359893798828,13.29692554473877,13822373
2017-05-09,ITUB4,22.9361572265625,23.006765365600586,22.777286529541016,22.88319969177246,13.331207275390625,9159625
2017-05-10,ITUB4,23.124448776245117,23.171520233154297,22.88319969177246,22.994998931884766,13.396333694458008,13648004
2017-05-11,ITUB4,23.089143753051758,23.477493286132812,22.965578079223633,23.389232635498047,13.626011848449707,14431984
2017-05-12,ITUB4,23.53045082092285,23.654014587402344,23.34804344177246,23.61282730102539,13.756274223327637,31983570
2017-05-15,ITUB4,23.624595642089844,23.79523277282715,23.459840774536133,23.71285629272461,13.814547538757324,16124516
2017-05-16,ITUB4,23.742277145385742,23.79523277282715,23.453956604003906,23.683435440063477,13.797395706176758,18406604
2017-05-17,ITUB4,23.436304092407227,23.61282730102539,23.030302047729492,23.20094108581543,13.516316413879395,23234714
2017-05-18,ITUB4,18.652544021606445,21.147396087646484,18.652544021606445,20.4060001373291,11.888044357299805,118871187
2017-05-19,ITUB4,21.035598754882812,21.429832458496094,20.676668167114258,20.935569763183594,12.196565628051758,49512213
2017-05-22,ITUB4,20.706090927124023,20.747278213500977,20.21182632446289,20.523683547973633,11.956609725952148,40695037
2017-05-23,ITUB4,20.68843650817871,21.05913543701172,20.6119441986084,20.847307205200195,12.14514446258545,32435297
2017-05-24,ITUB4,20.900264739990234,21.40041160583496,20.900264739990234,21.017946243286133,12.244559288024902,32488831
2017-05-25,ITUB4,21.17093276977539,21.247425079345703,20.488378524780273,20.62371253967285,12.014881134033203,36872182
2017-05-26,ITUB4,20.84142303466797,21.28861427307129,20.835538864135742,21.18269920349121,12.340534210205078,30849493
2017-05-29,ITUB4,21.18269920349121,21.18269920349121,21.18269920349121,21.18269920349121,12.340534210205078,0
2017-05-30,ITUB4,21.05913543701172,21.229772567749023,21.02383041381836,21.141511917114258,12.316533088684082,9089095
2017-05-31,ITUB4,21.1062068939209,21.312149047851562,20.900264739990234,20.917917251586914,12.186275482177734,22167088
2017-06-01,ITUB4,20.994409561157227,21.0767879486084,20.570756912231445,20.670785903930664,12.04738712310791,15306716
2017-06-02,ITUB4,20.876728057861328,20.994409561157227,20.670785903930664,20.876728057861328,12.1674165725708,15952186
2017-06-05,ITUB4,20.75904655456543,21.11797523498535,20.711973190307617,20.853191375732422,12.153695106506348,14381338
2017-06-06,ITUB4,20.835538864135742,21.282730102539062,20.770814895629883,21.188583374023438,12.34916877746582,21311050
2017-06-07,ITUB4,21.388643264770508,21.635774612426758,21.347454071044922,21.53574562072754,12.551504135131836,17655255
2017-06-08,ITUB4,21.46513557434082,21.471019744873047,21.129743576049805,21.312149047851562,12.421188354492188,15610247
2017-06-09,ITUB4,21.41806411743164,21.471019744873047,20.947336196899414,20.976757049560547,12.22571849822998,18519111
2017-06-12,ITUB4,20.917917251586914,21.00617790222168,20.694320678710938,20.976757049560547,12.22571849822998,16405953
2017-06-13,ITUB4,21.017946243286133,21.259193420410156,21.00617790222168,21.23565673828125,12.376601219177246,17368210
2017-06-14,ITUB4,21.347454071044922,21.659311294555664,21.28861427307129,21.423948287963867,12.486348152160645,35138352
2017-06-15,ITUB4,21.423948287963867,21.423948287963867,21.423948287963867,21.423948287963867,12.486348152160645,0
2017-06-16,ITUB4,21.347454071044922,21.359222412109375,21.0767879486084,21.27096176147461,12.397187232971191,28458807
2017-06-19,ITUB4,21.27096176147461,21.529861450195312,21.129743576049805,21.38275909423828,12.462346076965332,10294211
2017-06-20,ITUB4,21.300382614135742,21.388643264770508,20.853191375732422,20.912031173706055,12.18799114227295,19120734
2017-06-21,ITUB4,21.035598754882812,21.08855438232422,20.747278213500977,20.935569763183594,12.201713562011719,12724326
2017-06-22,ITUB4,21.012062072753906,21.129743576049805,20.882612228393555,20.95322036743164,12.211997985839844,15328640
2017-06-23,ITUB4,20.959104537963867,21.065019607543945,20.835538864135742,20.882612228393555,12.170843124389648,11222988
2017-06-26,ITUB4,21.065019607543945,21.529861450195312,20.947336196899414,21.471019744873047,12.513782501220703,16999928
2017-06-27,ITUB4,21.459251403808594,21.54751205444336,21.11797523498535,21.276845932006836,12.400614738464355,17320624
2017-06-28,ITUB4,21.41806411743164,21.41806411743164,21.029714584350586,21.27096176147461,12.397187232971191,12994207
2017-06-29,ITUB4,21.41806411743164,21.4827880859375,21.194467544555664,21.4827880859375,12.52064037322998,13009672
2017-06-30,ITUB4,21.559282302856445,21.753456115722656,21.488672256469727,21.624006271362305,12.602946281433105,14216317
2017-07-03,ITUB4,21.72991943359375,21.82994842529297,21.641658782958984,21.818180084228516,12.721309661865234,8302737
2017-07-04,ITUB4,21.771108627319336,21.871137619018555,21.712268829345703,21.72991943359375,12.669848442077637,4127235
2017-07-05,ITUB4,21.78287696838379,21.91232681274414,21.55339813232422,21.788761138916016,12.70414924621582,11523289
2017-07-06,ITUB4,21.724035263061523,21.771108627319336,21.412179946899414,21.4827880859375,12.525753021240234,17977990
2017-07-07,ITUB4,21.688730239868164,21.688730239868164,21.15328025817871,21.276845932006836,12.405677795410156,27025958
2017-07-10,ITUB4,21.294498443603516,21.53574562072754,21.28861427307129,21.44748306274414,12.505167961120605,11898709
2017-07-11,ITUB4,21.476903915405273,21.841718673706055,21.376874923706055,21.771108627319336,12.693863868713379,14048746
2017-07-12,ITUB4,21.888790130615234,22.135921478271484,21.46513557434082,22.006471633911133,12.831094741821289,37422480
2017-07-13,ITUB4,22.088848114013672,22.182994842529297,21.941747665405273,22.0653133392334,12.865396499633789,15281564
2017-07-14,ITUB4,22.182994842529297,22.200647354125977,21.835834503173828,22.112384796142578,12.89284896850586,15371467
2017-07-17,ITUB4,22.03000831604004,22.082965850830078,21.80052947998047,21.900558471679688,12.769339561462402,13381183
2017-07-18,ITUB4,21.888790130615234,21.971166610717773,21.741687774658203,21.924095153808594,12.783052444458008,13155149
2017-07-19,ITUB4,22.088848114013672,22.088848114013672,21.594585418701172,21.606353759765625,12.597800254821777,14027163
2017-07-20,ITUB4,21.606353759765625,21.812297821044922,21.55339813232422,21.62989044189453,12.611526489257812,16220028
2017-07-21,ITUB4,21.594585418701172,21.741687774658203,21.506324768066406,21.635774612426758,12.61495304107666,13100595
2017-07-24,ITUB4,21.706384658813477,21.84760284423828,21.6004695892334,21.771108627319336,12.693863868713379,9780452
2017-07-25,ITUB4,21.8593692779541,22.041776657104492,21.682846069335938,21.824064254760742,12.724739074707031,18718632
2017-07-26,ITUB4,21.82994842529297,21.924095153808594,21.659311294555664,21.724035263061523,12.66641616821289,13775637
2017-07-27,ITUB4,21.900558471679688,21.99470329284668,21.62989044189453,21.74757194519043,12.680139541625977,14378109
2017-07-28,ITUB4,21.62989044189453,21.906442642211914,21.55339813232422,21.82994842529297,12.728169441223145,12302680
2017-07-31,ITUB4,21.9476318359375,22.03000831604004,21.72991943359375,21.95939826965332,12.803647994995117,15820815
2017-08-01,ITUB4,22.37128448486328,22.800823211669922,22.300676345825195,22.65372085571289,13.21378231048584,28473083
2017-08-02,ITUB4,22.577228546142578,22.97146224975586,22.447778701782227,22.88908576965332,13.351073265075684,23083968
2017-08-03,ITUB4,22.86554718017578,22.98911476135254,22.741981506347656,22.83612823486328,13.320183753967285,15013552
2017-08-04,ITUB4,22.947925567626953,22.965578079223633,22.694910049438477,22.777286529541016,13.285857200622559,7430214
2017-08-07,ITUB4,22.794939041137695,23.14798355102539,22.700794219970703,23.136215209960938,13.495229721069336,15552804
2017-08-08,ITUB4,23.124448776245117,23.583406448364258,23.024417877197266,23.418651580810547,13.65997314453125,31811750
2017-08-09,ITUB4,23.242130279541016,23.306854248046875,23.071491241455078,23.271549224853516,13.574167251586914,11740146
2017-08-10,ITUB4,23.271549224853516,23.271549224853516,22.88908576965332,22.977346420288086,13.402551651000977,11501196
2017-08-11,ITUB4,22.924388885498047,23.20094108581543,22.78905487060547,23.095027923583984,13.471199989318848,12700023
2017-08-14,ITUB4,23.124448776245117,23.636362075805664,23.124448776245117,23.51279640197754,13.71489143371582,16585250
2017-08-15,ITUB4,23.51279640197754,23.636362075805664,23.306854248046875,23.37746238708496,13.773472785949707,15274426
2017-08-16,ITUB4,23.565753936767578,23.571638107299805,23.159751892089844,23.424535751342773,13.801201820373535,20010252
2017-08-17,ITUB4,23.359811782836914,23.406883239746094,23.10091209411621,23.236244201660156,13.690271377563477,17032049
2017-08-18,ITUB4,23.236244201660156,23.589290618896484,23.206825256347656,23.459840774536133,13.822006225585938,10935602
2017-08-21,ITUB4,23.459840774536133,23.583406448364258,23.177404403686523,23.289201736450195,13.721467971801758,15204576
2017-08-22,ITUB4,23.46572494506836,23.94233512878418,23.430419921875,23.783464431762695,14.012673377990723,17253833
2017-08-23,ITUB4,23.94233512878418,24.08943748474121,23.759929656982422,24.0423641204834,14.165217399597168,11947315
2017-08-24,ITUB4,24.077669143676758,24.330684661865234,24.02471351623535,24.24242401123047,14.283079147338867,16785281
2017-08-25,ITUB4,24.301265716552734,24.342453002929688,24.012943267822266,24.171815872192383,14.241484642028809,11163845
2017-08-28,ITUB4,24.201234817504883,24.22477149963379,23.883495330810547,23.95998764038086,14.116678237915039,14980242
2017-08-29,ITUB4,23.771696090698242,24.177698135375977,23.671667098999023,24.177698135375977,14.244955062866211,11918253
2017-08-30,ITUB4,24.24242401123047,24.24242401123047,23.912914276123047,24.048248291015625,14.168685913085938,11595008
2017-08-31,ITUB4,24.08943748474121,24.118858337402344,23.671667098999023,23.742277145385742,13.98841381072998,13738927
2017-09-01,ITUB4,23.918798446655273,24.3895263671875,23.901147842407227,24.230655670166016,14.281464576721191,17304818
2017-09-04,ITUB4,24.065900802612305,24.254192352294922,24.065900802612305,24.10708999633789,14.208637237548828,6714384
2017-09-05,ITUB4,24.430713653564453,24.53662872314453,23.830537796020508,24.118858337402344,14.21556568145752,26047216
2017-09-06,ITUB4,24.301265716552734,24.948514938354492,24.28949546813965,24.7661075592041,14.59704303741455,24403970
2017-09-07,ITUB4,24.7661075592041,24.7661075592041,24.7661075592041,24.7661075592041,14.59704303741455,0
2017-09-08,ITUB4,24.707265853881836,24.907325744628906,24.60135269165039,24.73668670654297,14.579712867736816,13413303
2017-09-11,ITUB4,24.86613655090332,25.3780517578125,24.84848403930664,25.154457092285156,14.825952529907227,16305512
2017-09-12,ITUB4,25.03089141845703,25.32509422302246,24.972049713134766,25.08384895324707,14.784334182739258,12668073
2017-09-13,ITUB4,25.136804580688477,25.41335678100586,24.90144157409668,25.2603702545166,14.888370513916016,15291251
2017-09-14,ITUB4,25.11326789855957,25.442777633666992,25.054426193237305,25.201528549194336,14.853693962097168,11418430
2017-09-15,ITUB4,25.29567527770996,25.778169631958008,25.125036239624023,25.672256469726562,15.131142616271973,34544376
2017-09-18,ITUB4,25.636951446533203,25.94292449951172,25.60753059387207,25.854663848876953,15.238652229309082,16519309
2017-09-19,ITUB4,25.842893600463867,25.854663848876953,25.436893463134766,25.760517120361328,15.183155059814453,15645766
2017-09-20,ITUB4,25.760517120361328,25.901735305786133,25.207412719726562,25.489849090576172,15.023622512817383,14446089
2017-09-21,ITUB4,25.60753059387207,25.872314453125,25.336862564086914,25.52515411376953,15.044438362121582,14253536
2017-09-22,ITUB4,25.566343307495117,25.778169631958008,25.336862564086914,25.613414764404297,15.096456527709961,10077525
2017-09-25,ITUB4,25.419240951538086,25.648719787597656,25.242717742919922,25.36039924621582,14.94732666015625,10064948
2017-09-26,ITUB4,25.536922454833984,25.736980438232422,25.336862564086914,25.407472610473633,14.975074768066406,17545638
2017-09-27,ITUB4,25.566343307495117,25.64283561706543,25.160341262817383,25.425125122070312,14.985472679138184,21683070
2017-09-28,ITUB4,25.407472610473633,25.483964920043945,25.201528549194336,25.289791107177734,14.905720710754395,13869109
2017-09-29,ITUB4,25.560457229614258,25.666372299194336,25.3780517578125,25.50750160217285,15.03402328491211,16981404
2017-10-02,ITUB4,25.389820098876953,25.67814064025879,25.330978393554688,25.54280662536621,15.06004524230957,7954849
2017-10-03,ITUB4,25.613414764404297,26.41953468322754,25.46042823791504,26.41953468322754,15.576972961425781,21437662
2017-10-04,ITUB4,26.478374481201172,26.525447845458984,26.148866653442383,26.184171676635742,15.438201904296875,12656856
2017-10-05,ITUB4,26.443071365356445,26.943218231201172,26.372461318969727,26.601940155029297,15.684514999389648,24145816
2017-10-06,ITUB4,26.360694885253906,26.472490310668945,26.13709831237793,26.290084838867188,15.500638961791992,10067838
2017-10-09,ITUB4,26.243011474609375,26.290084838867188,25.895851135253906,25.978227615356445,15.3167724609375,10252063
2017-10-10,ITUB4,26.272432327270508,26.625478744506836,26.184171676635742,26.543100357055664,15.649826049804688,14556047
2017-10-11,ITUB4,26.58428955078125,26.68431854248047,26.348926544189453,26.478374481201172,15.61165714263916,21192085
2017-10-12,ITUB4,26.478374481201172,26.478374481201172,26.478374481201172,26.478374481201172,15.61165714263916,0
2017-10-13,ITUB4,26.70197105407715,26.884376525878906,26.20770835876465,26.260663986206055,15.483295440673828,14975484
2017-10-16,ITUB4,26.46660614013672,26.46660614013672,25.995880126953125,26.125329971313477,15.403501510620117,12531093
2017-10-17,ITUB4,26.13709831237793,26.184171676635742,25.92527198791504,26.084142684936523,15.379225730895996,14158874
2017-10-18,ITUB4,26.125329971313477,26.313621520996094,25.954692840576172,26.131214141845703,15.40697956085205,14397144
2017-10-19,ITUB4,26.013532638549805,26.084142684936523,25.67814064025879,25.94292449951172,15.2959623336792,8573467
2017-10-20,ITUB4,26.131214141845703,26.17240333557129,25.88996696472168,25.88996696472168,15.26473617553711,6787293
2017-10-23,ITUB4,25.960575103759766,26.060606002807617,25.54280662536621,25.648719787597656,15.122498512268066,11032984
2017-10-24,ITUB4,25.960575103759766,26.060606002807617,25.43100929260254,25.83700942993164,15.233516693115234,13409564
2017-10-25,ITUB4,25.948808670043945,26.131214141845703,25.52515411376953,26.013532638549805,15.337589263916016,13335636
2017-10-26,ITUB4,26.17240333557129,26.26654815673828,25.731096267700195,25.854663848876953,15.243925094604492,12236739
2017-10-27,ITUB4,25.854663848876953,26.15475082397461,25.684024810791016,25.695791244506836,15.150250434875488,14400883
2017-10-30,ITUB4,25.695791244506836,25.77228546142578,25.119152069091797,25.366283416748047,14.955974578857422,18275573
2017-10-31,ITUB4,25.62518310546875,25.62518310546875,24.607236862182617,24.742570877075195,14.58823299407959,28508942
2017-11-01,ITUB4,24.977933883666992,25.025007247924805,24.31891632080078,24.31891632080078,14.343565940856934,21630896
2017-11-02,ITUB4,24.31891632080078,24.31891632080078,24.31891632080078,24.31891632080078,14.343565940856934,0
2017-11-03,ITUB4,24.45425033569336,24.748455047607422,24.383642196655273,24.660194396972656,14.544849395751953,23377302
2017-11-06,ITUB4,24.660194396972656,24.660194396972656,24.660194396972656,24.660194396972656,14.544849395751953,0
2017-11-07,ITUB4,24.65431022644043,24.70138168334961,24.095321655273438,24.183582305908203,14.263741493225098,21042359
2017-11-08,ITUB4,24.2718448638916,25.101499557495117,24.2718448638916,25.066194534301758,14.784311294555664,21689528
2017-11-09,ITUB4,25.125036239624023,25.172109603881836,24.342453002929688,24.3895263671875,14.385207176208496,21561726
2017-11-10,ITUB4,24.3895263671875,24.60135269165039,24.12474250793457,24.424829483032227,14.406024932861328,17389453
2017-11-13,ITUB4,24.54839515686035,24.54839515686035,24.54839515686035,24.54839515686035,14.478903770446777,16525598
2017-11-14,ITUB4,24.54839515686035,24.65431022644043,24.060016632080078,24.077669143676758,14.201269149780273,22280105
2017-11-15,ITUB4,24.077669143676758,24.077669143676758,24.077669143676758,24.077669143676758,14.201269149780273,0
2017-11-16,ITUB4,24.101205825805664,24.83083152770996,24.101205825805664,24.68372917175293,14.55872631072998,14936395
2017-11-17,ITUB4,24.68372917175293,25.13092041015625,24.554279327392578,25.025007247924805,14.760021209716797,12693565
2017-11-20,ITUB4,25.025007247924805,25.025007247924805,25.025007247924805,25.025007247924805,14.760021209716797,0
2017-11-21,ITUB4,25.289791107177734,25.77228546142578,25.24860191345215,25.52515411376953,15.055015563964844,14412099
2017-11-22,ITUB4,25.58987808227539,25.613414764404297,25.107383728027344,25.27802276611328,14.909253120422363,18450791
2017-11-23,ITUB4,25.254486083984375,25.254486083984375,24.930862426757812,25.201528549194336,14.864140510559082,4818762
2017-11-24,ITUB4,25.14857292175293,25.236833572387695,24.771991729736328,24.96616554260254,14.725324630737305,7006358
2017-11-27,ITUB4,24.771991729736328,25.13092041015625,24.68372917175293,25.119152069091797,14.815546989440918,10545057
2017-11-28,ITUB4,25.29567527770996,25.4957332611084,25.054426193237305,25.160341262817383,14.839839935302734,12036538
2017-11-29,ITUB4,25.330978393554688,25.366283416748047,24.642541885375977,24.642541885375977,14.534442901611328,18591850
2017-11-30,ITUB4,24.501323699951172,24.677846908569336,24.195350646972656,24.283611297607422,14.322739601135254,30698918
2017-12-01,ITUB4,24.171815872192383,24.477787017822266,23.948219299316406,24.26007652282715,14.314066886901855,11699018
2017-12-04,ITUB4,24.448366165161133,24.96616554260254,24.342453002929688,24.61900520324707,14.525835037231445,17496862
2017-12-05,ITUB4,24.61900520324707,25.101499557495117,24.360105514526367,24.47190284729004,14.439038276672363,13293998
2017-12-06,ITUB4,24.330684661865234,24.842599868774414,24.112974166870117,24.730802536010742,14.591801643371582,13028536
2017-12-07,ITUB4,24.283611297607422,24.724918365478516,23.989408493041992,24.648426055908203,14.543196678161621,24504070
2017-12-08,ITUB4,24.83083152770996,25.09561538696289,24.83083152770996,24.860252380371094,14.668163299560547,16975625
2017-12-11,ITUB4,25.036775588989258,25.172109603881836,24.80141258239746,24.924976348876953,14.706368446350098,11017008
2017-12-12,ITUB4,24.836715698242188,25.23094940185547,24.51897621154785,25.125036239624023,14.824407577514648,18443993
2017-12-13,ITUB4,25.29567527770996,25.36039924621582,24.483671188354492,24.56604766845703,14.494596481323242,47602825
2017-12-14,ITUB4,24.47190284729004,24.47190284729004,24.05413246154785,24.177698135375977,14.26545238494873,47046408
2017-12-15,ITUB4,24.118858337402344,24.424829483032227,23.989408493041992,24.177698135375977,14.315791130065918,42895040
2017-12-18,ITUB4,24.466018676757812,24.56604766845703,24.171815872192383,24.171815872192383,14.312309265136719,39527650
2017-12-19,ITUB4,24.12474250793457,24.195350646972656,23.930566787719727,24.036481857299805,14.232178688049316,20140944
2017-12-20,ITUB4,24.136510848999023,24.28949546813965,24.018829345703125,24.12474250793457,14.284444808959961,13060997
2017-12-21,ITUB4,24.15416145324707,25.201528549194336,24.15416145324707,25.142688751220703,14.88717269897461,35246780
2017-12-22,ITUB4,24.930862426757812,25.072080612182617,24.842599868774414,25.025007247924805,14.817498207092285,8436827
2017-12-25,ITUB4,25.025007247924805,25.025007247924805,25.025007247924805,25.025007247924805,14.817498207092285,0
2017-12-26,ITUB4,25.03089141845703,25.29567527770996,24.942630767822266,25.125036239624023,14.876728057861328,7491735
2017-12-27,ITUB4,25.154457092285156,25.254486083984375,24.977933883666992,24.989702224731445,14.796597480773926,7005508
2017-12-28,ITUB4,25.01323890686035,25.18387794494629,25.01323890686035,25.054426193237305,14.834915161132812,18065345
2017-12-29,ITUB4,25.054426193237305,25.054426193237305,25.054426193237305,25.054426193237305,14.834915161132812,0
2018-01-02,ITUB4,25.18387794494629,25.819358825683594,25.18387794494629,25.819358825683594,15.293213844299316,18865469
2018-01-03,ITUB4,25.831125259399414,26.09002685546875,25.636951446533203,25.995880126953125,15.397791862487793,25261028
2018-01-04,ITUB4,26.03706932067871,26.654897689819336,26.03706932067871,26.537216186523438,15.718422889709473,26311149
2018-01-05,ITUB4,26.54898452758789,26.66666603088379,26.243011474609375,26.61370849609375,15.763728141784668,17807870
2018-01-08,ITUB4,26.51367950439453,26.66666603088379,26.348926544189453,26.525447845458984,15.711450576782227,14398333
2018-01-09,ITUB4,26.4548397064209,26.478374481201172,26.131214141845703,26.23712730407715,15.540668487548828,24255264
2018-01-10,ITUB4,26.113561630249023,26.243011474609375,25.984111785888672,26.148866653442383,15.488399505615234,15410556
2018-01-11,ITUB4,26.30185317993164,26.696086883544922,26.243011474609375,26.696086883544922,15.812520980834961,17614127
2018-01-12,ITUB4,26.572521209716797,26.725507736206055,26.460723876953125,26.672550201416016,15.79858684539795,11649902
2018-01-15,ITUB4,26.76669692993164,26.843189239501953,26.719623565673828,26.837305068969727,15.896169662475586,12365222
2018-01-16,ITUB4,26.772579193115234,27.202117919921875,26.7431583404541,27.084436416625977,16.042551040649414,14882011
2018-01-17,ITUB4,27.072668075561523,27.62577247619629,26.954986572265625,27.531625747680664,16.307418823242188,16336613
2018-01-18,ITUB4,27.478670120239258,27.725801467895508,27.349220275878906,27.466901779174805,16.26909065246582,14718689
2018-01-19,ITUB4,27.596351623535156,27.761106491088867,27.437480926513672,27.69049644470215,16.401525497436523,12557095
2018-01-22,ITUB4,27.69049644470215,28.378934860229492,27.637540817260742,28.378934860229492,16.809303283691406,20246313
2018-01-23,ITUB4,28.243600845336914,28.53192138671875,28.190643310546875,28.273021697998047,16.74656867980957,28151367
2018-01-24,ITUB4,28.502500534057617,29.673433303833008,28.47896385192871,29.63812828063965,17.555145263671875,25047400
2018-01-25,ITUB4,29.63812828063965,29.63812828063965,29.63812828063965,29.63812828063965,17.555145263671875,0
2018-01-26,ITUB4,30.126506805419922,31.256250381469727,30.01470947265625,31.126802444458008,18.43691062927246,53745667
2018-01-29,ITUB4,30.97381591796875,31.1032657623291,30.414827346801758,30.414827346801758,18.01519775390625,37536686
2018-01-30,ITUB4,30.24418830871582,30.438364028930664,29.891143798828125,30.29714584350586,17.94548988342285,28829468
2018-01-31,ITUB4,30.685495376586914,31.220947265625,30.661958694458008,30.750219345092773,18.213851928710938,23769037
2018-02-01,ITUB4,30.503089904785156,31.162105560302734,30.33245086669922,30.897321701049805,18.306241989135742,29175316
2018-02-02,ITUB4,30.397174835205078,30.57958221435547,30.138275146484375,30.50897216796875,18.076148986816406,20632269
2018-02-05,ITUB4,30.167695999145508,30.77375602722168,29.43807029724121,29.43807029724121,17.44164276123047,26256595
2018-02-06,ITUB4,29.408649444580078,30.750219345092773,29.396881103515625,30.49720573425293,18.069168090820312,100527804
2018-02-07,ITUB4,30.556045532226562,30.661958694458008,29.74992561340332,29.773462295532227,17.640377044677734,31090653
2018-02-08,ITUB4,29.97940444946289,30.33245086669922,29.42041778564453,29.626359939575195,17.553211212158203,25519692
2018-02-09,ITUB4,29.53809928894043,29.8852596282959,29.1556339263916,29.702852249145508,17.598527908325195,29580137
2018-02-14,ITUB4,30.308914184570312,31.07384490966797,30.126506805419922,30.98558235168457,18.35854721069336,24843291
2018-02-15,ITUB4,31.191526412963867,31.356281280517578,30.95616340637207,30.99146842956543,18.362016677856445,46063587
2018-02-16,ITUB4,29.83230209350586,29.91468048095703,29.596939086914062,29.908796310424805,18.50876808166504,61335974
2018-02-19,ITUB4,29.908796310424805,30.079435348510742,29.55575180053711,29.673433303833008,18.363115310668945,9363395
2018-02-20,ITUB4,29.596939086914062,30.56192970275879,29.53809928894043,30.403059005737305,18.81463050842285,29321473
2018-02-21,ITUB4,30.57958221435547,31.332744598388672,30.57958221435547,30.803176879882812,19.062236785888672,32430368
2018-02-22,ITUB4,31.03853988647461,31.297439575195312,30.750219345092773,30.97381591796875,19.1678409576416,19437861
2018-02-23,ITUB4,31.32097625732422,31.32097625732422,30.520740509033203,31.18564224243164,19.298917770385742,25192538
2018-02-26,ITUB4,31.30332374572754,31.385700225830078,30.950279235839844,31.15033721923828,19.277082443237305,19625486
2018-02-27,ITUB4,31.015003204345703,31.232715606689453,30.59723472595215,30.685495376586914,18.989416122436523,13102975
2018-02-28,ITUB4,30.614885330200195,30.744335174560547,29.644012451171875,29.644012451171875,18.34490203857422,48212095
2018-03-01,ITUB4,29.773462295532227,30.303030014038086,29.6498966217041,30.073551177978516,18.616262435913086,25169934
2018-03-02,ITUB4,29.902912139892578,30.232421875,29.55575180053711,30.232421875,18.71460723876953,17669191
2018-03-05,ITUB4,30.232421875,30.744335174560547,29.961753845214844,30.661958694458008,18.980504989624023,14720729
2018-03-06,ITUB4,30.92085838317871,31.15033721923828,30.550161361694336,30.550161361694336,18.911300659179688,15367218
2018-03-07,ITUB4,30.479551315307617,30.54427719116211,30.020593643188477,30.50897216796875,18.885799407958984,16519140
2018-03-08,ITUB4,30.891437530517578,30.99146842956543,30.044130325317383,30.29714584350586,18.75467872619629,15698791
2018-03-09,ITUB4,30.326566696166992,30.738452911376953,30.191232681274414,30.714916229248047,19.013282775878906,15455253
2018-03-12,ITUB4,30.797292709350586,31.097381591796875,30.67372703552246,31.062076568603516,19.228178024291992,11425568
2018-03-13,ITUB4,31.062076568603516,31.132686614990234,30.62665367126465,30.80906105041504,19.07155990600586,10807290
2018-03-14,ITUB4,30.832597732543945,30.891437530517578,30.038246154785156,30.120622634887695,18.64539909362793,19133310
2018-03-15,ITUB4,30.008825302124023,30.414827346801758,29.779346466064453,30.2618408203125,18.732812881469727,22182553
2018-03-16,ITUB4,30.350101470947266,30.638423919677734,29.955869674682617,30.138275146484375,18.65632438659668,33808833
2018-03-19,ITUB4,29.902912139892578,30.126506805419922,29.396881103515625,29.491025924682617,18.255674362182617,19347787
2018-03-20,ITUB4,29.626359939575195,29.71462059020996,29.17328643798828,29.585172653198242,18.31393814086914,10246285
2018-03-21,ITUB4,29.60282325744629,29.66754913330078,29.33803939819336,29.46748924255371,18.2410945892334,28283588
2018-03-22,ITUB4,29.42041778564453,29.655780792236328,29.102676391601562,29.37334442138672,18.182817459106445,21239501
2018-03-23,ITUB4,29.185054779052734,29.985288619995117,29.137981414794922,29.514562606811523,18.270246505737305,26938604
2018-03-26,ITUB4,29.861724853515625,30.002941131591797,29.408649444580078,29.879375457763672,18.496068954467773,11812884
2018-03-27,ITUB4,30.008825302124023,30.126506805419922,29.30862045288086,29.52044677734375,18.27388572692871,11396337
2018-03-28,ITUB4,29.20270538330078,29.808767318725586,29.20270538330078,29.791114807128906,18.441421508789062,13470916
2018-03-29,ITUB4,29.955869674682617,30.514856338500977,29.86760711669922,30.191232681274414,18.689115524291992,31548158
2018-04-02,ITUB4,30.150043487548828,30.456016540527344,29.814651489257812,30.038246154785156,18.599843978881836,14533954
2018-04-03,ITUB4,30.24418830871582,30.36187171936035,29.691085815429688,29.755809783935547,18.424959182739258,15904770
2018-04-04,ITUB4,29.332155227661133,30.073551177978516,29.132097244262695,29.94998550415039,18.545202255249023,16844254
2018-04-05,ITUB4,30.703147888183594,30.756103515625,29.955869674682617,30.008825302124023,18.581628799438477,23487090
2018-04-06,ITUB4,30.03236198425293,30.19711685180664,29.644012451171875,30.155927658081055,18.672710418701172,12277357
2018-04-09,ITUB4,30.238304138183594,30.238304138183594,29.396881103515625,29.48514175415039,18.257366180419922,17979180
2018-04-10,ITUB4,29.738157272338867,29.826419830322266,29.35569190979004,29.632244110107422,18.348445892333984,15008624
2018-04-11,ITUB4,29.60282325744629,30.13239097595215,29.573402404785156,30.120622634887695,18.65085220336914,11704456
2018-04-12,ITUB4,30.220653533935547,30.420711517333984,29.944101333618164,30.385406494140625,18.81480598449707,10224361
2018-04-13,ITUB4,30.33245086669922,30.373638153076172,29.573402404785156,29.679317474365234,18.377593994140625,16709314
2018-04-16,ITUB4,29.62047576904297,29.8852596282959,29.196821212768555,29.243894577026367,18.10797691345215,21396874
2018-04-17,ITUB4,29.314504623413086,29.89702796936035,29.214473724365234,29.726390838623047,18.40674591064453,13476865
2018-04-18,ITUB4,30.067665100097656,30.59723472595215,30.026477813720703,30.291261672973633,18.756521224975586,25815914
2018-04-19,ITUB4,30.185348510742188,30.326566696166992,29.808767318725586,30.008825302124023,18.581628799438477,14877423
2018-04-20,ITUB4,29.855838775634766,30.038246154785156,29.661664962768555,29.944101333618164,18.541555404663086,9806454
2018-04-23,ITUB4,29.796998977661133,29.99705696105957,29.508678436279297,29.99705696105957,18.574344635009766,11508334
2018-04-24,ITUB4,30.24418830871582,30.355987548828125,29.702852249145508,29.84995460510254,18.48326301574707,13736378
2018-04-25,ITUB4,29.549867630004883,29.855838775634766,29.385112762451172,29.673433303833008,18.37394142150879,16098343
2018-04-26,ITUB4,29.938217163085938,30.46190071105957,29.861724853515625,30.36187171936035,18.800241470336914,16463226
2018-04-27,ITUB4,30.550161361694336,30.65607452392578,30.185348510742188,30.303030014038086,18.763805389404297,15432479
2018-04-30,ITUB4,30.308914184570312,30.438364028930664,29.814651489257812,30.01470947265625,18.585275650024414,10751886
2018-05-02,ITUB4,29.52044677734375,29.596939086914062,28.53192138671875,28.655485153198242,17.74884796142578,37979916
2018-05-03,ITUB4,28.684907913208008,28.873197555541992,28.031774520874023,28.090614318847656,17.398971557617188,25331217
2018-05-04,ITUB4,27.978816986083984,28.202411651611328,27.761106491088867,27.761106491088867,17.194881439208984,25772237
2018-05-07,ITUB4,27.89055633544922,28.161222457885742,27.65519142150879,27.80229377746582,17.220401763916016,17740060
2018-05-08,ITUB4,27.831714630126953,28.155338287353516,27.596351623535156,27.89055633544922,17.275053024291992,17655595
2018-05-09,ITUB4,28.01412010192871,28.21417999267578,27.678728103637695,27.978816986083984,17.329734802246094,16909345
2018-05-10,ITUB4,28.190643310546875,28.81435775756836,28.072961807250977,28.74374771118164,17.803524017333984,19715389
2018-05-11,ITUB4,28.667255401611328,28.890850067138672,28.1965274810791,28.284788131713867,17.51924705505371,13283801
2018-05-14,ITUB4,28.47896385192871,28.620182037353516,27.643423080444336,27.861135482788086,17.256834030151367,18411023
2018-05-15,ITUB4,27.184465408325195,28.008237838745117,27.125625610351562,27.75522232055664,17.191240310668945,19242248
2018-05-16,ITUB4,27.843482971191406,28.396587371826172,27.796409606933594,28.237716674804688,17.490083694458008,14177398
2018-05-17,ITUB4,28.155338287353516,28.155338287353516,26.696086883544922,26.760812759399414,16.575315475463867,38453906
2018-05-18,ITUB4,26.19005584716797,26.572521209716797,25.842893600463867,26.572521209716797,16.458683013916016,67811749
2018-05-21,ITUB4,26.925565719604492,27.049131393432617,25.960575103759766,26.20770835876465,16.232723236083984,29325382
2018-05-22,ITUB4,26.478374481201172,27.22565460205078,26.313621520996094,26.843189239501953,16.62633514404297,37297736
2018-05-23,ITUB4,26.478374481201172,26.754926681518555,26.295969009399414,26.337156295776367,16.312908172607422,34838390
2018-05-24,ITUB4,26.09002685546875,26.70197105407715,25.866430282592773,26.68431854248047,16.527936935424805,27927373
2018-05-25,ITUB4,26.884376525878906,26.890260696411133,26.254779815673828,26.448955535888672,16.38214874267578,19195002
2018-05-28,ITUB4,26.178287506103516,26.201824188232422,25.225065231323242,25.330978393554688,15.689693450927734,22406717
2018-05-29,ITUB4,25.583995819091797,25.813474655151367,25.101499557495117,25.242717742919922,15.635029792785645,34432039
2018-05-30,ITUB4,25.242717742919922,25.536922454833984,24.989702224731445,25.289791107177734,15.664180755615234,41881288
2018-06-01,ITUB4,25.601646423339844,25.978227615356445,25.119152069091797,25.784053802490234,15.975896835327148,26340210
2018-06-04,ITUB4,26.07237434387207,26.472490310668945,26.066490173339844,26.343042373657227,16.32225227355957,26154795
2018-06-05,ITUB4,26.125329971313477,26.448955535888672,25.419240951538086,25.52515411376953,15.815483093261719,32517553
2018-06-06,ITUB4,25.307443618774414,25.466312408447266,24.61900520324707,24.877904891967773,15.414445877075195,25763400
2018-06-07,ITUB4,24.45425033569336,24.53662872314453,23.212709426879883,24.15416145324707,14.966017723083496,45800335
2018-06-08,ITUB4,24.15416145324707,24.5072078704834,23.489261627197266,24.213003158569336,15.002472877502441,34032997
2018-06-11,ITUB4,24.30714988708496,24.63665771484375,23.44807243347168,23.51279640197754,14.568618774414062,24579358
2018-06-12,ITUB4,23.506912231445312,23.87172508239746,23.336275100708008,23.46572494506836,14.539463996887207,15770680
2018-06-13,ITUB4,23.59517478942871,23.69520378112793,22.894969940185547,23.236244201660156,14.397273063659668,24389864
2018-06-14,ITUB4,23.389232635498047,23.524566650390625,22.412473678588867,22.412473678588867,13.886861801147461,31758386
2018-06-15,ITUB4,22.47719955444336,22.741981506347656,22.0947322845459,22.630184173583984,14.021738052368164,46156720
2018-06-18,ITUB4,22.483083724975586,22.54192352294922,22.000587463378906,22.171226501464844,13.737373352050781,22857085
2018-06-19,ITUB4,22.071197509765625,23.51279640197754,21.924095153808594,23.171520233154297,14.357158660888672,48287043
2018-06-20,ITUB4,23.536333084106445,23.87172508239746,22.977346420288086,23.601058959960938,14.623298645019531,33294904
2018-06-21,ITUB4,23.53045082092285,23.618711471557617,22.77140235900879,22.97146224975586,14.233201026916504,17269809
2018-06-22,ITUB4,23.259782791137695,23.318622589111328,22.830244064331055,23.14798355102539,14.342574119567871,13811496
2018-06-25,ITUB4,23.359811782836914,23.471609115600586,22.800823211669922,23.195056915283203,14.371744155883789,24706991
2018-06-26,ITUB4,23.242130279541016,23.583406448364258,22.842012405395508,23.11856460571289,14.324345588684082,22118652
2018-06-27,ITUB4,23.030302047729492,23.389232635498047,22.565460205078125,22.700794219970703,14.065492630004883,19643330
2018-06-28,ITUB4,22.70667839050293,23.536333084106445,22.70667839050293,23.33039093017578,14.455598831176758,19751079
2018-06-29,ITUB4,23.601058959960938,23.95998764038086,23.489261627197266,23.736392974853516,14.7071533203125,28425157
2018-07-02,ITUB4,23.477493286132812,23.742277145385742,23.36569595336914,23.742277145385742,14.716278076171875,12965655
2018-07-03,ITUB4,23.983524322509766,24.56604766845703,23.812885284423828,24.301265716552734,15.062760353088379,16566556
2018-07-04,ITUB4,24.4189453125,24.70138168334961,24.248308181762695,24.695497512817383,15.307121276855469,13271395
2018-07-05,ITUB4,24.771991729736328,24.83083152770996,24.12474250793457,24.53662872314453,15.208645820617676,16605134
2018-07-06,ITUB4,24.595468521118164,24.872020721435547,24.430713653564453,24.760223388671875,15.3472318649292,12935744
2018-07-10,ITUB4,24.907325744628906,25.172109603881836,24.40717887878418,24.824947357177734,15.387356758117676,25709866
2018-07-11,ITUB4,24.571931838989258,25.077964782714844,24.571931838989258,24.924976348876953,15.449350357055664,26562335
2018-07-12,ITUB4,25.042659759521484,25.454544067382812,25.0014705657959,25.39570426940918,15.741132736206055,23021596
2018-07-13,ITUB4,25.2603702545166,26.048837661743164,25.2603702545166,26.042953491210938,16.142318725585938,22360491
2018-07-16,ITUB4,26.00176429748535,26.160634994506836,25.719329833984375,25.948808670043945,16.08395767211914,16164964
2018-07-17,ITUB4,25.77228546142578,26.560752868652344,25.731096267700195,26.43718719482422,16.38667869567871,18700958
2018-07-18,ITUB4,26.343042373657227,26.478374481201172,26.07237434387207,26.10179328918457,16.17878532409668,16660878
2018-07-19,ITUB4,25.819358825683594,26.478374481201172,25.57811164855957,26.478374481201172,16.412202835083008,17703351
2018-07-20,ITUB4,27.219770431518555,27.39040756225586,26.99617576599121,27.231538772583008,16.879045486450195,28881982
2018-07-23,ITUB4,27.149160385131836,27.19623374938965,26.625478744506836,26.707855224609375,16.554445266723633,13753203
2018-07-24,ITUB4,26.99617576599121,27.055015563964844,26.54898452758789,26.690202713012695,16.54349708557129,19517567
2018-07-25,ITUB4,26.954986572265625,27.7022647857666,26.937334060668945,27.531625747680664,17.06504249572754,20243764
2018-07-26,ITUB4,27.313915252685547,27.537511825561523,26.89614486694336,27.09620475769043,16.7951602935791,23964139
2018-07-27,ITUB4,27.249189376831055,27.47278594970703,26.972639083862305,27.243305206298828,16.886335372924805,21688339
2018-07-30,ITUB4,27.402177810668945,27.831714630126953,27.319799423217773,27.637540817260742,17.130691528320312,17641659
2018-07-31,ITUB4,26.943218231201172,27.10797119140625,26.41953468322754,26.478374481201172,16.412202835083008,40266083
2018-08-01,ITUB4,26.46660614013672,26.87849235534668,26.41953468322754,26.802000045776367,16.61834144592285,21425086
2018-08-02,ITUB4,26.596057891845703,27.055015563964844,26.3665771484375,26.89614486694336,16.676712036132812,21424406
2018-08-03,ITUB4,27.09620475769043,27.614004135131836,27.09620475769043,27.537511825561523,17.074378967285156,20476085
2018-08-06,ITUB4,27.649307250976562,27.749338150024414,27.184465408325195,27.337451934814453,16.95033073425293,14914812
2018-08-07,ITUB4,27.508089065551758,27.566930770874023,26.784347534179688,27.172697067260742,16.848180770874023,23634776
2018-08-08,ITUB4,27.172697067260742,27.478670120239258,26.519563674926758,26.537216186523438,16.45416259765625,24458694
2018-08-09,ITUB4,26.772579193115234,26.860841751098633,26.195938110351562,26.395998001098633,16.366600036621094,17557024
2018-08-10,ITUB4,25.98999786376953,25.995880126953125,25.172109603881836,25.436893463134766,15.771921157836914,25223809
2018-08-13,ITUB4,25.242717742919922,25.895851135253906,24.977933883666992,25.636951446533203,15.89595890045166,28346130
2018-08-14,ITUB4,26.042953491210938,26.201824188232422,25.74286460876465,26.166519165039062,16.224302291870117,17940431
2018-08-15,ITUB4,25.731096267700195,26.095909118652344,25.595762252807617,25.98999786376953,16.11486053466797,26565394
2018-08-16,ITUB4,26.07237434387207,26.184171676635742,25.813474655151367,25.954692840576172,16.092979431152344,16968827
2018-08-17,ITUB4,25.595762252807617,25.813474655151367,25.266254425048828,25.289791107177734,15.680702209472656,23012929
2018-08-20,ITUB4,24.724918365478516,25.16622543334961,24.677846908569336,25.025007247924805,15.791793823242188,29124501
2018-08-21,ITUB4,24.842599868774414,25.03089141845703,24.477787017822266,24.70138168334961,15.587579727172852,25410244
2018-08-22,ITUB4,24.60135269165039,25.330978393554688,24.4189453125,25.289791107177734,15.958884239196777,14992649
2018-08-23,ITUB4,25.27802276611328,25.436893463134766,24.30714988708496,24.30714988708496,15.3388032913208,23189167
2018-08-24,ITUB4,24.771991729736328,24.819063186645508,24.236539840698242,24.48955535888672,15.453903198242188,11644974
2018-08-27,ITUB4,24.771991729736328,25.354515075683594,24.630773544311523,25.301559448242188,15.966317176818848,18281691
2018-08-28,ITUB4,25.154457092285156,25.34274673461914,24.907325744628906,25.125036239624023,15.854918479919434,15209675
2018-08-29,ITUB4,25.177993774414062,25.613414764404297,25.154457092285156,25.54280662536621,16.118555068969727,11660099
2018-08-30,ITUB4,25.336862564086914,25.419240951538086,24.51897621154785,24.53662872314453,15.483613967895508,21014487
2018-08-31,ITUB4,24.524860382080078,25.08384895324707,24.524860382080078,24.872020721435547,15.695262908935547,20846067
2018-09-03,ITUB4,24.61900520324707,24.730802536010742,24.51897621154785,24.51897621154785,15.477974891662598,7336061
2018-09-04,ITUB4,24.47190284729004,24.642541885375977,24.10708999633789,24.30714988708496,15.344244003295898,19958758
2018-09-05,ITUB4,24.12474250793457,24.624889373779297,24.012943267822266,24.448366165161133,15.433404922485352,13287540
2018-09-06,ITUB4,24.63665771484375,25.266254425048828,24.33656883239746,25.066194534301758,15.823406219482422,22281974
2018-09-10,ITUB4,25.354515075683594,25.389820098876953,25.007354736328125,25.29567527770996,15.968262672424316,16120437
2018-09-11,ITUB4,24.819063186645508,24.824947357177734,24.283611297607422,24.424829483032227,15.418535232543945,24332251
2018-09-12,ITUB4,24.642541885375977,24.807296752929688,24.324800491333008,24.495439529418945,15.463109970092773,22141765
2018-09-13,ITUB4,24.63665771484375,24.707265853881836,24.248308181762695,24.360105514526367,15.377685546875,20057329
2018-09-14,ITUB4,24.31891632080078,24.93674659729004,24.313032150268555,24.789644241333008,15.648834228515625,21237971
2018-09-17,ITUB4,24.607236862182617,25.407472610473633,24.607236862182617,25.3780517578125,16.020263671875,17493123
2018-09-18,ITUB4,25.242717742919922,25.619298934936523,25.16622543334961,25.354515075683594,16.005413055419922,25197466
2018-09-19,ITUB4,25.019123077392578,25.7546329498291,24.960281372070312,25.531038284301758,16.116849899291992,20664560
2018-09-20,ITUB4,25.684024810791016,25.948808670043945,25.336862564086914,25.366283416748047,16.012845993041992,14726167
2018-09-21,ITUB4,25.654603958129883,26.095909118652344,25.47808074951172,25.795822143554688,16.28399658203125,28743983
2018-09-24,ITUB4,25.80759048461914,25.88996696472168,25.077964782714844,25.154457092285156,15.879119873046875,12200710
2018-09-25,ITUB4,24.877904891967773,25.366283416748047,24.67196273803711,25.213298797607422,15.916264533996582,23247800
2018-09-26,ITUB4,25.419240951538086,25.80759048461914,25.289791107177734,25.489849090576172,16.090850830078125,20750555
2018-09-27,ITUB4,25.654603958129883,26.19005584716797,25.583995819091797,26.19005584716797,16.532865524291992,24503560
2018-09-28,ITUB4,25.7546329498291,26.03706932067871,25.595762252807617,25.966459274291992,16.391706466674805,16223087
2018-10-01,ITUB4,26.03706932067871,26.19005584716797,25.442777633666992,25.666372299194336,16.207788467407227,14104830
2018-10-02,ITUB4,26.290084838867188,26.819652557373047,26.26654815673828,26.654897689819336,16.832021713256836,35923351
2018-10-03,ITUB4,28.12003517150879,28.714326858520508,27.59046745300293,27.861135482788086,17.593732833862305,62555535
2018-10-04,ITUB4,27.65519142150879,27.961164474487305,27.155044555664062,27.89055633544922,17.612314224243164,30873117
2018-10-05,ITUB4,28.237716674804688,28.325977325439453,27.60811996459961,27.796409606933594,17.552865982055664,25641886
2018-10-08,ITUB4,29.94998550415039,30.65607452392578,29.120328903198242,29.449838638305664,18.596975326538086,74232290
2018-10-09,ITUB4,29.596939086914062,29.644012451171875,29.049720764160156,29.296852111816406,18.500364303588867,26109758
2018-10-10,ITUB4,28.890850067138672,28.949691772460938,28.284788131713867,28.284788131713867,17.861265182495117,23876275
2018-10-11,ITUB4,28.51426887512207,28.626066207885742,27.714033126831055,27.94939613342285,17.649471282958984,38571172
2018-10-15,ITUB4,28.361282348632812,28.520151138305664,28.161222457885742,28.273021697998047,17.853830337524414,30577234
2018-10-16,ITUB4,28.490732192993164,29.40276527404785,28.408355712890625,29.40276527404785,18.567237854003906,26245548
2018-10-17,ITUB4,29.12621307373047,29.43218421936035,28.8967342376709,29.096792221069336,18.374025344848633,27909358
2018-10-18,ITUB4,28.914386749267578,28.914386749267578,28.23183250427246,28.23183250427246,17.827816009521484,16734636
2018-10-19,ITUB4,28.449542999267578,28.637834548950195,28.090614318847656,28.202411651611328,17.809253692626953,11907886
2018-10-22,ITUB4,28.520151138305664,28.82612419128418,28.51426887512207,28.61429786682129,18.06934356689453,9730657
2018-10-23,ITUB4,28.06707763671875,28.755516052246094,28.06707763671875,28.714326858520508,18.13250732421875,15978529
2018-10-24,ITUB4,28.714326858520508,28.773168563842773,27.831714630126953,27.96704864501953,17.66061782836914,15444546
2018-10-25,ITUB4,28.155338287353516,28.74374771118164,27.961164474487305,28.290672302246094,17.864971160888672,26278008
2018-10-26,ITUB4,28.54957389831543,28.820241928100586,28.114151000976562,28.820241928100586,18.199390411376953,39293629
2018-10-29,ITUB4,28.79081916809082,29.020299911499023,27.94939613342285,28.290672302246094,17.864971160888672,43873102
2018-10-30,ITUB4,27.80229377746582,29.302736282348633,27.49043846130371,29.120328903198242,18.388893127441406,48975171
2018-10-31,ITUB4,29.42041778564453,29.579288482666016,28.373050689697266,28.979110717773438,18.299713134765625,27467488
2018-11-01,ITUB4,29.12621307373047,29.443954467773438,28.731979370117188,29.385112762451172,18.561742782592773,25710036
2018-11-05,ITUB4,29.42041778564453,29.73227310180664,29.279199600219727,29.702852249145508,18.76246452331543,29338638
2018-11-06,ITUB4,29.261547088623047,29.891143798828125,29.243894577026367,29.891143798828125,18.88139533996582,27441316
2018-11-07,ITUB4,29.985288619995117,30.202999114990234,29.426300048828125,29.920564651489258,18.899974822998047,26374030
2018-11-08,ITUB4,30.008825302124023,30.291261672973633,29.479257583618164,29.508678436279297,18.639801025390625,23944935
2018-11-09,ITUB4,29.42041778564453,30.01470947265625,29.19093894958496,29.879375457763672,18.87395668029785,26534803
2018-11-12,ITUB4,29.808767318725586,30.126506805419922,29.655780792236328,29.961753845214844,18.92599868774414,14860088
2018-11-13,ITUB4,29.961753845214844,30.21476936340332,29.549867630004883,29.84995460510254,18.855377197265625,21769235
2018-11-14,ITUB4,29.826419830322266,30.21476936340332,29.60282325744629,30.108854293823242,19.018918991088867,30922232
2018-11-16,ITUB4,30.303030014038086,31.126802444458008,30.202999114990234,31.03853988647461,19.606176376342773,32743586
2018-11-19,ITUB4,30.914974212646484,31.16798973083496,30.785524368286133,31.02088737487793,19.595020294189453,22212804
2018-11-21,ITUB4,30.882612228393555,31.112091064453125,30.4942626953125,30.617828369140625,19.34042739868164,18112477
2018-11-22,ITUB4,30.891437530517578,30.926742553710938,30.4060001373291,30.547218322753906,19.295814514160156,7492302
2018-11-23,ITUB4,30.547218322753906,30.644306182861328,30.255956649780273,30.51191520690918,19.273515701293945,13481340
2018-11-26,ITUB4,30.670785903930664,30.962047576904297,29.761693954467773,30.008825302124023,18.955726623535156,24417622
2018-11-27,ITUB4,30.22947883605957,31.094438552856445,30.026477813720703,31.02383041381836,19.596879959106445,19697544
2018-11-28,ITUB4,30.979698181152344,31.853485107421875,30.732568740844727,31.80052947998047,20.087493896484375,21896131
2018-11-29,ITUB4,31.438657760620117,32.19770431518555,31.341571807861328,32.08296585083008,20.265913009643555,16461470
2018-11-30,ITUB4,31.827007293701172,32.50661849975586,31.791702270507812,31.791702270507812,20.081928253173828,24726931
2018-12-03,ITUB4,32.480140686035156,32.480140686035156,31.129743576049805,31.376874923706055,19.828144073486328,27033719
2018-12-04,ITUB4,31.46513557434082,31.791702270507812,30.847307205200195,31.341571807861328,19.80584144592285,26509707
2018-12-05,ITUB4,31.421005249023438,31.624006271362305,31.191526412963867,31.359222412109375,19.816991806030273,15862453
2018-12-06,ITUB4,30.900264739990234,31.641658782958984,30.714916229248047,31.641658782958984,19.99547004699707,21087849
2018-12-07,ITUB4,31.44748306274414,32.08296585083008,31.244483947753906,31.385700225830078,19.833721160888672,19238340
2018-12-10,ITUB4,31.28861427307129,31.544570922851562,30.47661018371582,30.547218322753906,19.303863525390625,17070004
2018-12-11,ITUB4,30.979698181152344,31.032655715942383,30.317739486694336,30.820829391479492,19.47675895690918,22381961
2018-12-12,ITUB4,30.979698181152344,31.226831436157227,30.653133392333984,31.032655715942383,19.610626220703125,36444757
2018-12-13,ITUB4,31.015003204345703,31.579875946044922,30.829654693603516,31.579875946044922,19.95642852783203,18595362
2018-12-14,ITUB4,31.323917388916016,31.55339813232422,31.0767879486084,31.35039710998535,19.81140899658203,13770368
2018-12-17,ITUB4,31.332744598388672,31.36804962158203,30.503089904785156,30.51191520690918,19.281553268432617,16461810
2018-12-18,ITUB4,30.644306182861328,31.25330924987793,30.520740509033203,30.997352600097656,19.594324111938477,16439490
2018-12-19,ITUB4,31.200353622436523,31.55339813232422,30.582523345947266,30.582523345947266,19.332103729248047,16972226
2018-12-20,ITUB4,30.87378692626953,31.085613250732422,30.520740509033203,30.573698043823242,19.32651710510254,30856688
2018-12-21,ITUB4,30.803176879882812,30.917917251586914,30.202999114990234,30.432479858398438,19.237253189086914,31905846
2018-12-26,ITUB4,30.088260650634766,30.158870697021484,29.35569190979004,29.770519256591797,18.818805694580078,21713151
2018-12-27,ITUB4,29.708736419677734,30.414827346801758,29.708736419677734,30.273609161376953,19.136817932128906,15463863
2018-12-28,ITUB4,30.56487274169922,31.456310272216797,30.397174835205078,31.332744598388672,19.806339263916016,15502839
2019-01-02,ITUB4,31.279787063598633,32.78022766113281,31.200353622436523,32.65666198730469,20.651947021484375,28984066
2019-01-03,ITUB4,32.43600845336914,33.1950569152832,32.171226501464844,33.1950569152832,20.9924259185791,24856433
2019-01-04,ITUB4,32.85083770751953,33.28331756591797,32.43600845336914,32.63901138305664,20.640783309936523,28181675
2019-01-07,ITUB4,32.480140686035156,33.09796905517578,32.43600845336914,32.7007942199707,20.679851531982422,19148946
2019-01-08,ITUB4,32.81553268432617,33.159751892089844,32.268314361572266,33.115623474121094,20.942197799682617,22157287
2019-01-09,ITUB4,33.45101547241211,33.618709564208984,33.1685791015625,33.618709564208984,21.260332107543945,23008397
2019-01-10,ITUB4,33.468666076660156,33.88349533081055,33.221534729003906,33.38923263549805,21.115219116210938,28032459
2019-01-11,ITUB4,33.18622970581055,33.47749328613281,32.92144775390625,33.18622970581055,20.986841201782227,15442903
2019-01-14,ITUB4,33.159751892089844,33.4333610534668,33.05384063720703,33.4333610534668,21.143129348754883,19711367
2019-01-15,ITUB4,33.256839752197266,33.30979537963867,32.550750732421875,32.912620544433594,20.813810348510742,46588733
2019-01-16,ITUB4,32.965576171875,33.00088119506836,32.39188003540039,32.81553268432617,20.752416610717773,19605771
2019-01-17,ITUB4,32.69196701049805,32.965576171875,32.42718505859375,32.81553268432617,20.752416610717773,29196956
2019-01-18,ITUB4,32.833187103271484,33.34510040283203,32.833187103271484,33.23918533325195,21.020334243774414,24162697
2019-01-21,ITUB4,33.09796905517578,33.21270751953125,32.7007942199707,32.965576171875,20.847301483154297,8808508
2019-01-22,ITUB4,32.965576171875,33.1685791015625,32.630184173583984,32.912620544433594,20.813810348510742,13807871
2019-01-23,ITUB4,33.05384063720703,33.26566696166992,32.621360778808594,33.13327407836914,20.95335578918457,30874136
2019-01-24,ITUB4,32.965576171875,33.300968170166016,32.86848831176758,33.089141845703125,20.92543601989746,24113752
2019-01-28,ITUB4,32.71844482421875,33.84819030761719,32.71844482421875,33.68049240112305,21.299409866333008,25555494
2019-01-29,ITUB4,33.8923225402832,34.02471160888672,33.4333610534668,33.4333610534668,21.143129348754883,17930858
2019-01-30,ITUB4,33.73345184326172,33.901145935058594,33.009708404541016,33.64518737792969,21.277084350585938,21965357
2019-01-31,ITUB4,33.94527816772461,34.76610565185547,33.865840911865234,34.22771453857422,21.645477294921875,30523926
2019-02-01,ITUB4,34.068843841552734,34.51015090942383,33.83936309814453,34.25419235229492,21.67060661315918,15342292
2019-02-04,ITUB4,34.1306266784668,35.1191520690918,33.8923225402832,35.03089141845703,22.161968231201172,20038804
2019-02-05,ITUB4,34.033538818359375,34.245365142822266,33.20388412475586,33.539276123046875,21.218313217163086,80658836
2019-02-06,ITUB4,33.362754821777344,33.44218826293945,32.12709426879883,32.12709426879883,20.324918746948242,44387767
2019-02-07,ITUB4,32.4977912902832,32.727272033691406,31.827007293701172,32.24183654785156,20.397499084472656,34838503
2019-02-08,ITUB4,32.19770431518555,33.1421012878418,32.08296585083008,32.93027114868164,20.83303451538086,34947045
2019-02-11,ITUB4,32.93027114868164,33.01853561401367,32.303619384765625,32.559574127197266,20.59852409362793,20785904
2019-02-12,ITUB4,33.045013427734375,33.53044891357422,32.85083770751953,33.336273193359375,21.08988380432129,25112491
2019-02-13,ITUB4,33.468666076660156,33.51279830932617,32.524269104003906,32.57722854614258,20.609678268432617,35669785
2019-02-14,ITUB4,32.833187103271484,33.44218826293945,32.1535758972168,33.44218826293945,21.156883239746094,37265389
2019-02-15,ITUB4,33.26566696166992,33.38923263549805,32.82435989379883,33.09796905517578,20.939128875732422,30422409
2019-02-18,ITUB4,32.965576171875,33.09796905517578,32.56840133666992,32.56840133666992,20.604095458984375,19942839
2019-02-19,ITUB4,32.92144775390625,33.539276123046875,32.82435989379883,33.31862258911133,21.078716278076172,25550736
2019-02-20,ITUB4,33.56575393676758,33.87466812133789,32.89496994018555,32.89496994018555,20.810699462890625,32575109
2019-02-21,ITUB4,33.23036193847656,33.49514389038086,32.88614273071289,33.49514389038086,21.190391540527344,28676909
2019-02-22,ITUB4,32.24183654785156,32.35657501220703,31.977052688598633,32.35657501220703,21.489402770996094,19781160
2019-02-25,ITUB4,32.43600845336914,32.550750732421875,31.84465980529785,31.86231231689453,21.161149978637695,14109588
2019-02-26,ITUB4,31.941747665405273,32.14474868774414,31.853485107421875,31.977052688598633,21.23733901977539,9124162
2019-02-27,ITUB4,31.968225479125977,32.100616455078125,31.694616317749023,31.694616317749023,21.049779891967773,11480349
2019-02-28,ITUB4,31.712268829345703,31.791702270507812,31.04148292541504,31.094438552856445,20.651166915893555,20408162
2019-03-01,ITUB4,31.323917388916016,31.412179946899414,30.750219345092773,30.750219345092773,20.431251525878906,18300555
2019-03-06,ITUB4,31.015003204345703,31.085613250732422,30.600175857543945,30.75904655456543,20.437124252319336,10921100
2019-03-07,ITUB4,30.714916229248047,31.36804962158203,30.600175857543945,31.18269920349121,20.718608856201172,21485645
2019-03-08,ITUB4,30.997352600097656,31.676963806152344,30.75904655456543,31.55339813232422,20.96491050720215,15369145
2019-03-11,ITUB4,31.641658782958984,32.67431640625,31.624006271362305,32.586055755615234,21.651033401489258,22654901
2019-03-12,ITUB4,32.586055755615234,32.65666198730469,32.29479217529297,32.65666198730469,21.69795036315918,14852836
2019-03-13,ITUB4,32.4977912902832,33.24801254272461,32.39188003540039,33.009708404541016,21.932518005371094,25155772
2019-03-14,ITUB4,33.009708404541016,33.009708404541016,32.16239929199219,32.48896789550781,21.586524963378906,20177710
2019-03-15,ITUB4,32.418357849121094,32.806705474853516,32.19770431518555,32.480140686035156,21.58066177368164,21647098
2019-03-18,ITUB4,32.53309631347656,32.70962142944336,32.42718505859375,32.53309631347656,21.615842819213867,12806412
2019-03-19,ITUB4,32.65666198730469,32.65666198730469,31.774051666259766,31.774051666259766,21.111513137817383,39681965
2019-03-20,ITUB4,31.827007293701172,31.968225479125977,31.05913543701172,31.05913543701172,20.636510848999023,29664772
2019-03-21,ITUB4,31.165048599243164,31.25330924987793,30.097087860107422,30.51191520690918,20.272920608520508,35755214
2019-03-22,ITUB4,30.052955627441406,30.11473846435547,29.443954467773438,29.611650466918945,19.674762725830078,34705489
2019-03-25,ITUB4,29.558692932128906,30.11473846435547,29.3909969329834,29.655780792236328,19.70408058166504,22557916
2019-03-26,ITUB4,30.008825302124023,30.105913162231445,29.56751823425293,29.96469497680664,19.909326553344727,18209236
2019-03-27,ITUB4,29.505735397338867,29.691085815429688,28.94086456298828,28.949691772460938,19.234933853149414,32088032
2019-03-28,ITUB4,29.037952423095703,30.308914184570312,28.817298889160156,30.097087860107422,19.99730110168457,35287058
2019-03-29,ITUB4,30.467784881591797,30.4942626953125,29.938217163085938,30.388349533081055,20.19082260131836,22320553
2019-04-01,ITUB4,30.62665367126465,30.714916229248047,30.008825302124023,30.150043487548828,20.041221618652344,19521136
2019-04-02,ITUB4,30.22947883605957,30.30008888244629,29.593997955322266,29.673433303833008,19.724411010742188,18533727
2019-04-03,ITUB4,30.044130325317383,30.17652130126953,29.276256561279297,29.408649444580078,19.54839324951172,22057470
2019-04-04,ITUB4,29.73521614074707,30.088260650634766,29.346866607666016,29.84995460510254,19.841747283935547,20454728
2019-04-05,ITUB4,30.008825302124023,30.600175857543945,29.83230209350586,30.4942626953125,20.27002716064453,18345649
2019-04-08,ITUB4,30.538393020629883,30.600175857543945,30.141218185424805,30.308914184570312,20.146812438964844,10412949
2019-04-09,ITUB4,30.185348510742188,30.202999114990234,29.66460609436035,30.141218185424805,20.035343170166016,15165318
2019-04-10,ITUB4,30.36187171936035,30.397174835205078,29.841129302978516,30.088260650634766,20.00014877319336,29815914
2019-04-11,ITUB4,29.84995460510254,30.044130325317383,29.22330093383789,29.3909969329834,19.536663055419922,13699556
2019-04-12,ITUB4,29.12621307373047,29.84995460510254,28.817298889160156,29.082082748413086,19.331323623657227,33375347
2019-04-15,ITUB4,29.33803939819336,29.4174747467041,28.808473587036133,29.064430236816406,19.319589614868164,18725884
2019-04-16,ITUB4,28.87908172607422,29.532215118408203,28.87908172607422,29.037952423095703,19.301990509033203,19252729
2019-04-17,ITUB4,29.12621307373047,29.302736282348633,28.243600845336914,28.587818145751953,19.00278091430664,40764433
2019-04-18,ITUB4,28.702558517456055,29.302736282348633,28.34951400756836,28.97616958618164,19.260921478271484,19844834
2019-04-22,ITUB4,28.9232120513916,29.258604049682617,28.587818145751953,28.8967342376709,19.20812225341797,11401605
2019-04-23,ITUB4,29.12621307373047,29.52338981628418,29.12621307373047,29.267431259155273,19.454530715942383,15183786
2019-04-24,ITUB4,29.285083770751953,29.33803939819336,28.84377670288086,29.311561584472656,19.48386001586914,16595051
2019-04-25,ITUB4,29.14386558532715,29.83230209350586,28.808473587036133,29.761693954467773,19.78307342529297,22194223
2019-04-26,ITUB4,29.841129302978516,29.938217163085938,29.48808479309082,29.83230209350586,19.83000946044922,11411236
2019-04-29,ITUB4,29.96469497680664,30.105913162231445,29.47043228149414,29.593997955322266,19.67159652709961,12525541
2019-04-30,ITUB4,29.73521614074707,30.035303115844727,29.505735397338867,29.858781814575195,19.84760856628418,15296746
2019-05-02,ITUB4,29.71756362915039,30.202999114990234,29.646953582763672,30.044130325317383,19.97966957092285,16575223
2019-05-03,ITUB4,30.185348510742188,30.255956649780273,29.691085815429688,29.75286865234375,19.785968780517578,35157216
2019-05-06,ITUB4,29.426300048828125,29.558692932128906,29.064430236816406,29.099735260009766,19.351633071899414,16586780
2019-05-07,ITUB4,28.86142921447754,28.87908172607422,28.19947052001953,28.773168563842773,19.134469985961914,32977891
2019-05-08,ITUB4,28.8967342376709,29.461605072021484,28.8967342376709,29.099735260009766,19.351633071899414,20450083
2019-05-09,ITUB4,28.74669075012207,29.011472702026367,28.455427169799805,28.737863540649414,19.110986709594727,24543499
2019-05-10,ITUB4,28.67608070373535,28.949691772460938,28.270078659057617,28.605472564697266,19.022958755493164,16418076
2019-05-13,ITUB4,27.996469497680664,28.287731170654297,27.943511962890625,28.155338287353516,18.723604202270508,21598945
2019-05-14,ITUB4,28.305383682250977,28.4024715423584,27.917034149169922,28.022947311401367,18.635557174682617,15113880
2019-05-15,ITUB4,27.811119079589844,28.111209869384766,27.484554290771484,28.111209869384766,18.694252014160156,23968388
2019-05-16,ITUB4,27.80229377746582,27.95233726501465,27.502206802368164,27.749338150024414,18.4536075592041,20413714
2019-05-17,ITUB4,27.68755531311035,28.243600845336914,27.45807456970215,27.80229377746582,18.488832473754883,26983074
2019-05-20,ITUB4,27.978816986083984,28.57899284362793,27.70520782470703,28.526037216186523,18.970109939575195,27380871
2019-05-21,ITUB4,28.59664535522461,29.646953582763672,28.56134033203125,29.629301071166992,19.703807830810547,26574515
2019-05-22,ITUB4,29.744041442871094,29.83230209350586,29.099735260009766,29.655780792236328,19.721405029296875,14927841
2019-05-23,ITUB4,29.47043228149414,29.761693954467773,29.24095344543457,29.593997955322266,19.680328369140625,17894262
2019-05-24,ITUB4,29.83230209350586,29.876434326171875,29.135038375854492,29.152690887451172,19.386859893798828,13072667
2019-05-27,ITUB4,29.4174747467041,29.63812828063965,29.152690887451172,29.258604049682617,19.457294464111328,12018297
2019-05-28,ITUB4,29.37334442138672,30.079435348510742,29.232126235961914,30.079435348510742,20.003145217895508,36895918
2019-05-29,ITUB4,29.876434326171875,30.79435157775879,29.876434326171875,30.644306182861328,20.378793716430664,31874349
2019-05-30,ITUB4,30.72374153137207,31.085613250732422,30.60900115966797,30.962047576904297,20.590091705322266,18068630
2019-05-31,ITUB4,30.79435157775879,31.244483947753906,30.670785903930664,30.891437530517578,20.543142318725586,20639521
2019-06-03,ITUB4,31.067960739135742,31.173873901367188,30.653133392333984,30.962047576904297,20.598920822143555,21458113
2019-06-04,ITUB4,31.067960739135742,31.156221389770508,30.679611206054688,30.909090042114258,20.563692092895508,18756361
2019-06-05,ITUB4,30.97087287902832,31.032655715942383,30.24713134765625,30.308914184570312,20.164392471313477,13815348
2019-06-06,ITUB4,30.617828369140625,30.79435157775879,30.34421730041504,30.62665367126465,20.37578582763672,12972736
2019-06-07,ITUB4,30.697263717651367,31.13857078552246,30.600175857543945,30.95322036743164,20.593050003051758,15132234
2019-06-10,ITUB4,30.75904655456543,30.77669906616211,30.105913162231445,30.56487274169922,20.334684371948242,20715092
2019-06-11,ITUB4,30.75904655456543,30.87378692626953,30.220653533935547,30.714916229248047,20.434511184692383,33011654
2019-06-12,ITUB4,30.714916229248047,30.997352600097656,30.423654556274414,30.538393020629883,20.317058563232422,19982721
2019-06-13,ITUB4,30.4942626953125,30.520740509033203,29.75286865234375,29.991172790527344,19.952999114990234,41781867
2019-06-14,ITUB4,29.920564651489258,30.070608139038086,29.549867630004883,30.0,19.95888328552246,21272188
2019-06-17,ITUB4,29.920564651489258,30.291261672973633,29.841129302978516,29.96469497680664,19.935382843017578,17717967
2019-06-18,ITUB4,30.317739486694336,30.74139404296875,30.167695999145508,30.74139404296875,20.452119827270508,25822203
2019-06-19,ITUB4,30.573698043823242,31.323917388916016,30.423654556274414,31.226831436157227,20.77507781982422,26374993
2019-06-21,ITUB4,31.403352737426758,31.932920455932617,31.332744598388672,31.932920455932617,21.244850158691406,31106515
2019-06-24,ITUB4,31.985877990722656,32.21535873413086,31.588701248168945,31.86231231689453,21.197858810424805,25737001
2019-06-25,ITUB4,31.774051666259766,31.977052688598633,31.315092086791992,31.46513557434082,20.933622360229492,26954749
2019-06-26,ITUB4,31.641658782958984,32.21535873413086,31.53574562072754,32.21535873413086,21.4327449798584,37241370
2019-06-27,ITUB4,31.950572967529297,32.1535758972168,31.509267807006836,31.99470329284668,21.285940170288086,23374129
2019-06-28,ITUB4,32.171226501464844,32.29479217529297,31.897615432739258,32.0035285949707,21.291818618774414,19957908
2019-07-01,ITUB4,32.45366287231445,32.45366287231445,31.721094131469727,31.84465980529785,21.19489288330078,18040532
2019-07-02,ITUB4,31.818180084228516,32.056488037109375,31.51809310913086,31.72991943359375,21.11852264404297,21334503
2019-07-03,ITUB4,31.509267807006836,32.347747802734375,31.44748306274414,32.27714157104492,21.482728958129883,19999036
2019-07-04,ITUB4,32.45366287231445,33.09796905517578,32.40070724487305,32.6478385925293,21.729473114013672,26215807
2019-07-05,ITUB4,32.515445709228516,33.05384063720703,32.36540222167969,33.009708404541016,21.970306396484375,16253791
2019-07-08,ITUB4,33.07149124145508,33.09796905517578,32.70962142944336,32.92144775390625,21.91157341003418,11237547
2019-07-10,ITUB4,33.124446868896484,33.292144775390625,32.61253356933594,32.833187103271484,21.852834701538086,25793198
2019-07-11,ITUB4,32.630184173583984,32.78905487060547,32.28596496582031,32.78905487060547,21.823457717895508,17322437
2019-07-12,ITUB4,33.05384063720703,33.06266403198242,32.1800537109375,32.1800537109375,21.41811752319336,21213498
2019-07-15,ITUB4,32.37422561645508,32.39188003540039,31.87996482849121,32.09178924560547,21.359375,18855725
2019-07-16,ITUB4,32.12709426879883,32.347747802734375,31.95939826965332,32.21535873413086,21.441608428955078,20218045
2019-07-17,ITUB4,32.29479217529297,32.586055755615234,32.10944366455078,32.12709426879883,21.382869720458984,26198019
2019-07-18,ITUB4,32.18887710571289,32.98323059082031,32.1800537109375,32.98323059082031,21.95269775390625,18365476
2019-07-19,ITUB4,32.727272033691406,32.90379333496094,32.12709426879883,32.12709426879883,21.382869720458984,19425851
2019-07-22,ITUB4,32.383052825927734,32.877315521240234,32.32126998901367,32.67431640625,21.747085571289062,21145292
2019-07-23,ITUB4,32.877315521240234,33.1421012878418,32.418357849121094,32.99205780029297,21.958555221557617,23938590
2019-07-24,ITUB4,33.09796905517578,33.31862258911133,32.77140426635742,32.965576171875,21.940935134887695,16643203
2019-07-25,ITUB4,33.23036193847656,33.23036193847656,31.756397247314453,31.950572967529297,21.265378952026367,25357333
2019-07-26,ITUB4,32.19770431518555,32.727272033691406,31.78287696838379,32.524269104003906,21.64720916748047,26994858
2019-07-29,ITUB4,32.4448356628418,32.89496994018555,32.171226501464844,32.65666198730469,21.735332489013672,22919117
2019-07-30,ITUB4,32.480140686035156,32.480140686035156,31.473962783813477,31.5710506439209,21.012773513793945,50086077
2019-07-31,ITUB4,31.544570922851562,31.579875946044922,30.62665367126465,30.732568740844727,20.4547119140625,40269086
2019-08-01,ITUB4,31.0767879486084,31.87996482849121,30.785524368286133,30.785524368286133,20.498781204223633,37163986
2019-08-02,ITUB4,30.891437530517578,31.067960739135742,30.520740509033203,30.829654693603516,20.528169631958008,31506464
2019-08-05,ITUB4,30.185348510742188,30.644306182861328,30.044130325317383,30.4060001373291,20.246074676513672,24126781
2019-08-06,ITUB4,30.838481903076172,31.323917388916016,30.714916229248047,31.323917388916016,20.85728645324707,20106444
2019-08-07,ITUB4,30.95322036743164,32.480140686035156,30.85613441467285,32.480140686035156,21.627159118652344,36330551
2019-08-08,ITUB4,32.65666198730469,32.965576171875,32.36540222167969,32.65666198730469,21.744701385498047,34212974
2019-08-09,ITUB4,32.6478385925293,32.65666198730469,32.08296585083008,32.40953063964844,21.580148696899414,13465478
2019-08-12,ITUB4,31.774051666259766,31.809354782104492,31.05913543701172,31.067960739135742,20.686847686767578,22939624
2019-08-13,ITUB4,31.050308227539062,31.87996482849121,30.997352600097656,31.676963806152344,21.092357635498047,15448455
2019-08-14,ITUB4,31.244483947753906,31.394527435302734,30.909090042114258,30.979698181152344,20.62807846069336,23531503
2019-08-15,ITUB4,31.315092086791992,31.315092086791992,30.72374153137207,30.891437530517578,20.569313049316406,21625004
2019-08-16,ITUB4,30.714916229248047,30.767871856689453,30.123565673828125,30.317739486694336,20.651613235473633,16250619
2019-08-19,ITUB4,30.582523345947266,30.77669906616211,29.92938995361328,30.185348510742188,20.56143569946289,25638203
2019-08-20,ITUB4,30.335391998291016,30.4060001373291,29.611650466918945,29.84995460510254,20.332977294921875,19603279
2019-08-21,ITUB4,30.17652130126953,30.308914184570312,29.796998977661133,30.079435348510742,20.489294052124023,22148790
2019-08-22,ITUB4,30.141218185424805,30.30008888244629,29.56751823425293,29.60282325744629,20.164634704589844,15354416
2019-08-23,ITUB4,29.20564842224121,29.920564651489258,29.064430236816406,29.258604049682617,19.930171966552734,29781924
2019-08-26,ITUB4,29.48808479309082,29.505735397338867,28.852603912353516,29.249778747558594,19.924150466918945,20180429
2019-08-27,ITUB4,29.258604049682617,29.94704246520996,29.196821212768555,29.593997955322266,20.158620834350586,32389410
2019-08-28,ITUB4,29.320388793945312,30.088260650634766,29.267431259155273,29.92938995361328,20.387081146240234,16420455
2019-08-29,ITUB4,30.052955627441406,30.423654556274414,29.60282325744629,30.088260650634766,20.495302200317383,19169793
2019-08-30,ITUB4,30.47661018371582,30.503089904785156,29.814651489257812,29.955869674682617,20.405120849609375,28678156
2019-09-02,ITUB4,29.920564651489258,30.17652130126953,29.56751823425293,29.56751823425293,20.149494171142578,9478791
2019-09-03,ITUB4,29.576345443725586,29.841129302978516,28.9232120513916,29.002647399902344,19.764551162719727,21658767
2019-09-04,ITUB4,29.37334442138672,29.399822235107422,28.95851707458496,29.20564842224121,19.902881622314453,17459076
2019-09-05,ITUB4,29.496910095214844,30.591350555419922,29.47043228149414,30.035303115844727,20.468284606933594,47627014
2019-09-06,ITUB4,30.22947883605957,31.094438552856445,30.22947883605957,31.04148292541504,21.153959274291992,24245520
2019-09-09,ITUB4,31.21800422668457,32.03883361816406,31.209178924560547,31.80052947998047,21.671236038208008,39482670
2019-09-10,ITUB4,31.871137619018555,32.030006408691406,30.97087287902832,31.18269920349121,21.250198364257812,25237235
2019-09-11,ITUB4,31.341571807861328,31.491615295410156,30.882612228393555,31.04148292541504,21.153959274291992,18544604
2019-09-12,ITUB4,31.332744598388672,31.421005249023438,31.02383041381836,31.23565673828125,21.28628158569336,15460578
2019-09-13,ITUB4,31.341571807861328,32.135921478271484,31.341571807861328,31.659311294555664,21.57499122619629,28419039
2019-09-16,ITUB4,31.359222412109375,31.438657760620117,30.812002182006836,31.094438552856445,21.190053939819336,22842752
2019-09-17,ITUB4,30.803176879882812,31.28861427307129,30.77669906616211,31.209178924560547,21.26823616027832,13879363
2019-09-18,ITUB4,31.21800422668457,31.456310272216797,30.74139404296875,31.112091064453125,21.202083587646484,15087367
2019-09-19,ITUB4,31.36804962158203,31.624006271362305,30.467784881591797,30.591350555419922,20.84720802307129,20381537
2019-09-20,ITUB4,30.785524368286133,30.979698181152344,30.556045532226562,30.670785903930664,20.901350021362305,37275926
2019-09-23,ITUB4,30.62665367126465,30.644306182861328,30.185348510742188,30.573698043823242,20.835176467895508,14969309
2019-09-24,ITUB4,30.732568740844727,30.79435157775879,30.105913162231445,30.255956649780273,20.618650436401367,11893780
2019-09-25,ITUB4,30.17652130126953,30.820829391479492,30.052955627441406,30.60900115966797,20.859230041503906,16169836
2019-09-26,ITUB4,30.785524368286133,31.509267807006836,30.538393020629883,31.491615295410156,21.460708618164062,21152430
2019-09-27,ITUB4,31.412179946899414,31.456310272216797,30.864959716796875,31.359222412109375,21.370494842529297,18327294
2019-09-30,ITUB4,31.376874923706055,31.588701248168945,30.917917251586914,30.917917251586914,21.06975555419922,18111458
2019-10-01,ITUB4,31.085613250732422,31.165048599243164,30.185348510742188,30.202999114990234,20.59137535095215,19370107
2019-10-02,ITUB4,29.876434326171875,29.955869674682617,29.232126235961914,29.37334442138672,20.02574348449707,26887449
2019-10-03,ITUB4,29.33803939819336,29.655780792236328,28.993820190429688,29.382171630859375,20.031766891479492,24835586
2019-10-04,ITUB4,29.329214096069336,29.56751823425293,28.9232120513916,29.52338981628418,20.12803840637207,28530639
2019-10-07,ITUB4,29.382171630859375,29.691085815429688,28.932037353515625,28.97616958618164,19.754959106445312,17645455
2019-10-08,ITUB4,29.232126235961914,29.364517211914062,28.737863540649414,28.852603912353516,19.67071533203125,16865951
2019-10-09,ITUB4,29.117387771606445,29.514562606811523,28.799646377563477,29.311561584472656,19.983617782592773,14097805
2019-10-10,ITUB4,29.214473724365234,29.62047576904297,29.135038375854492,29.52338981628418,20.12803840637207,12342562
2019-10-11,ITUB4,29.655780792236328,30.255956649780273,29.646953582763672,29.902912139892578,20.386781692504883,22626576
2019-10-14,ITUB4,29.841129302978516,30.485435485839844,29.761693954467773,30.4060001373291,20.729780197143555,11634550
2019-10-15,ITUB4,30.432479858398438,30.573698043823242,30.17652130126953,30.335391998291016,20.6816349029541,18101714
2019-10-16,ITUB4,30.423654556274414,30.87378692626953,29.858781814575195,30.767871856689453,20.976482391357422,20011385
2019-10-17,ITUB4,30.75904655456543,31.00617790222168,30.291261672973633,30.582523345947266,20.85012435913086,19322521
2019-10-18,ITUB4,30.556045532226562,30.556045532226562,30.141218185424805,30.220653533935547,20.603410720825195,12936707
2019-10-21,ITUB4,30.238304138183594,30.77669906616211,30.0,30.714916229248047,20.94038200378418,18556274
2019-10-22,ITUB4,30.68843650817871,31.676963806152344,30.600175857543945,31.668136596679688,21.590255737304688,40264667
2019-10-23,ITUB4,31.412179946899414,32.43600845336914,31.341571807861328,32.11827087402344,21.897144317626953,38952766
2019-10-24,ITUB4,32.1800537109375,32.50661849975586,31.888790130615234,32.268314361572266,21.999435424804688,30875043
2019-10-25,ITUB4,32.25948715209961,32.77140426635742,32.07413864135742,32.480140686035156,22.14385223388672,21476581
2019-10-28,ITUB4,32.347747802734375,33.124446868896484,32.24183654785156,32.92144775390625,22.444725036621094,23766261
2019-10-29,ITUB4,32.73609924316406,32.85966491699219,32.27714157104492,32.338924407958984,22.04758071899414,18759987
2019-10-30,ITUB4,32.18887710571289,32.65666198730469,31.694616317749023,32.54192352294922,22.18597984313965,26711381
2019-10-31,ITUB4,32.03883361816406,32.36540222167969,31.491615295410156,31.977052688598633,21.800859451293945,29501393
2019-11-01,ITUB4,32.35657501220703,32.57722854614258,31.694616317749023,32.08296585083008,21.88213348388672,21479867
2019-11-04,ITUB4,32.171226501464844,32.43600845336914,31.985877990722656,32.18887710571289,21.954362869262695,11404098
2019-11-05,ITUB4,33.221534729003906,33.53044891357422,32.480140686035156,32.74492263793945,22.333616256713867,53231512
2019-11-06,ITUB4,32.74492263793945,32.974403381347656,32.27714157104492,32.303619384765625,22.032634735107422,21562009
2019-11-07,ITUB4,32.462486267089844,32.61253356933594,32.27714157104492,32.4977912902832,22.165058135986328,17776203
2019-11-08,ITUB4,32.09178924560547,32.462486267089844,31.791702270507812,32.01235580444336,21.833974838256836,17094704
2019-11-11,ITUB4,31.950572967529297,32.480140686035156,31.685789108276367,32.1535758972168,21.930288314819336,19804840
2019-11-12,ITUB4,31.791702270507812,32.030006408691406,31.27096176147461,31.606353759765625,21.557064056396484,22256652
2019-11-13,ITUB4,31.4827880859375,31.63283348083496,31.050308227539062,31.28861427307129,21.340347290039062,20040504
2019-11-14,ITUB4,31.332744598388672,31.588701248168945,31.032655715942383,31.491615295410156,21.47880744934082,15875935
2019-11-18,ITUB4,31.774051666259766,31.950572967529297,31.315092086791992,31.35039710998535,21.38248062133789,15120338
2019-11-19,ITUB4,31.332744598388672,31.421005249023438,30.75904655456543,31.00617790222168,21.147703170776367,20266650
2019-11-21,ITUB4,31.00617790222168,31.332744598388672,30.917917251586914,31.323917388916016,21.364425659179688,29530285
2019-11-22,ITUB4,31.12091636657715,31.624006271362305,31.0767879486084,31.53574562072754,21.50890350341797,18618589
2019-11-25,ITUB4,31.588701248168945,31.685789108276367,30.900264739990234,31.085613250732422,21.201879501342773,17224432
2019-11-26,ITUB4,30.891437530517578,30.97087287902832,30.317739486694336,30.450132369995117,20.76846694946289,29657861
2019-11-27,ITUB4,30.62665367126465,30.829654693603516,30.238304138183594,30.62665367126465,20.88885498046875,21942357
2019-11-28,ITUB4,30.4060001373291,30.62665367126465,30.026477813720703,30.538393020629883,20.828657150268555,17958276
2019-11-29,ITUB4,30.600175857543945,30.74139404296875,30.273609161376953,30.714916229248047,20.949052810668945,18729509
2019-12-02,ITUB4,30.820829391479492,31.35039710998535,30.750219345092773,31.13857078552246,21.247161865234375,18635470
2019-12-03,ITUB4,31.412179946899414,31.51809310913086,30.812002182006836,31.147396087646484,21.25318717956543,18127093
2019-12-04,ITUB4,31.23565673828125,32.27714157104492,31.156221389770508,32.268314361572266,22.01802635192871,38590319
2019-12-05,ITUB4,32.100616455078125,32.71844482421875,32.03883361816406,32.22418212890625,21.9879207611084,32944354
2019-12-06,ITUB4,32.21535873413086,32.37422561645508,31.641658782958984,31.641658782958984,21.59044647216797,32623828
2019-12-09,ITUB4,31.774051666259766,32.550750732421875,31.5710506439209,32.25948715209961,22.012020111083984,30252119
2019-12-10,ITUB4,32.25948715209961,32.45366287231445,31.579875946044922,31.791702270507812,21.692827224731445,24390430
2019-12-11,ITUB4,32.21535873413086,32.36540222167969,31.385700225830078,31.421005249023438,21.43988037109375,41970398
2019-12-12,ITUB4,31.72991943359375,31.853485107421875,31.200353622436523,31.412179946899414,21.433860778808594,26461781
2019-12-13,ITUB4,31.5975284576416,32.100616455078125,31.200353622436523,32.04766082763672,21.89056968688965,30880481
2019-12-16,ITUB4,32.16239929199219,32.338924407958984,31.315092086791992,31.315092086791992,21.39019203186035,24544972
2019-12-17,ITUB4,31.55339813232422,32.021183013916016,31.36804962158203,31.791702270507812,21.715734481811523,21811156
2019-12-18,ITUB4,31.703441619873047,32.43600845336914,31.53574562072754,32.19770431518555,21.993061065673828,45832002
2019-12-19,ITUB4,31.91526985168457,32.40070724487305,31.871137619018555,32.35657501220703,22.10158920288086,24986388
2019-12-20,ITUB4,32.33009719848633,32.39188003540039,32.03883361816406,32.21535873413086,22.005130767822266,28170345
2019-12-23,ITUB4,32.21535873413086,32.515445709228516,32.04766082763672,32.515445709228516,22.21010971069336,13246469
2019-12-26,ITUB4,32.480140686035156,33.009708404541016,32.347747802734375,33.009708404541016,22.54772186279297,18505402
2019-12-27,ITUB4,33.09796905517578,33.26566696166992,32.57722854614258,32.92144775390625,22.48743438720703,15244854
2019-12-30,ITUB4,32.95675277709961,33.177406311035156,32.53309631347656,32.74492263793945,22.366844177246094,10452831
2020-01-02,ITUB4,32.90379333496094,33.56575393676758,32.6478385925293,33.56575393676758,22.93680763244629,23414691
2020-01-03,ITUB4,33.09796905517578,33.751102447509766,33.05384063720703,33.21270751953125,22.695554733276367,28201956
2020-01-06,ITUB4,33.1421012878418,33.1685791015625,32.57722854614258,32.71844482421875,22.357807159423828,25259895
2020-01-07,ITUB4,32.71844482421875,32.86848831176758,31.95939826965332,31.95939826965332,21.839113235473633,22661019
2020-01-08,ITUB4,32.171226501464844,32.48896789550781,31.438657760620117,31.438657760620117,21.483274459838867,29436359
2020-01-09,ITUB4,31.588701248168945,31.712268829345703,30.467784881591797,30.812002182006836,21.0550537109375,54864165
2020-01-10,ITUB4,30.962047576904297,31.28861427307129,30.51191520690918,30.538393020629883,20.868083953857422,28915972
2020-01-13,ITUB4,30.909090042114258,31.244483947753906,30.661958694458008,30.944395065307617,21.145524978637695,33084393
2020-01-14,ITUB4,30.820829391479492,30.944395065307617,30.56487274169922,30.944395065307617,21.145524978637695,20884928
2020-01-15,ITUB4,30.79435157775879,30.838481903076172,30.36187171936035,30.56487274169922,20.88618278503418,37114247
2020-01-16,ITUB4,30.803176879882812,30.95322036743164,30.3795223236084,30.62665367126465,20.92839813232422,25897547
2020-01-17,ITUB4,30.803176879882812,31.156221389770508,30.653133392333984,30.838481903076172,21.07315444946289,22346045
2020-01-20,ITUB4,30.714916229248047,30.891437530517578,30.150043487548828,30.21182632446289,20.644933700561523,20759052
2020-01-21,ITUB4,30.01765251159668,30.432479858398438,29.514562606811523,29.56751823425293,20.20465087890625,30452887
2020-01-22,ITUB4,29.876434326171875,30.070608139038086,29.56751823425293,29.744041442871094,20.325275421142578,19763485
2020-01-23,ITUB4,29.56751823425293,30.72374153137207,29.479257583618164,30.450132369995117,20.80778694152832,37476920
2020-01-24,ITUB4,30.547218322753906,30.556045532226562,29.96469497680664,30.220653533935547,20.65097427368164,16718661
2020-01-27,ITUB4,29.779346466064453,30.088260650634766,29.48808479309082,29.56751823425293,20.20465087890625,16300584
2020-01-28,ITUB4,29.805824279785156,29.98234748840332,29.3909969329834,29.558692932128906,20.19862174987793,19471058
2020-01-29,ITUB4,29.73521614074707,29.823476791381836,29.055604934692383,29.099735260009766,19.884998321533203,22740896
2020-01-30,ITUB4,28.817298889160156,29.52338981628418,28.755516052246094,29.52338981628418,20.17449951171875,47347843
2020-01-31,ITUB4,29.117387771606445,29.47043228149414,28.720211029052734,28.967342376708984,19.794525146484375,28845953
2020-02-03,ITUB4,29.12621307373047,29.399822235107422,28.94086456298828,29.037952423095703,19.851844787597656,19924938
2020-02-04,ITUB4,29.443954467773438,29.532215118408203,29.037952423095703,29.267431259155273,20.00872802734375,17822429
2020-02-05,ITUB4,29.75286865234375,30.11473846435547,29.443954467773438,29.443954467773438,20.129423141479492,39419222
2020-02-06,ITUB4,29.744041442871094,29.779346466064453,29.22330093383789,29.37334442138672,20.081144332885742,30010677
2020-02-07,ITUB4,29.17034339904785,30.141218185424805,29.12621307373047,29.75286865234375,20.34060287475586,42053561
2020-02-10,ITUB4,29.770519256591797,30.51191520690918,29.726390838623047,30.255956649780273,20.684541702270508,52133635
2020-02-11,ITUB4,31.032655715942383,31.28861427307129,30.573698043823242,30.95322036743164,21.161239624023438,108217248
2020-02-12,ITUB4,31.04148292541504,31.315092086791992,30.679611206054688,30.829654693603516,21.076744079589844,75093200
2020-02-13,ITUB4,30.635480880737305,30.706090927124023,30.185348510742188,30.353044509887695,20.75092124938965,22982338
2020-02-14,ITUB4,30.24713134765625,30.36187171936035,29.71756362915039,29.841129302978516,20.400941848754883,35695618
2020-02-17,ITUB4,30.0,30.0,29.443954467773438,29.56751823425293,20.213890075683594,36522255
2020-02-18,ITUB4,29.461605072021484,29.779346466064453,29.099735260009766,29.691085815429688,20.298368453979492,27135350
2020-02-19,ITUB4,29.744041442871094,30.3795223236084,29.585172653198242,30.11473846435547,20.5880069732666,22404168
2020-02-20,ITUB4,30.21182632446289,30.24713134765625,29.858781814575195,30.008825302124023,20.51559066772461,54393857
2020-02-21,ITUB4,28.932037353515625,29.037952423095703,28.640775680541992,28.84377670288086,20.320777893066406,22094859
2020-02-26,ITUB4,27.449249267578125,27.89055633544922,27.157987594604492,27.405118942260742,19.30722427368164,39916949
2020-02-27,ITUB4,27.09620475769043,28.534862518310547,26.981464385986328,27.422771453857422,19.319664001464844,69123763
2020-02-28,ITUB4,27.449249267578125,28.314210891723633,27.184465408325195,28.243600845336914,19.897945404052734,63523344
2020-03-02,ITUB4,28.18181800842285,28.499557495117188,27.599292755126953,28.13768768310547,19.832626342773438,58095028
2020-03-03,ITUB4,27.9346866607666,28.217121124267578,27.32568359375,27.62577247619629,19.4718017578125,49501903
2020-03-04,ITUB4,28.075904846191406,28.093555450439453,27.299205780029297,27.89055633544922,19.658445358276367,35383476
2020-03-05,ITUB4,27.59046745300293,27.793468475341797,26.637245178222656,26.937334060668945,18.986568450927734,34451470
2020-03-06,ITUB4,26.125329971313477,26.787290573120117,25.878198623657227,26.363636016845703,18.58220100402832,36741263
2020-03-09,ITUB4,24.713150024414062,25.110326766967773,24.1571044921875,24.53662872314453,17.294456481933594,53794386
2020-03-10,ITUB4,26.03706932067871,26.213592529296875,24.342453002929688,25.145631790161133,17.723695755004883,50493617
2020-03-11,ITUB4,24.53662872314453,24.836715698242188,22.0917911529541,23.09796905517578,16.28042221069336,54658299
2020-03-12,ITUB4,20.47661018371582,21.676963806152344,19.779346466064453,20.829654693603516,14.681617736816406,66265997
2020-03-13,ITUB4,23.77758026123047,23.989408493041992,20.87378692626953,23.13327407836914,16.305299758911133,101625228
2020-03-16,ITUB4,20.74139404296875,22.647836685180664,20.052955627441406,21.00617790222168,14.806045532226562,70717328
2020-03-17,ITUB4,21.63283348083496,23.5745792388916,20.74139404296875,22.24183464050293,15.676989555358887,79869022
2020-03-18,ITUB4,21.156221389770508,21.403352737426758,19.011472702026367,20.697263717651367,14.588296890258789,94874360
2020-03-19,ITUB4,20.097087860107422,20.944395065307617,18.64960289001465,20.167695999145508,14.21504020690918,83448395
2020-03-20,ITUB4,20.644306182861328,21.156221389770508,19.064430236816406,19.461605072021484,13.717355728149414,83160613
2020-03-23,ITUB4,19.646953582763672,19.84995460510254,17.652250289916992,18.111209869384766,12.765545845031738,60567800
2020-03-24,ITUB4,19.152690887451172,20.547218322753906,18.97616958618164,19.858781814575195,13.997304916381836,58312904
2020-03-25,ITUB4,19.62047576904297,21.827007293701172,19.426300048828125,20.829654693603516,14.681617736816406,49727030
2020-03-26,ITUB4,21.385700225830078,21.906442642211914,20.935569763183594,21.403352737426758,15.08598518371582,57531134
2020-03-27,ITUB4,20.317739486694336,21.200353622436523,19.86760711669922,20.273609161376953,14.28969669342041,47564812
2020-03-30,ITUB4,20.397174835205078,21.526918411254883,20.150043487548828,21.279787063598633,14.998887062072754,34245491
2020-03-31,ITUB4,21.13857078552246,21.403352737426758,20.13239097595215,20.3795223236084,14.364350318908691,46028351
2020-04-01,ITUB4,19.611650466918945,19.75286865234375,18.702558517456055,18.887908935546875,13.321650505065918,50241525
2020-04-02,ITUB4,18.870254516601562,19.4174747467041,18.667255401611328,18.97616958618164,13.38390064239502,44364087
2020-04-03,ITUB4,18.905559539794922,18.95851707458496,17.661075592041016,18.234773635864258,12.860991477966309,42366382
2020-04-06,ITUB4,19.541040420532227,20.01765251159668,19.320388793945312,19.576345443725586,13.807204246520996,44533358
2020-04-07,ITUB4,20.74139404296875,21.0767879486084,20.22947883605957,20.30008888244629,14.317657470703125,43110310
2020-04-08,ITUB4,20.308914184570312,21.526918411254883,20.24713134765625,21.341571807861328,15.05221939086914,46392951
2020-04-09,ITUB4,21.588701248168945,21.80052947998047,20.74139404296875,20.74139404296875,14.628917694091797,42268831
2020-04-13,ITUB4,20.697263717651367,21.18269920349121,20.317739486694336,21.18269920349121,14.940163612365723,24475859
2020-04-14,ITUB4,21.588701248168945,22.197704315185547,21.44748306274414,21.44748306274414,15.126916885375977,38256991
2020-04-15,ITUB4,21.050308227539062,21.606353759765625,20.62665367126465,20.653133392333984,14.566658020019531,39479498
2020-04-16,ITUB4,20.917917251586914,21.02383041381836,20.123565673828125,20.13239097595215,14.199387550354004,35203782
2020-04-17,ITUB4,20.68843650817871,20.838481903076172,19.955869674682617,20.4942626953125,14.454608917236328,28510925
2020-04-20,ITUB4,20.052955627441406,20.273609161376953,19.858781814575195,19.98234748840332,14.093552589416504,32385445
2020-04-22,ITUB4,19.770519256591797,20.414827346801758,19.60282325744629,19.744041442871094,13.925472259521484,54442009
2020-04-23,ITUB4,20.0,20.070608139038086,19.276256561279297,19.461605072021484,13.726272583007812,46968628
2020-04-24,ITUB4,19.18799591064453,19.258604049682617,17.978816986083984,18.4289493560791,12.997943878173828,77972720
2020-04-27,ITUB4,19.011472702026367,19.541040420532227,18.623123168945312,19.037952423095703,13.427478790283203,43526121
2020-04-28,ITUB4,20.28243637084961,20.838481903076172,19.938217163085938,20.60900115966797,14.535531044006348,66017077
2020-04-29,ITUB4,21.18269920349121,21.28861427307129,20.44130516052246,20.882612228393555,14.728509902954102,35725869
2020-04-30,ITUB4,19.938217163085938,20.591350555419922,19.823476791381836,20.097087860107422,14.174483299255371,52450082
2020-05-04,ITUB4,19.37334442138672,19.496910095214844,19.22330093383789,19.320388793945312,13.635656356811523,36303925
2020-05-05,ITUB4,19.593997955322266,20.62665367126465,19.33803939819336,20.035303115844727,14.140218734741211,58831591
2020-05-06,ITUB4,19.94704246520996,20.105913162231445,19.4174747467041,19.629301071166992,13.853675842285156,33059693
2020-05-07,ITUB4,19.75286865234375,19.841129302978516,18.64960289001465,18.9232120513916,13.355341911315918,59143166
2020-05-08,ITUB4,19.43512725830078,20.097087860107422,19.329214096069336,19.69991111755371,13.903514862060547,40499198
2020-05-11,ITUB4,19.56751823425293,20.326566696166992,19.56751823425293,19.75286865234375,13.94088077545166,43299294
2020-05-12,ITUB4,19.86760711669922,20.0,19.055604934692383,19.07325553894043,13.461243629455566,49000210
2020-05-13,ITUB4,19.18799591064453,19.364517211914062,18.71138572692871,19.064430236816406,13.455009460449219,39327676
2020-05-14,ITUB4,18.808473587036133,19.938217163085938,18.29655647277832,19.902912139892578,14.04678726196289,69987336
2020-05-15,ITUB4,19.858781814575195,20.097087860107422,19.09090805053711,19.09090805053711,13.4736967086792,42790577
2020-05-18,ITUB4,19.814651489257812,20.24713134765625,19.426300048828125,20.008825302124023,14.121535301208496,56197819
2020-05-19,ITUB4,19.973520278930664,20.052955627441406,19.07325553894043,19.14386558532715,13.511077880859375,46319079
2020-05-20,ITUB4,19.35569190979004,19.37334442138672,18.852603912353516,19.064430236816406,13.455009460449219,46901668
2020-05-21,ITUB4,19.17034339904785,20.158870697021484,19.161518096923828,20.158870697021484,14.227429389953613,68890818
2020-05-22,ITUB4,19.94704246520996,20.60900115966797,19.60282325744629,20.26478385925293,14.302177429199219,58072141
2020-05-25,ITUB4,21.1032657623291,21.35039710998535,20.644306182861328,21.147396087646484,14.92509651184082,31903240
2020-05-26,ITUB4,21.473962783813477,21.55339813232422,20.17652130126953,20.308914184570312,14.333325386047363,60124797
2020-05-27,ITUB4,20.864959716796875,20.944395065307617,20.44130516052246,20.944395065307617,14.781830787658691,41286633
2020-05-28,ITUB4,20.732568740844727,21.226831436157227,20.573698043823242,20.573698043823242,14.52020263671875,27099660
2020-05-29,ITUB4,20.45895767211914,20.56487274169922,20.044130325317383,20.335391998291016,14.352008819580078,61146310
2020-06-01,ITUB4,20.150043487548828,21.050308227539062,20.035303115844727,20.882612228393555,14.747820854187012,44437732
2020-06-02,ITUB4,21.18269920349121,22.330097198486328,21.032655715942383,22.285966873168945,15.738906860351562,65499523
2020-06-03,ITUB4,23.212709426879883,23.62753677368164,22.77140235900879,22.877315521240234,16.15652847290039,66527720
2020-06-04,ITUB4,22.744924545288086,23.68049430847168,22.488967895507812,23.539276123046875,16.624019622802734,50233367
2020-06-05,ITUB4,24.854368209838867,25.330978393554688,23.989408493041992,24.060016632080078,16.99178123474121,73266011
2020-06-08,ITUB4,24.368932723999023,25.136804580688477,24.280670166015625,25.03089141845703,17.677438735961914,35987818
2020-06-09,ITUB4,24.333627700805664,24.924976348876953,24.060016632080078,24.53662872314453,17.328384399414062,58505854
2020-06-10,ITUB4,24.810237884521484,24.863195419311523,23.371578216552734,23.468666076660156,16.574155807495117,55794358
2020-06-12,ITUB4,22.86849021911621,23.274492263793945,22.612533569335938,23.00088119506836,16.243803024291992,61413132
2020-06-15,ITUB4,22.153573989868164,22.939098358154297,22.0917911529541,22.462488174438477,15.863569259643555,42389042
2020-06-16,ITUB4,23.389232635498047,23.45101547241211,22.683141708374023,23.106796264648438,16.3185977935791,43066689
2020-06-17,ITUB4,23.106796264648438,23.77758026123047,23.0803165435791,23.39805793762207,16.52429962158203,40552449
2020-06-18,ITUB4,23.389232635498047,24.63371467590332,23.230361938476562,24.315975189208984,17.172548294067383,61149709
2020-06-19,ITUB4,24.80141258239746,24.924976348876953,24.342453002929688,24.792585372924805,17.509140014648438,70349896
2020-06-22,ITUB4,24.748455047607422,24.924976348876953,23.751102447509766,24.02471351623535,16.966854095458984,33178998
2020-06-23,ITUB4,24.448366165161133,24.492496490478516,23.442188262939453,23.706972122192383,16.742448806762695,67533031
2020-06-24,ITUB4,23.64518928527832,23.759929656982422,22.594879150390625,22.80670738220215,16.106660842895508,64993751
2020-06-25,ITUB4,22.974403381347656,23.239187240600586,22.515445709228516,23.0803165435791,16.299896240234375,52542988
2020-06-26,ITUB4,22.69196891784668,23.142099380493164,22.54192352294922,22.69196891784668,16.025634765625,44938632
2020-06-29,ITUB4,22.859664916992188,23.406883239746094,22.727272033691406,23.371578216552734,16.505586624145508,34859350
2020-06-30,ITUB4,23.142099380493164,23.221534729003906,22.462488174438477,22.462488174438477,15.863569259643555,51811183
2020-07-01,ITUB4,22.594879150390625,23.13327407836914,22.54192352294922,23.03618621826172,16.278329849243164,44340408
2020-07-02,ITUB4,23.389232635498047,24.051191329956055,23.309795379638672,23.433361053466797,16.558984756469727,47130873
2020-07-03,ITUB4,23.292144775390625,23.556928634643555,23.124448776245117,23.389232635498047,16.52780532836914,11603506
2020-07-06,ITUB4,23.936450958251953,24.580759048461914,23.69814682006836,24.47484588623047,17.294952392578125,33275416
2020-07-07,ITUB4,24.210060119628906,24.45719337463379,23.230361938476562,23.274492263793945,16.446725845336914,73551300
2020-07-08,ITUB4,23.521623611450195,23.89232063293457,23.389232635498047,23.77758026123047,16.80222511291504,38509083
2020-07-09,ITUB4,23.848190307617188,23.980581283569336,23.459840774536133,23.786407470703125,16.8084716796875,49262840
2020-07-10,ITUB4,23.786407470703125,24.104148864746094,23.495145797729492,24.00705909729004,16.96438217163086,27255901
2020-07-13,ITUB4,24.22771453857422,24.315975189208984,23.654014587402344,23.654014587402344,16.71490478515625,28077666
2020-07-14,ITUB4,23.60988426208496,24.201234817504883,23.336275100708008,24.051191329956055,16.995573043823242,32228524
2020-07-15,ITUB4,24.30714988708496,24.53662872314453,23.89232063293457,24.218887329101562,17.114072799682617,36201842
2020-07-16,ITUB4,23.980581283569336,24.112974166870117,23.759929656982422,23.812885284423828,16.827167510986328,22066534
2020-07-17,ITUB4,23.92762565612793,24.183582305908203,23.830537796020508,24.02471351623535,16.976856231689453,36778199
2020-07-20,ITUB4,24.051191329956055,24.298322677612305,23.79523277282715,24.095321655273438,17.026752471923828,32553016
2020-07-21,ITUB4,24.360105514526367,24.748455047607422,24.148277282714844,24.51897621154785,17.326128005981445,42023423
2020-07-22,ITUB4,24.580759048461914,24.580759048461914,23.62753677368164,23.89232063293457,16.883296966552734,51680208
2020-07-23,ITUB4,23.918798446655273,23.954103469848633,23.353927612304688,23.389232635498047,16.52780532836914,33214348
2020-07-24,ITUB4,23.256839752197266,23.724624633789062,23.045013427734375,23.36275291442871,16.50908851623535,34212861
2020-07-27,ITUB4,23.503971099853516,24.642541885375977,23.424535751342773,24.53662872314453,17.338600158691406,56040672
2020-07-28,ITUB4,24.466018676757812,24.942630767822266,24.28949546813965,24.395410537719727,17.238811492919922,26941380
2020-07-29,ITUB4,24.845542907714844,25.145631790161133,24.607236862182617,24.96910858154297,17.644210815429688,30774772
2020-07-30,ITUB4,24.598411560058594,24.91615104675293,24.201234817504883,24.545454025268555,17.344833374023438,32962255
2020-07-31,ITUB4,24.660194396972656,24.695497512817383,23.64518928527832,23.73345184326172,16.771032333374023,34987266
2020-08-03,ITUB4,23.918798446655273,24.45719337463379,23.389232635498047,24.077669143676758,17.023773193359375,37612314
2020-08-04,ITUB4,23.168577194213867,23.556928634643555,22.427183151245117,22.674314498901367,16.031557083129883,90419518
2020-08-05,ITUB4,23.0803165435791,23.212709426879883,22.383052825927734,22.65666389465332,16.019067764282227,56571143
2020-08-06,ITUB4,22.683141708374023,23.212709426879883,22.427183151245117,22.974403381347656,16.243732452392578,33894374
2020-08-07,ITUB4,22.62135887145996,23.34510040283203,22.418357849121094,22.488967895507812,15.900510787963867,75467317
2020-08-10,ITUB4,22.52427101135254,23.01853370666504,22.427183151245117,22.780229568481445,16.106447219848633,34110211
2020-08-11,ITUB4,23.0538387298584,23.203882217407227,22.515445709228516,22.515445709228516,15.919227600097656,29715757
2020-08-12,ITUB4,22.674314498901367,22.824359893798828,21.985877990722656,22.25948715209961,15.73825740814209,56153519
2020-08-13,ITUB4,22.471315383911133,22.550750732421875,21.624006271362305,21.624006271362305,15.288948059082031,46391704
2020-08-14,ITUB4,21.685789108276367,22.250661849975586,21.509267807006836,21.827007293701172,15.432479858398438,34715799
2020-08-17,ITUB4,21.818180084228516,21.84465980529785,21.050308227539062,21.30626678466797,15.064290046691895,42819015
2020-08-18,ITUB4,21.72991943359375,21.74757194519043,21.226831436157227,21.394527435302734,15.159920692443848,47555975
2020-08-19,ITUB4,21.46513557434082,21.55339813232422,21.200353622436523,21.28861427307129,15.084868431091309,31101529
2020-08-20,ITUB4,20.917917251586914,21.394527435302734,20.77669906616211,21.28861427307129,15.084868431091309,37688678
2020-08-21,ITUB4,21.1032657623291,21.394527435302734,21.015003204345703,21.25330924987793,15.059849739074707,26907617
2020-08-24,ITUB4,21.403352737426758,21.91526985168457,21.385700225830078,21.606353759765625,15.310016632080078,37897717
2020-08-25,ITUB4,21.74757194519043,21.80052947998047,21.28861427307129,21.44748306274414,15.197443008422852,36263931
2020-08-26,ITUB4,21.44748306274414,21.50044059753418,20.750219345092773,20.997352600097656,14.878487586975098,34718858
2020-08-27,ITUB4,21.085613250732422,21.624006271362305,21.00617790222168,21.341571807861328,15.122394561767578,39986969
2020-08-28,ITUB4,21.44748306274414,21.676963806152344,21.315092086791992,21.562223434448242,15.278746604919434,63602201
2020-08-31,ITUB4,21.332744598388672,21.438657760620117,20.785524368286133,20.785524368286133,14.728382110595703,51036438
2020-09-01,ITUB4,21.067960739135742,21.4827880859375,20.944395065307617,21.4827880859375,15.232154846191406,63655112
2020-09-02,ITUB4,21.491615295410156,21.579875946044922,21.094438552856445,21.438657760620117,15.20087718963623,28518629
2020-09-03,ITUB4,21.359222412109375,22.50661849975586,21.323917388916016,21.95939826965332,15.570089340209961,91774926
2020-09-04,ITUB4,22.206531524658203,22.321269989013672,21.668136596679688,22.03000831604004,15.620162963867188,47223326
2020-09-08,ITUB4,21.676963806152344,21.86231231689453,21.421005249023438,21.53574562072754,15.269709587097168,33126654
2020-09-09,ITUB4,21.712268829345703,21.897615432739258,21.323917388916016,21.562223434448242,15.288481712341309,33617016
2020-09-10,ITUB4,21.53574562072754,21.76522445678711,21.094438552856445,21.1032657623291,14.963066101074219,41152259
2020-09-11,ITUB4,21.13857078552246,21.244483947753906,20.679611206054688,20.85613441467285,14.787845611572266,26452944
2020-09-14,ITUB4,20.997352600097656,21.376874923706055,20.582523345947266,21.226831436157227,15.050683975219727,49272923
2020-09-15,ITUB4,21.332744598388672,21.385700225830078,20.829654693603516,20.944395065307617,14.850414276123047,33112604
2020-09-16,ITUB4,20.97087287902832,21.376874923706055,20.864959716796875,20.882612228393555,14.80661678314209,29033351
2020-09-17,ITUB4,20.74139404296875,21.032655715942383,20.644306182861328,20.909090042114258,14.82539176940918,28402837
2020-09-18,ITUB4,20.74139404296875,20.847307205200195,20.326566696166992,20.388349533081055,14.456155776977539,44287157
2020-09-21,ITUB4,20.079435348510742,20.317739486694336,19.814651489257812,20.21182632446289,14.330995559692383,41436302
2020-09-22,ITUB4,20.167695999145508,20.573698043823242,20.088260650634766,20.388349533081055,14.456155776977539,30894983
2020-09-23,ITUB4,20.22947883605957,20.414827346801758,19.83230209350586,19.841129302978516,14.068164825439453,27895932
2020-09-24,ITUB4,19.858781814575195,20.600175857543945,19.788171768188477,20.326566696166992,14.41235065460205,45360901
2020-09-25,ITUB4,20.13239097595215,20.28243637084961,19.96469497680664,20.220653533935547,14.337260246276855,24666882
2020-09-28,ITUB4,20.520740509033203,21.094438552856445,19.92938995361328,20.21182632446289,14.330995559692383,66094801
2020-09-29,ITUB4,20.21182632446289,20.220653533935547,19.68225860595703,19.770519256591797,14.01809024810791,30706679
2020-09-30,ITUB4,19.92938995361328,20.026477813720703,19.744041442871094,19.858781814575195,14.080680847167969,25282781
2020-10-01,ITUB4,19.902912139892578,19.94704246520996,19.576345443725586,19.876434326171875,14.102598190307617,23197155
2020-10-02,ITUB4,19.73521614074707,20.582523345947266,19.71756362915039,19.938217163085938,14.1464262008667,40201106
2020-10-05,ITUB4,20.052955627441406,20.308914184570312,19.71756362915039,20.150043487548828,14.296725273132324,25874887
2020-10-06,ITUB4,20.3795223236084,20.635480880737305,20.044130325317383,20.185348510742188,14.321771621704102,23946974
2020-10-07,ITUB4,20.238304138183594,20.30008888244629,19.920564651489258,20.035303115844727,14.215310096740723,25827981
2020-10-08,ITUB4,20.052955627441406,21.429832458496094,19.94704246520996,21.244483947753906,15.073251724243164,71616250
2020-10-09,ITUB4,21.094438552856445,21.721094131469727,20.820829391479492,21.18269920349121,15.029401779174805,55458763
2020-10-13,ITUB4,21.165048599243164,21.297439575195312,20.847307205200195,20.979698181152344,14.8853759765625,35136596
2020-10-14,ITUB4,21.085613250732422,21.156221389770508,20.882612228393555,20.917917251586914,14.84154224395752,24984802
2020-10-15,ITUB4,20.706090927124023,20.944395065307617,20.52956771850586,20.732568740844727,14.710037231445312,24705404
2020-10-16,ITUB4,20.661958694458008,20.697263717651367,20.3795223236084,20.397174835205078,14.472065925598145,24088939
2020-10-19,ITUB4,20.520740509033203,21.13857078552246,20.24713134765625,20.617828369140625,14.628623962402344,43371919
2020-10-20,ITUB4,20.75904655456543,21.53574562072754,20.74139404296875,21.438657760620117,15.211015701293945,51806311
2020-10-21,ITUB4,21.412179946899414,22.01235580444336,21.244483947753906,21.63283348083496,15.348786354064941,43210807
2020-10-22,ITUB4,21.685789108276367,22.877315521240234,21.668136596679688,22.744924545288086,16.137828826904297,75295554
2020-10-23,ITUB4,22.859664916992188,23.212709426879883,22.427183151245117,22.453662872314453,15.931175231933594,57271110
2020-10-26,ITUB4,22.330097198486328,22.824359893798828,22.206531524658203,22.612533569335938,16.04389762878418,36406802
2020-10-27,ITUB4,23.03618621826172,23.09796905517578,21.791702270507812,21.968225479125977,15.586749076843262,53568353
2020-10-28,ITUB4,21.403352737426758,21.55339813232422,20.944395065307617,20.988525390625,14.891633987426758,43793395
2020-10-29,ITUB4,20.812002182006836,21.21800422668457,20.335391998291016,21.094438552856445,14.966781616210938,48676512
2020-10-30,ITUB4,20.87378692626953,21.12091636657715,20.503089904785156,20.72374153137207,14.703768730163574,44402270
2020-11-03,ITUB4,21.094438552856445,21.46513557434082,20.926742553710938,21.21800422668457,15.064078330993652,42419859
2020-11-04,ITUB4,22.50661849975586,22.718446731567383,21.950572967529297,22.0653133392334,15.665637016296387,109894315
2020-11-05,ITUB4,22.515445709228516,22.894969940185547,22.427183151245117,22.5860538482666,16.035350799560547,50004728
2020-11-06,ITUB4,22.37422752380371,22.78905487060547,22.29479217529297,22.5595760345459,16.016551971435547,36059991
2020-11-09,ITUB4,23.601058959960938,24.730802536010742,23.601058959960938,24.38658332824707,17.31366539001465,113427009
2020-11-10,ITUB4,24.40423583984375,25.7281551361084,24.40423583984375,25.489849090576172,18.09695053100586,96471437
2020-11-11,ITUB4,25.383935928344727,25.595762252807617,24.89849853515625,25.27802276611328,17.946557998657227,69702386
2020-11-12,ITUB4,25.08384895324707,25.46337127685547,24.35127830505371,24.660194396972656,17.507923126220703,52200255
2020-11-13,ITUB4,24.863195419311523,25.242717742919922,24.70432472229004,25.12797737121582,17.840030670166016,41748557
2020-11-16,ITUB4,25.613414764404297,26.116504669189453,25.50750160217285,26.010591506958008,18.466651916503906,61190157
2020-11-17,ITUB4,25.922330856323242,26.134157180786133,25.50750160217285,26.028242111206055,18.47919273376465,45997873
2020-11-18,ITUB4,25.97528648376465,26.098852157592773,25.339805603027344,25.39276123046875,18.028018951416016,46844791
2020-11-19,ITUB4,25.50750160217285,25.948808670043945,25.304500579833984,25.42806625366211,18.053091049194336,30181873
2020-11-23,ITUB4,25.46337127685547,25.781112670898438,25.357458114624023,25.50750160217285,18.10948371887207,31243381
2020-11-24,ITUB4,25.684024810791016,26.637245178222656,25.684024810791016,26.2224178314209,18.61705207824707,53998780
2020-11-25,ITUB4,26.142982482910156,26.293027877807617,25.533979415893555,25.913503646850586,18.39772605895996,47849082
2020-11-26,ITUB4,25.851720809936523,25.895851135253906,25.2603702545166,25.366283416748047,18.00921630859375,34762819
2020-11-27,ITUB4,25.639894485473633,26.293027877807617,25.50750160217285,25.560457229614258,18.147077560424805,50016285
2020-11-30,ITUB4,25.569284439086914,25.77228546142578,25.207412719726562,25.207412719726562,17.896432876586914,67854576
2020-12-01,ITUB4,25.639894485473633,26.893203735351562,25.54280662536621,26.257722854614258,18.651906967163086,58196205
2020-12-02,ITUB4,26.407766342163086,26.690202713012695,25.984111785888672,26.460723876953125,18.79610824584961,36436713
2020-12-03,ITUB4,26.601940155029297,27.255075454711914,26.390113830566406,26.443071365356445,18.7835693359375,45192877
2020-12-04,ITUB4,26.672550201416016,26.840246200561523,26.16946029663086,26.707855224609375,18.971656799316406,39764447
2020-12-07,ITUB4,26.69902992248535,27.413944244384766,26.504854202270508,26.86672592163086,19.084510803222656,34741292
2020-12-08,ITUB4,26.86672592163086,27.475727081298828,26.646072387695312,26.79611587524414,19.034351348876953,31536148
2020-12-09,ITUB4,26.822593688964844,27.13150978088379,26.734333038330078,26.954986572265625,19.147201538085938,35784218
2020-12-10,ITUB4,27.149160385131836,27.996469497680664,27.149160385131836,27.846424102783203,19.780427932739258,57185795
2020-12-11,ITUB4,27.511032104492188,27.78464126586914,27.19329261779785,27.62577247619629,19.663555145263672,27197665
2020-12-14,ITUB4,27.775815963745117,27.917034149169922,27.255075454711914,27.255075454711914,19.399690628051758,30308089
2020-12-15,ITUB4,27.255075454711914,27.714033126831055,27.255075454711914,27.502206802368164,19.575597763061523,28385955
2020-12-16,ITUB4,27.57281494140625,28.4024715423584,27.378639221191406,28.022947311401367,19.946252822875977,46688550
2020-12-17,ITUB4,28.146512985229492,28.375991821289062,27.864076614379883,27.987642288208008,19.921133041381836,20237079
2020-12-18,ITUB4,27.996469497680664,28.34951400756836,27.811119079589844,27.943511962890625,19.889719009399414,35932075
2020-12-21,ITUB4,27.405118942260742,27.80229377746582,27.281553268432617,27.449249267578125,19.537906646728516,26583352
2020-12-22,ITUB4,27.511032104492188,27.9346866607666,27.493379592895508,27.581640243530273,19.632137298583984,22273647
2020-12-23,ITUB4,27.643423080444336,28.287731170654297,27.599292755126953,28.190643310546875,20.06561851501465,22613773
2020-12-28,ITUB4,28.437774658203125,28.623123168945312,28.252426147460938,28.393644332885742,20.210102081298828,17498731
2020-12-29,ITUB4,28.48190689086914,28.587818145751953,28.18181800842285,28.33186149597168,20.1661319732666,18563298
2020-12-30,ITUB4,28.420122146606445,28.534862518310547,27.917034149169922,27.917034149169922,19.870868682861328,29055105
2021-01-04,ITUB4,28.225948333740234,28.234773635864258,27.219770431518555,27.27272605895996,19.42147445678711,35517057
2021-01-05,ITUB4,27.122682571411133,27.413944244384766,26.628419876098633,27.09620475769043,19.295759201049805,32007023
2021-01-06,ITUB4,27.34333610534668,28.29655647277832,27.17563819885254,27.89055633544922,19.86144256591797,48789132
2021-01-07,ITUB4,27.9346866607666,29.179170608520508,27.80229377746582,28.97616958618164,20.634523391723633,52265063
2021-01-08,ITUB4,29.064430236816406,29.514562606811523,28.623123168945312,28.967342376708984,20.628250122070312,59519322
2021-01-11,ITUB4,28.658428192138672,28.86142921447754,27.996469497680664,28.314210891723633,20.163129806518555,35762351
2021-01-12,ITUB4,28.4024715423584,28.640775680541992,28.261253356933594,28.4024715423584,20.225984573364258,37490176
2021-01-13,ITUB4,28.4024715423584,28.71138572692871,27.59046745300293,27.9346866607666,19.892860412597656,48404705
2021-01-14,ITUB4,28.261253356933594,29.07325553894043,27.95233726501465,28.764341354370117,20.483675003051758,31976092
2021-01-15,ITUB4,28.287731170654297,28.587818145751953,27.669902801513672,27.678728103637695,19.710586547851562,42778794
2021-01-18,ITUB4,27.943511962890625,28.18181800842285,27.484554290771484,27.537511825561523,19.610027313232422,21439532
2021-01-19,ITUB4,27.793468475341797,27.899381637573242,26.96381187438965,27.2109432220459,19.377470016479492,30824398
2021-01-20,ITUB4,27.405118942260742,27.449249267578125,26.575462341308594,26.760812759399414,19.056928634643555,32848502
2021-01-21,ITUB4,26.760812759399414,26.884376525878906,26.16946029663086,26.39893913269043,18.799224853515625,39282922
2021-01-22,ITUB4,25.816415786743164,26.010591506958008,25.57811164855957,25.834068298339844,18.3969669342041,41696212
2021-01-26,ITUB4,25.586936950683594,26.345983505249023,24.836715698242188,24.93380355834961,17.78635597229004,57774842
2021-01-27,ITUB4,24.810237884521484,25.586936950683594,24.589584350585938,24.93380355834961,17.78635597229004,48685803
2021-01-28,ITUB4,24.96910858154297,26.151809692382812,24.91615104675293,25.93998146057129,18.50411033630371,58947950
2021-01-29,ITUB4,25.78993797302246,26.081199645996094,24.96910858154297,25.01323890686035,17.843019485473633,52468890
2021-02-01,ITUB4,25.595762252807617,25.966459274291992,25.366283416748047,25.666372299194336,18.318628311157227,52534944
2021-02-02,ITUB4,25.666372299194336,25.860546112060547,24.713150024414062,25.119152069091797,17.928064346313477,113671397
2021-02-03,ITUB4,25.383935928344727,25.50750160217285,24.89849853515625,24.995586395263672,17.839874267578125,46949933
2021-02-04,ITUB4,25.18093490600586,25.207412719726562,24.607236862182617,24.889673233032227,17.7642765045166,74160061
2021-02-05,ITUB4,24.986759185791016,25.110326766967773,24.61606216430664,24.78375816345215,17.68869400024414,44519988
2021-02-08,ITUB4,24.713150024414062,24.889673233032227,24.280670166015625,24.324800491333008,17.361108779907227,32786187
2021-02-09,ITUB4,24.263017654418945,25.075021743774414,24.033538818359375,24.61606216430664,17.568992614746094,42778341
2021-02-10,ITUB4,24.624889373779297,24.880847930908203,24.165931701660156,24.43954086303711,17.443010330200195,32474159
2021-02-11,ITUB4,24.70432472229004,24.827890396118164,24.2718448638916,24.43954086303711,17.443010330200195,25381012
2021-02-12,ITUB4,24.298322677612305,24.80141258239746,24.183582305908203,24.501323699951172,17.487104415893555,28173404
2021-02-17,ITUB4,24.53662872314453,24.960281372070312,24.395410537719727,24.810237884521484,17.70757484436035,27915647
2021-02-18,ITUB4,24.642541885375977,25.154457092285156,24.545454025268555,24.63371467590332,17.581592559814453,55882732
2021-02-19,ITUB4,24.61606216430664,24.889673233032227,24.130626678466797,24.377758026123047,17.398908615112305,30505118
2021-02-22,ITUB4,23.433361053466797,23.486318588256836,22.533096313476562,22.60370635986328,16.132736206054688,97990677
2021-02-23,ITUB4,22.86849021911621,24.210060119628906,22.815532684326172,24.051191329956055,17.165828704833984,86633938
2021-02-24,ITUB4,24.210060119628906,24.28949546813965,23.486318588256836,23.69814682006836,16.913867950439453,40386578
2021-02-25,ITUB4,23.742277145385742,23.883495330810547,22.930273056030273,22.956750869750977,16.38471031188965,46423088
2021-02-26,ITUB4,23.124448776245117,23.292144775390625,22.515445709228516,22.550750732421875,16.186410903930664,54721294
2021-03-01,ITUB4,22.859664916992188,22.92144775390625,21.86231231689453,21.86231231689453,15.701488494873047,51129457
2021-03-02,ITUB4,21.473962783813477,23.230361938476562,21.112091064453125,22.744924545288086,16.335371017456055,75324899
2021-03-03,ITUB4,22.744924545288086,23.203882217407227,21.906442642211914,22.797880172729492,16.373401641845703,69736603
2021-03-04,ITUB4,22.965578079223633,23.918798446655273,22.88614273071289,23.51279640197754,16.886856079101562,74479227
2021-03-05,ITUB4,23.592233657836914,24.554279327392578,23.406883239746094,24.38658332824707,17.514419555664062,87989913
2021-03-08,ITUB4,23.742277145385742,24.695497512817383,23.442188262939453,23.60988426208496,16.956592559814453,64742225
2021-03-09,ITUB4,23.495145797729492,24.324800491333008,23.256839752197266,23.936450958251953,17.191129684448242,42477076
2021-03-10,ITUB4,23.92762565612793,24.263017654418945,23.486318588256836,24.112974166870117,17.31791114807129,42320722
2021-03-11,ITUB4,24.360105514526367,24.607236862182617,23.812885284423828,24.148277282714844,17.3432559967041,39134159
2021-03-12,ITUB4,23.96293067932129,24.280670166015625,23.883495330810547,23.989408493041992,17.229162216186523,27834637
2021-03-15,ITUB4,23.96293067932129,24.35127830505371,23.812885284423828,24.2718448638916,17.432003021240234,31826649
2021-03-16,ITUB4,24.280670166015625,24.30714988708496,23.486318588256836,23.77758026123047,17.077030181884766,24795138
2021-03-17,ITUB4,23.706972122192383,24.757280349731445,23.62753677368164,24.70432472229004,17.742612838745117,40771231
2021-03-18,ITUB4,24.6513671875,25.348630905151367,24.571931838989258,24.845542907714844,17.844043731689453,51899784
2021-03-19,ITUB4,24.924976348876953,25.225065231323242,24.492496490478516,24.89849853515625,17.882062911987305,53595885
2021-03-22,ITUB4,24.70432472229004,25.04854393005371,24.2718448638916,25.039716720581055,17.98349380493164,40546557
2021-03-23,ITUB4,24.713150024414062,25.172109603881836,24.395410537719727,24.40423583984375,17.527090072631836,35929469
2021-03-24,ITUB4,24.395410537719727,24.53662872314453,23.980581283569336,23.980581283569336,17.22281837463379,45459132
2021-03-25,ITUB4,23.830537796020508,24.430713653564453,23.715797424316406,24.40423583984375,17.527090072631836,58976162
2021-03-26,ITUB4,24.28949546813965,24.810237884521484,24.263017654418945,24.774932861328125,17.82598114013672,37105863
2021-03-29,ITUB4,24.819063186645508,24.89849853515625,24.360105514526367,24.7661075592041,17.819618225097656,25971872
2021-03-30,ITUB4,24.571931838989258,25.19858741760254,24.563106536865234,25.172109603881836,18.111751556396484,27019104
2021-03-31,ITUB4,24.986759185791016,25.136804580688477,24.430713653564453,24.68667221069336,17.762475967407227,33286180
2021-04-01,ITUB4,24.827890396118164,24.827890396118164,23.918798446655273,23.918798446655273,17.219200134277344,36071207
2021-04-05,ITUB4,24.148277282714844,24.35127830505371,23.936450958251953,24.22771453857422,17.44158935546875,27186335
2021-04-06,ITUB4,24.2718448638916,24.38658332824707,23.786407470703125,23.94527816772461,17.238262176513672,26249344
2021-04-07,ITUB4,23.848190307617188,24.13945198059082,23.521623611450195,23.73345184326172,17.085773468017578,35444885
2021-04-08,ITUB4,23.83936309814453,23.918798446655273,23.539276123046875,23.5481014251709,16.95233726501465,30197509
2021-04-09,ITUB4,23.41571044921875,23.821712493896484,23.389232635498047,23.51279640197754,16.926925659179688,23231598
2021-04-12,ITUB4,23.654014587402344,24.095321655273438,23.62753677368164,24.095321655273438,17.346288681030273,28113582
2021-04-13,ITUB4,23.980581283569336,24.218887329101562,23.724624633789062,24.086496353149414,17.339927673339844,30517241
2021-04-14,ITUB4,24.148277282714844,24.792585372924805,23.87466812133789,24.395410537719727,17.56231689453125,45978612
2021-04-15,ITUB4,24.413061141967773,24.78375816345215,24.17475700378418,24.395410537719727,17.56231689453125,33895961
2021-04-16,ITUB4,24.263017654418945,24.80141258239746,24.263017654418945,24.66901969909668,17.759294509887695,22814088
2021-04-19,ITUB4,24.607236862182617,24.677846908569336,24.22771453857422,24.298322677612305,17.49242401123047,30561428
2021-04-20,ITUB4,24.19240951538086,24.51897621154785,24.068843841552734,24.17475700378418,17.403470993041992,22424902
2021-04-22,ITUB4,24.298322677612305,24.466018676757812,24.033538818359375,24.183582305908203,17.409826278686523,27442166
2021-04-23,ITUB4,24.22771453857422,24.624889373779297,24.183582305908203,24.298322677612305,17.49242401123047,19459161
2021-04-26,ITUB4,24.42188835144043,24.580759048461914,24.077669143676758,24.280670166015625,17.479719161987305,23160786
2021-04-27,ITUB4,24.245365142822266,24.492496490478516,23.848190307617188,23.90997314453125,17.21285629272461,33665508
2021-04-28,ITUB4,24.28949546813965,24.977933883666992,24.218887329101562,24.89849853515625,17.961938858032227,42502908
2021-04-29,ITUB4,24.872020721435547,25.022064208984375,24.068843841552734,24.112974166870117,17.39525604248047,37968076
2021-04-30,ITUB4,23.989408493041992,24.35127830505371,23.786407470703125,24.298322677612305,17.528974533081055,48196913
2021-05-03,ITUB4,24.448366165161133,24.880847930908203,24.342453002929688,24.624889373779297,17.774240493774414,46978032
2021-05-04,ITUB4,24.80141258239746,25.022064208984375,23.521623611450195,23.5745792388916,17.016132354736328,89509379
2021-05-05,ITUB4,23.742277145385742,24.40423583984375,23.406883239746094,24.245365142822266,17.500301361083984,56856659
2021-05-06,ITUB4,24.148277282714844,24.377758026123047,23.90997314453125,24.095321655273438,17.392005920410156,27016611
2021-05-07,ITUB4,24.19240951538086,24.448366165161133,24.0423641204834,24.38658332824707,17.602231979370117,30255405
2021-05-10,ITUB4,24.42188835144043,24.924976348876953,24.28949546813965,24.748455047607422,17.86343002319336,32535114
2021-05-11,ITUB4,24.483671188354492,24.854368209838867,24.466018676757812,24.695497512817383,17.82520294189453,28633629
2021-05-12,ITUB4,24.448366165161133,24.53662872314453,24.165931701660156,24.333627700805664,17.56400489807129,26098428
2021-05-13,ITUB4,24.368932723999023,25.21623992919922,24.333627700805664,25.039716720581055,18.07366371154785,48363464
2021-05-14,ITUB4,25.29567527770996,25.7546329498291,25.01323890686035,25.595762252807617,18.475011825561523,50573834
2021-05-17,ITUB4,25.48102378845215,25.62224006652832,25.039716720581055,25.57811164855957,18.46227264404297,42125619
2021-05-18,ITUB4,25.419240951538086,25.816415786743164,25.31332778930664,25.52515411376953,18.424049377441406,29956293
2021-05-19,ITUB4,25.18093490600586,25.80759048461914,24.889673233032227,25.71050262451172,18.557836532592773,29980879
2021-05-20,ITUB4,25.763458251953125,26.231243133544922,25.648719787597656,25.851720809936523,18.65976905822754,36382216
2021-05-21,ITUB4,25.887025833129883,26.01941680908203,25.54280662536621,25.97528648376465,18.748950958251953,31633020
2021-05-24,ITUB4,26.05472183227539,26.125329971313477,25.77228546142578,25.90467643737793,18.698001861572266,28429122
2021-05-25,ITUB4,25.878198623657227,25.931156158447266,25.401588439941406,25.595762252807617,18.50574493408203,38124430
2021-05-26,ITUB4,25.666372299194336,26.098852157592773,25.666372299194336,25.948808670043945,18.76099967956543,23792660
2021-05-27,ITUB4,25.948808670043945,26.03706932067871,25.48102378845215,25.7281551361084,18.601463317871094,67821833
2021-05-28,ITUB4,25.648719787597656,26.2488956451416,25.595762252807617,26.151809692382812,18.90777587890625,29988923
2021-05-31,ITUB4,26.18711280822754,26.416593551635742,25.93998146057129,26.07237434387207,18.850339889526367,17563652
2021-06-01,ITUB4,26.337156295776367,27.00794219970703,26.30185317993164,27.00794219970703,19.536670684814453,48906171
2021-06-02,ITUB4,27.052074432373047,28.058252334594727,27.034421920776367,27.9082088470459,20.187904357910156,64182184
2021-06-04,ITUB4,27.864076614379883,28.57899284362793,27.749338150024414,28.490732192993164,20.609283447265625,41730769
2021-06-07,ITUB4,28.490732192993164,29.285083770751953,28.128860473632812,29.161518096923828,21.094501495361328,67509805
2021-06-08,ITUB4,28.967342376708984,29.258604049682617,28.473079681396484,28.95851707458496,20.94766616821289,81765550
2021-06-09,ITUB4,28.834951400756836,30.17652130126953,28.61429786682129,29.35569190979004,21.234960556030273,101547730
2021-06-10,ITUB4,29.655780792236328,29.902912139892578,29.055604934692383,29.249778747558594,21.158342361450195,56582926
2021-06-11,ITUB4,29.161518096923828,29.258604049682617,28.56134033203125,28.905559539794922,20.909351348876953,26202324
2021-06-14,ITUB4,29.07325553894043,29.179170608520508,28.56134033203125,28.808473587036133,20.839120864868164,26905690
2021-06-15,ITUB4,28.914386749267578,28.97616958618164,28.499557495117188,28.808473587036133,20.839120864868164,19955642
2021-06-16,ITUB4,28.84377670288086,29.66460609436035,28.640775680541992,29.382171630859375,21.254114151000977,75863980
2021-06-17,ITUB4,29.708736419677734,30.308914184570312,29.002647399902344,29.037952423095703,21.0051212310791,56128933
2021-06-18,ITUB4,28.905559539794922,29.099735260009766,28.314210891723633,28.508384704589844,20.622053146362305,46601083
2021-06-21,ITUB4,28.437774658203125,28.8967342376709,28.29655647277832,28.640775680541992,20.717817306518555,31004431
2021-06-22,ITUB4,28.44660186767578,28.64960289001465,28.075904846191406,28.270078659057617,20.449663162231445,46060415
2021-06-23,ITUB4,28.287731170654297,28.79081916809082,27.9346866607666,28.06707763671875,20.302825927734375,32356327
2021-06-24,ITUB4,28.393644332885742,28.420122146606445,27.78464126586914,28.075904846191406,20.3092098236084,26939907
2021-06-25,ITUB4,28.225948333740234,28.358339309692383,27.016769409179688,27.184465408325195,19.66437339782715,44105310
2021-06-28,ITUB4,27.219770431518555,27.27272605895996,26.522506713867188,26.875551223754883,19.440900802612305,40825275
2021-06-29,ITUB4,26.707855224609375,26.86672592163086,26.328330993652344,26.610767364501953,19.249370574951172,34621647
2021-06-30,ITUB4,26.478374481201172,26.7166805267334,26.275375366210938,26.30185317993164,19.02591323852539,25504056
2021-07-01,ITUB4,26.293027877807617,26.460723876953125,25.878198623657227,26.20476531982422,18.965229034423828,22975087
2021-07-02,ITUB4,26.372461318969727,26.56663703918457,26.098852157592773,26.487201690673828,19.169641494750977,28580038
2021-07-05,ITUB4,26.231243133544922,26.35481071472168,26.081199645996094,26.125329971313477,18.907743453979492,13798920
2021-07-06,ITUB4,26.01941680908203,26.240070343017578,25.798763275146484,26.081199645996094,18.875802993774414,27612682
2021-07-07,ITUB4,26.107677459716797,26.425418853759766,25.7281551361084,26.195938110351562,18.95884132385254,44403516
2021-07-08,ITUB4,25.7281551361084,26.18711280822754,25.560457229614258,25.851720809936523,18.709726333618164,55591098
2021-07-12,ITUB4,25.948808670043945,26.478374481201172,25.878198623657227,26.20476531982422,18.965229034423828,30539448
2021-07-13,ITUB4,26.03706932067871,26.504854202270508,25.736980438232422,26.363636016845703,19.0802059173584,35688706
2021-07-14,ITUB4,26.654897689819336,27.228595733642578,26.31950569152832,26.39893913269043,19.105758666992188,48257302
2021-07-15,ITUB4,26.35481071472168,26.540157318115234,25.931156158447266,26.081199645996094,18.875802993774414,25655652
2021-07-16,ITUB4,26.275375366210938,26.293027877807617,25.613414764404297,25.65754508972168,18.569194793701172,21614354
2021-07-19,ITUB4,25.330978393554688,25.67519760131836,25.251544952392578,25.50750160217285,18.460601806640625,39053943
2021-07-20,ITUB4,25.39276123046875,26.010591506958008,25.2603702545166,25.842893600463867,18.70332908630371,29845712
2021-07-21,ITUB4,25.825241088867188,26.178287506103516,25.798763275146484,25.948808670043945,18.779991149902344,15188431
2021-07-22,ITUB4,25.966459274291992,26.05472183227539,25.551631927490234,25.684024810791016,18.588356018066406,19526235
2021-07-23,ITUB4,25.781112670898438,25.887025833129883,25.419240951538086,25.613414764404297,18.53724479675293,18986587
2021-07-26,ITUB4,25.666372299194336,26.2488956451416,25.666372299194336,26.063547134399414,18.86302947998047,27382004
2021-07-27,ITUB4,26.03706932067871,26.496028900146484,25.887025833129883,26.31950569152832,19.04827117919922,41281308
2021-07-28,ITUB4,26.610767364501953,27.55516242980957,26.56663703918457,27.17563819885254,19.667882919311523,78928065
2021-07-29,ITUB4,27.255075454711914,27.34333610534668,26.7431583404541,27.034421920776367,19.5656795501709,26288092
2021-07-30,ITUB4,26.8314208984375,27.44042205810547,26.53133201599121,26.7431583404541,19.35487937927246,48144908
2021-08-02,ITUB4,27.184465408325195,27.811119079589844,26.893203735351562,26.893203735351562,19.473119735717773,42392667
2021-08-03,ITUB4,27.714033126831055,27.740510940551758,26.619592666625977,27.157987594604492,19.664836883544922,62356921
2021-08-04,ITUB4,26.990291595458984,27.122682571411133,26.328330993652344,26.39893913269043,19.115224838256836,57249470
2021-08-05,ITUB4,26.654897689819336,26.981464385986328,26.213592529296875,26.478374481201172,19.17273712158203,55969180
2021-08-06,ITUB4,26.58428955078125,27.39629364013672,26.43424415588379,27.219770431518555,19.709575653076172,37719836
2021-08-09,ITUB4,27.157987594604492,27.740510940551758,27.157987594604492,27.537511825561523,19.939659118652344,38432832
2021-08-10,ITUB4,27.502206802368164,27.511032104492188,26.981464385986328,27.016769409179688,19.56259536743164,35944764
2021-08-11,ITUB4,26.8314208984375,27.616945266723633,26.601940155029297,27.316856384277344,19.779878616333008,39474399
2021-08-12,ITUB4,27.219770431518555,27.44042205810547,26.804941177368164,26.804941177368164,19.40920066833496,30945175
2021-08-13,ITUB4,26.84907341003418,27.30803108215332,26.58428955078125,27.166812896728516,19.671234130859375,34220225
2021-08-16,ITUB4,27.06089973449707,27.502206802368164,26.7166805267334,26.77846336364746,19.455673217773438,40491380
2021-08-17,ITUB4,26.751985549926758,26.990291595458984,26.2488956451416,26.68137550354004,19.3851261138916,44072680
2021-08-18,ITUB4,26.58428955078125,27.466901779174805,26.487201690673828,26.734333038330078,19.423606872558594,53791214
2021-08-19,ITUB4,26.390113830566406,27.2109432220459,26.16946029663086,26.390113830566406,19.17351722717285,45082749
2021-08-20,ITUB4,26.125329971313477,26.416593551635742,25.77228546142578,26.293027877807617,19.102983474731445,39317932
2021-08-23,ITUB4,26.35481071472168,26.68137550354004,26.28420066833496,26.575462341308594,19.30817985534668,24393150
2021-08-24,ITUB4,26.69902992248535,27.369813919067383,26.690202713012695,27.316856384277344,19.846837997436523,34165275
2021-08-25,ITUB4,27.140335083007812,27.405118942260742,26.937334060668945,27.352161407470703,19.87248420715332,19855031
2021-08-26,ITUB4,27.27272605895996,27.30803108215332,26.628419876098633,26.690202713012695,19.39154815673828,39789600
2021-08-27,ITUB4,26.84907341003418,27.237422943115234,26.56663703918457,27.149160385131836,19.724992752075195,25233269
2021-08-30,ITUB4,27.087377548217773,27.184465408325195,26.77846336364746,26.954986572265625,19.583921432495117,21302552
2021-08-31,ITUB4,27.034421920776367,27.599292755126953,26.94615936279297,27.30803108215332,19.840417861938477,49407297
2021-09-01,ITUB4,27.413944244384766,27.917034149169922,27.36098861694336,27.413944244384766,19.927030563354492,32612838
2021-09-02,ITUB4,27.263900756835938,27.27272605895996,26.28420066833496,26.425418853759766,19.208478927612305,36876544
2021-09-03,ITUB4,26.593114852905273,26.619592666625977,25.834068298339844,26.275375366210938,19.09942054748535,56222519
2021-09-06,ITUB4,26.18711280822754,26.7166805267334,26.142982482910156,26.610767364501953,19.34320640563965,30840146
2021-09-08,ITUB4,26.51367950439453,26.56663703918457,25.21623992919922,25.348630905151367,18.42576789855957,54336867
2021-09-09,ITUB4,25.560457229614258,26.045894622802734,25.03089141845703,25.684024810791016,18.669565200805664,63103001
2021-09-10,ITUB4,26.03706932067871,26.178287506103516,25.2338924407959,25.42806625366211,18.483509063720703,40810093
2021-09-13,ITUB4,25.887025833129883,25.966459274291992,25.551631927490234,25.745807647705078,18.7144775390625,35205595
2021-09-14,ITUB4,25.684024810791016,25.913503646850586,25.50750160217285,25.586936950683594,18.598987579345703,27397073
2021-09-15,ITUB4,25.639894485473633,25.65754508972168,25.172109603881836,25.172109603881836,18.297460556030273,29908367
2021-09-16,ITUB4,24.995586395263672,25.29567527770996,24.854368209838867,25.154457092285156,18.284624099731445,52599525
2021-09-17,ITUB4,25.12797737121582,25.154457092285156,24.554279327392578,24.554279327392578,17.84835433959961,49421346
2021-09-20,ITUB4,24.095321655273438,24.38658332824707,23.706972122192383,23.998233795166016,17.44417381286621,49865822
2021-09-21,ITUB4,24.112974166870117,24.315975189208984,23.89232063293457,23.936450958251953,17.399261474609375,38037755
2021-09-22,ITUB4,24.12179946899414,24.70432472229004,24.095321655273438,24.492496490478516,17.80345344543457,43868060
2021-09-23,ITUB4,24.6513671875,25.551631927490234,24.545454025268555,25.339805603027344,18.419349670410156,56944126
2021-09-24,ITUB4,25.154457092285156,25.31332778930664,24.95145606994629,24.986759185791016,18.162734985351562,46899175
2021-09-27,ITUB4,25.092674255371094,25.887025833129883,24.7396297454834,25.639894485473633,18.637487411499023,66204022
2021-09-28,ITUB4,25.52515411376953,26.134157180786133,25.039716720581055,25.057369232177734,18.214046478271484,69369851
2021-09-29,ITUB4,25.286848068237305,25.569284439086914,25.057369232177734,25.50750160217285,18.54124641418457,59439332
2021-09-30,ITUB4,25.67519760131836,25.798763275146484,25.330978393554688,25.533979415893555,18.56049919128418,47356794
2021-10-01,ITUB4,25.701675415039062,26.363636016845703,25.54280662536621,26.18711280822754,19.045124053955078,48506222
2021-10-04,ITUB4,21.84465980529785,21.897615432739258,21.04148292541504,21.4827880859375,15.623814582824707,66781965
2021-10-05,ITUB4,21.712268829345703,22.400705337524414,21.4827880859375,22.003530502319336,16.002540588378906,55746545
2021-10-06,ITUB4,21.668136596679688,22.180051803588867,21.50044059753418,22.074138641357422,16.053878784179688,44244216
2021-10-07,ITUB4,22.180051803588867,22.285966873168945,21.53574562072754,21.606353759765625,15.7136812210083,43538924
2021-10-08,ITUB4,21.76522445678711,22.37422752380371,21.738746643066406,21.76522445678711,15.829218864440918,55105154
2021-10-11,ITUB4,21.694616317749023,21.897615432739258,21.376874923706055,21.385700225830078,15.553200721740723,48452065
2021-10-13,ITUB4,21.44748306274414,21.579875946044922,20.988525390625,21.412179946899414,15.572464942932129,47860412
2021-10-14,ITUB4,21.562223434448242,21.721094131469727,21.04148292541504,21.30626678466797,15.495430946350098,41792857
2021-10-15,ITUB4,21.376874923706055,21.950572967529297,21.25330924987793,21.853485107421875,15.893409729003906,59503573
2021-10-18,ITUB4,21.694616317749023,22.10944366455078,21.509267807006836,22.003530502319336,16.002540588378906,32581454
2021-10-19,ITUB4,21.80052947998047,21.87996482849121,21.332744598388672,21.4827880859375,15.623814582824707,47718221
2021-10-20,ITUB4,21.668136596679688,22.10944366455078,21.456310272216797,22.056486129760742,16.041044235229492,42786725
2021-10-21,ITUB4,21.51809310913086,22.197704315185547,21.28861427307129,21.606353759765625,15.7136812210083,80104912
2021-10-22,ITUB4,21.28861427307129,21.421005249023438,20.220653533935547,20.77669906616211,15.110294342041016,105874771
2021-10-25,ITUB4,20.891437530517578,21.44748306274414,20.891437530517578,21.18269920349121,15.405566215515137,45016582
2021-10-26,ITUB4,20.909090042114258,21.173873901367188,20.72374153137207,20.95322036743164,15.238679885864258,32568991
2021-10-27,ITUB4,21.0767879486084,21.5710506439209,20.988525390625,21.112091064453125,15.354214668273926,33442194
2021-10-28,ITUB4,20.891437530517578,21.165048599243164,20.635480880737305,21.067960739135742,15.322128295898438,41697345
2021-10-29,ITUB4,21.129743576049805,21.30626678466797,20.56487274169922,20.573698043823242,14.962652206420898,39933604
2021-11-01,ITUB4,20.926742553710938,21.509267807006836,20.87378692626953,21.376874923706055,15.55855941772461,40188416
2021-11-03,ITUB4,21.191526412963867,21.950572967529297,21.191526412963867,21.579875946044922,15.706315040588379,70258916
2021-11-04,ITUB4,21.606353759765625,21.827007293701172,20.317739486694336,20.44130516052246,14.877640724182129,81180809
2021-11-05,ITUB4,20.74139404296875,20.785524368286133,19.894086837768555,20.19417381286621,14.697771072387695,126468405
2021-11-08,ITUB4,20.123565673828125,20.45895767211914,19.973520278930664,20.088260650634766,14.620680809020996,37621718
2021-11-09,ITUB4,20.17652130126953,20.467784881591797,19.75286865234375,19.8852596282959,14.472929000854492,49238027
2021-11-10,ITUB4,19.8852596282959,20.767871856689453,19.788171768188477,20.388349533081055,14.839093208312988,54292566
2021-11-11,ITUB4,20.679611206054688,20.714916229248047,20.141218185424805,20.34421730041504,14.806973457336426,44943164
2021-11-12,ITUB4,20.326566696166992,20.653133392333984,20.088260650634766,20.30008888244629,14.77485179901123,41650213
2021-11-16,ITUB4,20.370697021484375,20.661958694458008,19.9117374420166,20.088260650634766,14.620680809020996,28013991
2021-11-17,ITUB4,20.238304138183594,20.45895767211914,20.0,20.167695999145508,14.678497314453125,33810419
2021-11-18,ITUB4,20.13239097595215,20.273609161376953,19.585172653198242,19.83230209350586,14.43438720703125,37668284
2021-11-19,ITUB4,19.770519256591797,19.841129302978516,19.496910095214844,19.66460609436035,14.312339782714844,32752424
2021-11-22,ITUB4,19.426300048828125,19.841129302978516,19.311561584472656,19.479257583618164,14.347800254821777,31671315
2021-11-23,ITUB4,19.63812828063965,19.805824279785156,19.33803939819336,19.805824279785156,14.588338851928711,43766770
2021-11-24,ITUB4,19.60282325744629,20.450132369995117,19.541040420532227,20.335391998291016,14.978402137756348,52266989
2021-11-25,ITUB4,20.388349533081055,20.732568740844727,20.34421730041504,20.520740509033203,15.1149263381958,20130804
2021-11-26,ITUB4,20.088260650634766,20.26478385925293,19.841129302978516,20.13239097595215,14.828875541687012,36577772
2021-11-29,ITUB4,20.36187171936035,20.467784881591797,19.94704246520996,20.0,14.731364250183105,38197962
2021-11-30,ITUB4,20.01765251159668,20.079435348510742,19.461605072021484,19.75286865234375,14.549324035644531,69161379
2021-12-01,ITUB4,19.9117374420166,20.22947883605957,19.593997955322266,19.611650466918945,14.456717491149902,27021256
2021-12-02,ITUB4,19.805824279785156,20.44130516052246,19.71756362915039,20.353044509887695,15.003233909606934,35524082
2021-12-03,ITUB4,20.273609161376953,20.829654693603516,20.141218185424805,20.28243637084961,14.951184272766113,40226598
2021-12-06,ITUB4,20.388349533081055,20.979698181152344,20.30008888244629,20.520740509033203,15.126855850219727,42204929
2021-12-07,ITUB4,20.847307205200195,20.864959716796875,20.123565673828125,20.26478385925293,14.938180923461914,34780267
2021-12-08,ITUB4,20.3795223236084,20.423654556274414,19.814651489257812,20.070608139038086,14.79504108428955,42979561
2021-12-09,ITUB4,20.105913162231445,20.11473846435547,19.37334442138672,19.532215118408203,14.398158073425293,31683098
2021-12-10,ITUB4,19.66460609436035,19.796998977661133,19.302736282348633,19.558692932128906,14.41767692565918,23448341
2021-12-13,ITUB4,19.593997955322266,19.788171768188477,19.037952423095703,19.037952423095703,14.033812522888184,54986869
2021-12-14,ITUB4,19.20564842224121,19.558692932128906,19.135038375854492,19.22330093383789,14.170453071594238,35664007
2021-12-15,ITUB4,19.33803939819336,19.3909969329834,18.870254516601562,19.161518096923828,14.124899864196777,35939779
2021-12-16,ITUB4,19.329214096069336,19.382171630859375,19.037952423095703,19.35569190979004,14.268038749694824,28503900
2021-12-17,ITUB4,19.09090805053711,19.285083770751953,18.817298889160156,18.932037353515625,13.955745697021484,39972240
2021-12-20,ITUB4,18.95851707458496,18.967342376708984,18.455427169799805,18.640775680541992,13.741046905517578,25313939
2021-12-21,ITUB4,18.702558517456055,18.808473587036133,18.56134033203125,18.667255401611328,13.76055908203125,28202409
2021-12-22,ITUB4,18.737863540649414,18.808473587036133,18.508384704589844,18.737863540649414,13.812601089477539,20497442
2021-12-23,ITUB4,18.82612419128418,19.037952423095703,18.684907913208008,18.834951400756836,13.884180068969727,25353141
2021-12-27,ITUB4,18.95851707458496,19.152690887451172,18.808473587036133,19.029125213623047,14.027311325073242,15891231
2021-12-28,ITUB4,19.09090805053711,19.152690887451172,18.887908935546875,18.95851707458496,13.975259780883789,17328328
2021-12-29,ITUB4,19.002647399902344,19.046777725219727,18.737863540649414,18.799646377563477,13.858149528503418,14565961
2021-12-30,ITUB4,18.9232120513916,18.9232120513916,18.490732192993164,18.490732192993164,13.630434036254883,45316940
2022-01-03,ITUB4,18.684907913208008,19.249778747558594,18.61429786682129,18.984994888305664,14.00657844543457,37222335
2022-01-04,ITUB4,19.082082748413086,19.576345443725586,18.914386749267578,19.52338981628418,14.403786659240723,49793763
2022-01-05,ITUB4,19.496910095214844,19.611650466918945,19.002647399902344,19.152690887451172,14.13029956817627,35851405
2022-01-06,ITUB4,19.099735260009766,19.629301071166992,18.993820190429688,19.541040420532227,14.416810035705566,40624734
2022-01-07,ITUB4,19.496910095214844,19.991172790527344,19.311561584472656,19.973520278930664,14.735889434814453,48590177
2022-01-10,ITUB4,19.920564651489258,20.19417381286621,19.691085815429688,20.158870697021484,14.872629165649414,47125888
2022-01-11,ITUB4,20.11473846435547,20.60900115966797,20.035303115844727,20.60900115966797,15.204723358154297,63361665
2022-01-12,ITUB4,20.52956771850586,20.74139404296875,20.238304138183594,20.520740509033203,15.139612197875977,47231371
2022-01-13,ITUB4,20.3795223236084,21.02383041381836,20.34421730041504,20.900264739990234,15.419612884521484,49188741
2022-01-14,ITUB4,20.803176879882812,21.050308227539062,20.661958694458008,20.74139404296875,15.302392959594727,33902872
2022-01-17,ITUB4,20.706090927124023,20.962047576904297,20.432479858398438,20.74139404296875,15.302392959594727,19948957
2022-01-18,ITUB4,20.644306182861328,21.147396087646484,20.538393020629883,20.864959716796875,15.393569946289062,49389056
2022-01-19,ITUB4,21.02383041381836,21.25330924987793,20.653133392333984,20.72374153137207,15.289379119873047,35038364
2022-01-20,ITUB4,20.77669906616211,20.891437530517578,20.45895767211914,20.556045532226562,15.165653228759766,29391946
2022-01-21,ITUB4,20.45895767211914,20.87378692626953,20.4060001373291,20.56487274169922,15.172163009643555,42676371
2022-01-24,ITUB4,20.60900115966797,20.785524368286133,20.185348510742188,20.538393020629883,15.15262508392334,44921297
2022-01-25,ITUB4,20.353044509887695,21.315092086791992,20.30008888244629,21.279787063598633,15.699610710144043,44585362
2022-01-26,ITUB4,21.473962783813477,21.624006271362305,21.015003204345703,21.509267807006836,15.868915557861328,63314645
2022-01-27,ITUB4,21.61517906188965,21.99470329284668,21.359222412109375,21.61517906188965,15.947052001953125,47070145
2022-01-28,ITUB4,21.323917388916016,21.897615432739258,21.297439575195312,21.87996482849121,16.14240264892578,33360845
2022-01-31,ITUB4,21.774051666259766,22.515445709228516,21.641658782958984,22.35657501220703,16.494035720825195,50129358
2022-02-01,ITUB4,22.321269989013672,22.674314498901367,22.22418212890625,22.497793197631836,16.609792709350586,32598902
2022-02-02,ITUB4,22.480140686035156,22.515445709228516,21.99470329284668,22.14474868774414,16.349143981933594,39095411
2022-02-03,ITUB4,22.24183464050293,22.533096313476562,21.809354782104492,22.400705337524414,16.538124084472656,47261735
2022-02-04,ITUB4,22.27713966369629,22.73609733581543,22.24183464050293,22.471315383911133,16.590248107910156,39194888
2022-02-07,ITUB4,22.462488174438477,22.550750732421875,22.268314361572266,22.347749710083008,16.49901580810547,26166974
2022-02-08,ITUB4,22.31244468688965,22.700794219970703,22.0917911529541,22.594879150390625,16.681467056274414,42299308
2022-02-09,ITUB4,22.021181106567383,22.427183151245117,21.685789108276367,21.694616317749023,16.016817092895508,100922428
2022-02-10,ITUB4,21.668136596679688,22.33892250061035,21.588701248168945,22.10944366455078,16.323081970214844,68333609
2022-02-11,ITUB4,23.256839752197266,23.830537796020508,23.09796905517578,23.41571044921875,17.287477493286133,182038996
2022-02-14,ITUB4,23.477493286132812,23.556928634643555,23.18623161315918,23.36275291442871,17.248380661010742,43043123
2022-02-15,ITUB4,23.654014587402344,23.742277145385742,23.389232635498047,23.583406448364258,17.411287307739258,33336032
2022-02-16,ITUB4,23.636362075805664,23.715797424316406,23.28331756591797,23.336275100708008,17.22882843017578,44408048
2022-02-17,ITUB4,23.30097007751465,23.371578216552734,22.912620544433594,23.009708404541016,16.987730026245117,38194109
2022-02-18,ITUB4,23.142099380493164,23.433361053466797,23.00088119506836,23.09796905517578,17.052894592285156,29924682
2022-02-21,ITUB4,23.15092658996582,23.195056915283203,22.268314361572266,22.533096313476562,16.635854721069336,25401293
2022-02-22,ITUB4,22.727272033691406,23.071491241455078,22.497793197631836,22.727272033691406,16.788196563720703,34318570
2022-02-23,ITUB4,22.744924545288086,23.01853370666504,22.35657501220703,22.40953254699707,16.553485870361328,25506096
2022-02-24,ITUB4,21.84465980529785,22.180051803588867,21.4827880859375,22.03000831604004,16.27313995361328,49889615
2022-02-25,ITUB4,21.950572967529297,22.50661849975586,21.897615432739258,22.480140686035156,16.60564422607422,44070414
2022-03-02,ITUB4,22.215356826782227,22.427183151245117,21.985877990722656,22.0917911529541,16.330089569091797,36789303
2022-03-03,ITUB4,22.100616455078125,22.815532684326172,21.80052947998047,22.10944366455078,16.343141555786133,50467105
2022-03-04,ITUB4,22.12709617614746,22.180051803588867,21.429832458496094,21.774051666259766,16.095232009887695,34369894
2022-03-07,ITUB4,21.421005249023438,21.579875946044922,21.200353622436523,21.30626678466797,15.749436378479004,59892079
2022-03-08,ITUB4,21.385700225830078,21.588701248168945,20.997352600097656,21.1032657623291,15.599379539489746,49265672
2022-03-09,ITUB4,21.36804962158203,22.33892250061035,21.323917388916016,22.153573989868164,16.37576675415039,58459174
2022-03-10,ITUB4,21.835834503173828,22.171226501464844,21.606353759765625,22.171226501464844,16.388816833496094,33553115
2022-03-11,ITUB4,22.268314361572266,22.5860538482666,21.871137619018555,21.924095153808594,16.206138610839844,48649207
2022-03-14,ITUB4,22.082965850830078,22.54192352294922,22.074138641357422,22.233009338378906,16.434480667114258,36267443
2022-03-15,ITUB4,22.162399291992188,22.453662872314453,21.80052947998047,22.153573989868164,16.37576675415039,41720798
2022-03-16,ITUB4,22.37422752380371,22.647836685180664,22.188879013061523,22.5860538482666,16.695451736450195,45741022
2022-03-17,ITUB4,22.630184173583984,23.11562156677246,22.471315383911133,23.0803165435791,17.060810089111328,49108185
2022-03-18,ITUB4,23.027360916137695,23.477493286132812,23.009708404541016,23.248014450073242,17.184770584106445,73408542
2022-03-21,ITUB4,23.336275100708008,23.90997314453125,23.26566505432129,23.821712493896484,17.608844757080078,40745625
2022-03-22,ITUB4,24.00705909729004,24.298322677612305,23.918798446655273,24.148277282714844,17.850238800048828,41741192
2022-03-23,ITUB4,24.17475700378418,24.395410537719727,23.980581283569336,24.0423641204834,17.771949768066406,30594059
2022-03-24,ITUB4,24.12179946899414,24.47484588623047,24.033538818359375,24.201234817504883,17.889373779296875,53835967
2022-03-25,ITUB4,24.28949546813965,24.28949546813965,23.94527816772461,24.245365142822266,17.9219970703125,36342901
2022-03-28,ITUB4,24.30714988708496,24.45719337463379,23.936450958251953,24.22771453857422,17.908954620361328,24411278
2022-03-29,ITUB4,24.45719337463379,24.78375816345215,24.17475700378418,24.510150909423828,18.11773109436035,33838857
2022-03-30,ITUB4,24.571931838989258,24.677846908569336,24.28949546813965,24.563106536865234,18.15687370300293,37371325
2022-03-31,ITUB4,24.607236862182617,24.713150024414062,24.086496353149414,24.254192352294922,17.928531646728516,46340719
2022-04-01,ITUB4,24.448366165161133,24.607236862182617,24.12179946899414,24.30714988708496,17.97922134399414,45495048
2022-04-04,ITUB4,24.22771453857422,24.280670166015625,23.848190307617188,24.086496353149414,17.816009521484375,28469684
2022-04-05,ITUB4,24.033538818359375,24.068843841552734,23.495145797729492,23.601058959960938,17.456947326660156,41644661
2022-04-06,ITUB4,23.45101547241211,23.751102447509766,23.353927612304688,23.592233657836914,17.45041275024414,38196035
2022-04-07,ITUB4,23.39805793762207,23.618711471557617,23.309795379638672,23.5745792388916,17.437360763549805,26732002
2022-04-08,ITUB4,23.442188262939453,23.742277145385742,23.309795379638672,23.53045082092285,17.40471839904785,29650496
2022-04-11,ITUB4,23.477493286132812,23.592233657836914,23.336275100708008,23.442188262939453,17.339441299438477,30882294
2022-04-12,ITUB4,23.654014587402344,23.742277145385742,22.956750869750977,23.027360916137695,17.032594680786133,33798183
2022-04-13,ITUB4,23.195056915283203,23.424535751342773,22.92144775390625,23.089143753051758,17.07830047607422,38370517
2022-04-14,ITUB4,23.009708404541016,23.36275291442871,22.956750869750977,23.239187240600586,17.18928337097168,26768711
2022-04-18,ITUB4,23.159751892089844,23.442188262939453,23.13327407836914,23.371578216552734,17.287212371826172,23802743
2022-04-19,ITUB4,23.406883239746094,23.486318588256836,22.727272033691406,22.956750869750977,16.980377197265625,39035022
2022-04-20,ITUB4,22.965578079223633,23.168577194213867,22.824359893798828,23.106796264648438,17.091358184814453,28485092
2022-04-22,ITUB4,22.859664916992188,22.965578079223633,22.471315383911133,22.65666389465332,16.758407592773438,34773809
2022-04-25,ITUB4,22.50661849975586,22.63901138305664,22.14474868774414,22.568401336669922,16.693126678466797,42282427
2022-04-26,ITUB4,22.29479217529297,22.50661849975586,21.756397247314453,21.80052947998047,16.125154495239258,47838319
2022-04-27,ITUB4,22.056486129760742,22.153573989868164,21.53574562072754,21.624006271362305,15.994592666625977,27688480
2022-04-28,ITUB4,21.63283348083496,21.703441619873047,21.23565673828125,21.44748306274414,15.86401653289795,41170160
2022-04-29,ITUB4,21.588701248168945,22.021181106567383,21.067960739135742,21.067960739135742,15.583292007446289,50954295
2022-05-02,ITUB4,21.067960739135742,21.25330924987793,20.68843650817871,20.962047576904297,15.516430854797363,44535284
2022-05-03,ITUB4,21.00617790222168,21.323917388916016,20.900264739990234,21.067960739135742,15.594827651977539,29699668
2022-05-04,ITUB4,20.97087287902832,21.04148292541504,20.653133392333984,21.04148292541504,15.575228691101074,53745441
2022-05-05,ITUB4,20.820829391479492,20.820829391479492,20.21182632446289,20.556045532226562,15.215899467468262,45795293
2022-05-06,ITUB4,20.547218322753906,21.376874923706055,20.538393020629883,20.997352600097656,15.542560577392578,68490643
2022-05-09,ITUB4,20.95322036743164,21.094438552856445,20.308914184570312,20.697263717651367,15.32043170928955,63819963
2022-05-10,ITUB4,20.820829391479492,20.95322036743164,20.450132369995117,20.591350555419922,15.242034912109375,40331174
2022-05-11,ITUB4,20.635480880737305,21.376874923706055,20.62665367126465,21.279787063598633,15.75162410736084,64249824
2022-05-12,ITUB4,21.12091636657715,21.774051666259766,21.12091636657715,21.61517906188965,15.999886512756348,61754278
2022-05-13,ITUB4,21.791702270507812,21.99470329284668,21.624006271362305,21.871137619018555,16.18934440612793,29721422
2022-05-16,ITUB4,21.932920455932617,22.33892250061035,21.72991943359375,22.100616455078125,16.359210968017578,30939624
2022-05-17,ITUB4,22.383052825927734,22.612533569335938,22.250661849975586,22.29479217529297,16.502954483032227,30953220
2022-05-18,ITUB4,22.22418212890625,22.391878128051758,21.924095153808594,21.977052688598633,16.267749786376953,43092975
2022-05-19,ITUB4,21.99470329284668,22.180051803588867,21.791702270507812,21.906442642211914,16.21548080444336,25636391
2022-05-20,ITUB4,22.14474868774414,22.268314361572266,21.932920455932617,22.180051803588867,16.41801643371582,43072014
2022-05-23,ITUB4,22.321269989013672,22.947925567626953,22.31244468688965,22.753751754760742,16.842670440673828,43627637
2022-05-24,ITUB4,22.665489196777344,23.212709426879883,22.550750732421875,23.09796905517578,17.09746742248535,44474328
2022-05-25,ITUB4,22.992055892944336,23.062665939331055,22.647836685180664,22.683141708374023,16.7904052734375,32876147
2022-05-26,ITUB4,22.709619522094727,23.09796905517578,22.700794219970703,22.965578079223633,16.999467849731445,39868230
2022-05-27,ITUB4,23.00088119506836,23.318622589111328,22.83318519592285,23.089143753051758,17.090940475463867,27475589
2022-05-30,ITUB4,23.18623161315918,23.336275100708008,22.877315521240234,22.877315521240234,16.934139251708984,20339502
2022-05-31,ITUB4,23.124448776245117,23.30097007751465,22.965578079223633,23.089143753051758,17.090940475463867,75013550
2022-06-01,ITUB4,23.203882217407227,23.230361938476562,22.753751754760742,22.753751754760742,16.85404396057129,32284608
2022-06-02,ITUB4,22.965578079223633,23.01853370666504,22.497793197631836,22.85083770751953,16.92596435546875,20319901
2022-06-03,ITUB4,22.727272033691406,22.912620544433594,22.577228546142578,22.63901138305664,16.76905632019043,22647423
2022-06-06,ITUB4,22.815532684326172,22.930273056030273,22.5595760345459,22.5595760345459,16.71021270751953,15100624
2022-06-07,ITUB4,22.480140686035156,22.674314498901367,22.391878128051758,22.5595760345459,16.71021270751953,23796625
2022-06-08,ITUB4,22.462488174438477,22.577228546142578,22.003530502319336,22.12709617614746,16.38986587524414,33085526
2022-06-09,ITUB4,22.118270874023438,22.171226501464844,21.641658782958984,21.74757194519043,16.10875129699707,43419279
2022-06-10,ITUB4,21.659311294555664,21.659311294555664,21.05913543701172,21.27096176147461,15.755721092224121,40198953
2022-06-13,ITUB4,21.18269920349121,21.297439575195312,20.679611206054688,21.015003204345703,15.566123008728027,38005578
2022-06-14,ITUB4,21.02383041381836,21.129743576049805,20.706090927124023,20.87378692626953,15.461528778076172,22637566
2022-06-15,ITUB4,21.112091064453125,21.315092086791992,20.838481903076172,20.962047576904297,15.52690601348877,48238381
2022-06-17,ITUB4,20.600175857543945,20.812002182006836,20.22947883605957,20.697263717651367,15.330774307250977,51504593
2022-06-20,ITUB4,20.812002182006836,21.63283348083496,20.812002182006836,21.5975284576416,15.997617721557617,50406830
2022-06-21,ITUB4,21.676963806152344,21.756397247314453,21.262134552001953,21.36804962158203,15.827640533447266,37577078
2022-06-22,ITUB4,21.421005249023438,21.46513557434082,21.02383041381836,21.209178924560547,15.70995807647705,41717966
2022-06-23,ITUB4,21.23565673828125,21.297439575195312,20.617828369140625,20.72374153137207,15.350379943847656,30701240
2022-06-24,ITUB4,20.909090042114258,20.944395065307617,20.56487274169922,20.68843650817871,15.32423210144043,30073785
2022-06-27,ITUB4,20.767871856689453,20.891437530517578,20.679611206054688,20.812002182006836,15.415763854980469,26288885
2022-06-28,ITUB4,20.944395065307617,21.04148292541504,20.317739486694336,20.582523345947266,15.245779991149902,39383080
2022-06-29,ITUB4,20.714916229248047,20.900264739990234,20.30008888244629,20.370697021484375,15.088878631591797,34774375
2022-06-30,ITUB4,20.141218185424805,20.19417381286621,19.8852596282959,20.008825302124023,14.820841789245605,41362317
2022-07-01,ITUB4,19.69991111755371,20.273609161376953,19.629301071166992,20.167695999145508,14.950155258178711,39467601
2022-07-04,ITUB4,20.008825302124023,20.123565673828125,19.86760711669922,19.973520278930664,14.806212425231934,9918395
2022-07-05,ITUB4,19.858781814575195,20.11473846435547,19.60282325744629,20.11473846435547,14.91089916229248,32430425
2022-07-06,ITUB4,19.955869674682617,20.185348510742188,19.726390838623047,19.92938995361328,14.7735013961792,31863245
2022-07-07,ITUB4,20.11473846435547,20.34421730041504,20.052955627441406,20.21182632446289,14.982866287231445,45776032
2022-07-08,ITUB4,20.503089904785156,20.52956771850586,20.105913162231445,20.220653533935547,14.989415168762207,25028649
2022-07-11,ITUB4,19.938217163085938,20.044130325317383,19.708736419677734,19.894086837768555,14.747332572937012,18746051
2022-07-12,ITUB4,19.8852596282959,20.044130325317383,19.514562606811523,19.84995460510254,14.714612007141113,22335508
2022-07-13,ITUB4,19.75286865234375,20.070608139038086,19.673433303833008,19.770519256591797,14.655728340148926,38407906
2022-07-14,ITUB4,19.611650466918945,19.68225860595703,19.099735260009766,19.549867630004883,14.492164611816406,54813633
2022-07-15,ITUB4,19.593997955322266,20.035303115844727,19.43512725830078,19.902912139892578,14.753870010375977,35260546
2022-07-18,ITUB4,20.01765251159668,20.30008888244629,19.841129302978516,20.167695999145508,14.950155258178711,23331189
2022-07-19,ITUB4,20.150043487548828,20.979698181152344,20.150043487548828,20.847307205200195,15.453951835632324,39625655
2022-07-20,ITUB4,20.74139404296875,20.882612228393555,20.51191520690918,20.582523345947266,15.257662773132324,33584725
2022-07-21,ITUB4,20.547218322753906,20.85613441467285,20.255956649780273,20.750219345092773,15.381978034973145,24553356
2022-07-22,ITUB4,20.829654693603516,20.917917251586914,20.3795223236084,20.52956771850586,15.21840763092041,25588351
2022-07-25,ITUB4,20.653133392333984,20.97087287902832,20.467784881591797,20.829654693603516,15.440861701965332,36454048
2022-07-26,ITUB4,20.85613441467285,21.094438552856445,20.582523345947266,20.714916229248047,15.355807304382324,24585080
2022-07-27,ITUB4,20.847307205200195,21.00617790222168,20.653133392333984,20.785524368286133,15.4081449508667,27262812
2022-07-28,ITUB4,20.785524368286133,20.944395065307617,20.556045532226562,20.917917251586914,15.506290435791016,26772676
2022-07-29,ITUB4,20.95322036743164,21.165048599243164,20.714916229248047,20.847307205200195,15.453951835632324,33518445
2022-08-01,ITUB4,21.050308227539062,21.050308227539062,20.51191520690918,20.714916229248047,15.367287635803223,28369526
2022-08-02,ITUB4,20.85613441467285,21.04148292541504,20.635480880737305,20.935569763183594,15.530976295471191,24247559
2022-08-03,ITUB4,20.917917251586914,21.129743576049805,20.77669906616211,21.085613250732422,15.642280578613281,22712684
2022-08-04,ITUB4,21.226831436157227,21.685789108276367,21.156221389770508,21.5975284576416,16.02204704284668,38418670
2022-08-05,ITUB4,21.61517906188965,22.180051803588867,21.385700225830078,22.003530502319336,16.3232421875,64015406
2022-08-08,ITUB4,22.135921478271484,22.321269989013672,21.871137619018555,22.27713966369629,16.526222229003906,46382867
2022-08-09,ITUB4,22.983230590820312,23.195056915283203,22.321269989013672,22.859664916992188,16.9583683013916,117640069
2022-08-10,ITUB4,23.089143753051758,23.389232635498047,22.859664916992188,23.28331756591797,17.272642135620117,55029810
2022-08-11,ITUB4,23.503971099853516,23.636362075805664,23.239187240600586,23.318622589111328,17.29883575439453,45877889
2022-08-12,ITUB4,23.468666076660156,23.64518928527832,23.274492263793945,23.601058959960938,17.50836753845215,43155063
2022-08-15,ITUB4,23.248014450073242,23.92762565612793,23.248014450073242,23.804059982299805,17.658952713012695,41430750
2022-08-16,ITUB4,23.77758026123047,24.13945198059082,23.503971099853516,24.077669143676758,17.8619327545166,29105976
2022-08-17,ITUB4,23.901147842407227,24.254192352294922,23.830537796020508,24.13945198059082,17.90776252746582,28593294
2022-08-18,ITUB4,24.165931701660156,24.28949546813965,23.92762565612793,24.068843841552734,17.855390548706055,37051026
2022-08-19,ITUB4,23.654014587402344,23.742277145385742,23.274492263793945,23.51279640197754,17.641172409057617,26106699
2022-08-22,ITUB4,23.30097007751465,23.336275100708008,23.01853370666504,23.248014450073242,17.442506790161133,24991487
2022-08-23,ITUB4,23.256839752197266,23.433361053466797,23.195056915283203,23.309795379638672,17.488859176635742,16685011
2022-08-24,ITUB4,23.256839752197266,23.521623611450195,23.256839752197266,23.406883239746094,17.56169891357422,22899063
2022-08-25,ITUB4,23.486318588256836,23.715797424316406,23.41571044921875,23.69814682006836,17.780229568481445,31242248
2022-08-26,ITUB4,23.742277145385742,23.954103469848633,23.442188262939453,23.556928634643555,17.674266815185547,28445551
2022-08-29,ITUB4,23.424535751342773,23.636362075805664,23.230361938476562,23.477493286132812,17.61467933654785,21271281
2022-08-30,ITUB4,23.5745792388916,23.742277145385742,23.292144775390625,23.371578216552734,17.535213470458984,34434249
2022-08-31,ITUB4,23.53045082092285,23.53045082092285,22.780229568481445,22.780229568481445,17.091537475585938,56502823
2022-09-01,ITUB4,23.00088119506836,23.13327407836914,22.54192352294922,23.11562156677246,17.355043411254883,54988228
2022-09-02,ITUB4,23.256839752197266,23.618711471557617,23.239187240600586,23.433361053466797,17.593597412109375,52927981
2022-09-05,ITUB4,23.51279640197754,24.033538818359375,23.477493286132812,23.812885284423828,17.8785457611084,28039710
2022-09-06,ITUB4,23.565753936767578,23.848190307617188,23.433361053466797,23.592233657836914,17.71286964416504,60187679
2022-09-08,ITUB4,23.742277145385742,23.830537796020508,23.38040542602539,23.424535751342773,17.586973190307617,32229771
2022-09-09,ITUB4,23.565753936767578,23.865842819213867,23.495145797729492,23.60988426208496,17.726123809814453,27710574
2022-09-12,ITUB4,23.830537796020508,24.112974166870117,23.715797424316406,23.901147842407227,17.944807052612305,30293474
2022-09-13,ITUB4,23.724624633789062,23.980581283569336,23.565753936767578,23.654014587402344,17.75926399230957,36812756
2022-09-14,ITUB4,23.601058959960938,23.73345184326172,23.36275291442871,23.565753936767578,17.6929931640625,32836152
2022-09-15,ITUB4,23.503971099853516,23.92762565612793,23.486318588256836,23.62753677368164,17.739383697509766,24907645
2022-09-16,ITUB4,23.477493286132812,23.715797424316406,23.353927612304688,23.5481014251709,17.67974090576172,49605006
2022-09-19,ITUB4,23.486318588256836,24.53662872314453,23.459840774536133,24.430713653564453,18.342405319213867,46524605
2022-09-20,ITUB4,24.554279327392578,25.29567527770996,24.510150909423828,25.242717742919922,18.952045440673828,71309887
2022-09-21,ITUB4,25.242717742919922,25.31332778930664,24.872020721435547,24.977933883666992,18.753250122070312,54495600
2022-09-22,ITUB4,25.2338924407959,25.595762252807617,24.986759185791016,25.48102378845215,19.13097381591797,49376706
2022-09-23,ITUB4,25.066194534301758,25.19858741760254,24.695497512817383,24.977933883666992,18.753250122070312,38830402
2022-09-26,ITUB4,24.827890396118164,24.872020721435547,24.395410537719727,24.43954086303711,18.349027633666992,16535115
2022-09-27,ITUB4,24.315975189208984,24.42188835144043,24.201234817504883,24.298322677612305,18.243009567260742,43896612
2022-09-28,ITUB4,24.342453002929688,24.713150024414062,24.104148864746094,24.28949546813965,18.236373901367188,47539207
2022-09-29,ITUB4,24.236539840698242,24.810237884521484,24.148277282714844,24.6513671875,18.508068084716797,58853685
2022-09-30,ITUB4,24.545454025268555,24.836715698242188,24.45719337463379,24.7661075592041,18.594213485717773,38351030
2022-10-03,ITUB4,25.41041374206543,26.28420066833496,25.154457092285156,26.257722854614258,19.72650909423828,80831732
2022-10-04,ITUB4,26.45189666748047,26.663724899291992,25.948808670043945,26.30185317993164,19.759674072265625,49601833
2022-10-05,ITUB4,26.363636016845703,26.54898452758789,26.178287506103516,26.30185317993164,19.759674072265625,34375446
2022-10-06,ITUB4,26.390113830566406,26.425418853759766,25.719329833984375,25.825241088867188,19.40160369873047,55358719
2022-10-07,ITUB4,25.77228546142578,25.878198623657227,25.286848068237305,25.878198623657227,19.441387176513672,63511108
2022-10-10,ITUB4,26.01941680908203,26.07237434387207,25.41041374206543,25.604589462280273,19.23583221435547,54805929
2022-10-11,ITUB4,25.50750160217285,25.7281551361084,25.348630905151367,25.42806625366211,19.103229522705078,36485999
2022-10-13,ITUB4,25.154457092285156,25.569284439086914,25.022064208984375,25.27802276611328,18.990495681762695,42127432
2022-10-14,ITUB4,25.375110626220703,25.745807647705078,25.119152069091797,25.286848068237305,18.997121810913086,45494368
2022-10-17,ITUB4,25.54280662536621,25.684024810791016,25.330978393554688,25.489849090576172,19.149641036987305,23093825
2022-10-18,ITUB4,25.860546112060547,26.116504669189453,25.639894485473633,26.116504669189453,19.62041664123535,52346412
2022-10-19,ITUB4,26.09002685546875,26.26654815673828,25.869373321533203,26.125329971313477,19.627056121826172,32142870
2022-10-20,ITUB4,26.30185317993164,26.69902992248535,26.142982482910156,26.53133201599121,19.932071685791016,77600529
2022-10-21,ITUB4,26.416593551635742,27.60811996459961,26.31950569152832,27.413944244384766,20.595142364501953,55808067
2022-10-24,ITUB4,27.19329261779785,27.263900756835938,25.984111785888672,26.16946029663086,19.66020965576172,57756261
2022-10-25,ITUB4,26.16946029663086,26.275375366210938,25.95763397216797,25.95763397216797,19.501070022583008,29513856
2022-10-26,ITUB4,25.595762252807617,25.887025833129883,25.31332778930664,25.401588439941406,19.083330154418945,55085780
2022-10-27,ITUB4,25.69285011291504,26.151809692382812,25.516328811645508,25.869373321533203,19.434757232666016,44860228
2022-10-28,ITUB4,25.781112670898438,26.16946029663086,25.684024810791016,26.07237434387207,19.587270736694336,32422834
2022-10-31,ITUB4,25.595762252807617,26.981464385986328,25.551631927490234,26.8314208984375,20.157512664794922,94899400
2022-11-01,ITUB4,27.36098861694336,27.616945266723633,26.54898452758789,26.884376525878906,20.209033966064453,47491734
2022-11-03,ITUB4,26.478374481201172,26.77846336364746,26.028242111206055,26.690202713012695,20.063077926635742,36849352
2022-11-04,ITUB4,27.087377548217773,27.299205780029297,26.69902992248535,26.787290573120117,20.13604736328125,35511052
2022-11-07,ITUB4,26.540157318115234,26.760812759399414,25.948808670043945,26.178287506103516,19.67826271057129,52676342
2022-11-08,ITUB4,25.992938995361328,26.178287506103516,25.77228546142578,26.098852157592773,19.618553161621094,31659758
2022-11-09,ITUB4,25.29567527770996,25.65754508972168,24.580759048461914,24.845542907714844,18.676435470581055,147203325
2022-11-10,ITUB4,24.148277282714844,24.66901969909668,23.79523277282715,24.377758026123047,18.32480812072754,99105549
2022-11-11,ITUB4,24.713150024414062,24.889673233032227,23.486318588256836,23.592233657836914,17.734315872192383,111377525
2022-11-14,ITUB4,23.87466812133789,24.095321655273438,23.30097007751465,23.521623611450195,17.681243896484375,59148831
2022-11-16,ITUB4,23.521623611450195,23.556928634643555,22.956750869750977,23.18623161315918,17.42912483215332,50719991
2022-11-17,ITUB4,22.859664916992188,23.336275100708008,22.77140235900879,23.327449798583984,17.535282135009766,77606874
2022-11-18,ITUB4,23.556928634643555,23.96293067932129,23.292144775390625,23.51279640197754,17.674610137939453,56028889
2022-11-21,ITUB4,23.830537796020508,23.954103469848633,23.26566505432129,23.583406448364258,17.72768783569336,43986685
2022-11-22,ITUB4,23.654014587402344,23.786407470703125,23.027360916137695,23.195056915283203,17.435766220092773,64036253
2022-11-23,ITUB4,23.027360916137695,23.142099380493164,22.815532684326172,22.956750869750977,17.256628036499023,55607979
2022-11-24,ITUB4,23.124448776245117,23.954103469848633,23.045013427734375,23.77758026123047,17.873653411865234,30856235
2022-11-25,ITUB4,23.636362075805664,23.671667098999023,22.85083770751953,22.939098358154297,17.24335289001465,46086134
2022-11-28,ITUB4,23.03618621826172,23.13327407836914,22.497793197631836,22.52427101135254,16.931533813476562,45835061
2022-11-29,ITUB4,22.54192352294922,23.045013427734375,21.99470329284668,22.718446731567383,17.077499389648438,77138265
2022-11-30,ITUB4,22.77140235900879,22.983230590820312,22.444835662841797,22.947925567626953,17.24999237060547,60017162
2022-12-01,ITUB4,22.60370635986328,23.03618621826172,22.5860538482666,22.930273056030273,17.248435974121094,50130944
2022-12-02,ITUB4,23.009708404541016,23.521623611450195,22.577228546142578,23.239187240600586,17.480798721313477,63158518
2022-12-05,ITUB4,23.071491241455078,23.071491241455078,22.453662872314453,22.5595760345459,16.969589233398438,37424462
2022-12-06,ITUB4,22.700794219970703,23.0803165435791,22.5595760345459,23.0803165435791,17.361299514770508,53504452
2022-12-07,ITUB4,23.142099380493164,23.239187240600586,22.85083770751953,22.912620544433594,17.235158920288086,25238368
2022-12-08,ITUB4,22.77140235900879,22.815532684326172,21.977052688598633,22.10944366455078,16.631006240844727,69736150
2022-12-09,ITUB4,21.78287696838379,21.906442642211914,21.412179946899414,21.473962783813477,16.47269058227539,22514069
2022-12-12,ITUB4,21.46513557434082,21.624006271362305,20.909090042114258,21.27096176147461,16.31696319580078,101446780
2022-12-13,ITUB4,21.403352737426758,21.473962783813477,20.4060001373291,20.467784881591797,15.700850486755371,63557901
2022-12-14,ITUB4,20.220653533935547,20.803176879882812,19.96469497680664,20.556045532226562,15.76855182647705,76898069
2022-12-15,ITUB4,20.335391998291016,21.112091064453125,20.167695999145508,20.670785903930664,15.856569290161133,55898707
2022-12-16,ITUB4,20.75904655456543,21.050308227539062,20.644306182861328,20.900264739990234,16.032608032226562,64978909
2022-12-19,ITUB4,20.997352600097656,21.606353759765625,20.87378692626953,21.526918411254883,16.5133113861084,54924554
2022-12-20,ITUB4,21.526918411254883,22.22418212890625,21.438657760620117,21.756397247314453,16.68933868408203,44636914
2022-12-21,ITUB4,21.835834503173828,22.0653133392334,21.562223434448242,21.84465980529785,16.757057189941406,69855681
2022-12-22,ITUB4,21.87996482849121,22.153573989868164,21.5975284576416,21.888790130615234,16.790895462036133,25305328
2022-12-23,ITUB4,22.0917911529541,22.515445709228516,21.950572967529297,22.233009338378906,17.054950714111328,28695830
2022-12-26,ITUB4,22.021181106567383,22.22418212890625,21.668136596679688,21.791702270507812,16.716426849365234,17822996
2022-12-27,ITUB4,21.76522445678711,21.827007293701172,21.421005249023438,21.668136596679688,16.62163543701172,19491678
2022-12-28,ITUB4,21.84465980529785,22.24183464050293,21.641658782958984,22.10944366455078,16.960174560546875,25715021
2022-12-29,ITUB4,22.27713966369629,22.488967895507812,22.03000831604004,22.0653133392334,16.92630958557129,28098060
2023-01-02,ITUB4,21.562223434448242,21.650484085083008,21.21800422668457,21.61517906188965,16.592729568481445,26445013
2023-01-03,ITUB4,21.61517906188965,21.756397247314453,21.032655715942383,21.165048599243164,16.24718475341797,33847015
2023-01-04,ITUB4,21.23565673828125,21.641658782958984,21.0767879486084,21.226831436157227,16.294614791870117,33855739
2023-01-05,ITUB4,21.27096176147461,21.985877990722656,21.200353622436523,21.888790130615234,16.802759170532227,41153732
2023-01-06,ITUB4,22.003530502319336,22.33892250061035,21.888790130615234,22.268314361572266,17.094100952148438,42632750
2023-01-09,ITUB4,22.0653133392334,22.647836685180664,21.968225479125977,22.427183151245117,17.216060638427734,29083430
2023-01-10,ITUB4,22.180051803588867,22.947925567626953,21.99470329284668,22.859664916992188,17.548053741455078,35564190
2023-01-11,ITUB4,22.842012405395508,23.371578216552734,22.73609733581543,23.256839752197266,17.85293960571289,38743614
2023-01-12,ITUB4,22.50661849975586,23.221534729003906,22.418357849121094,22.930273056030273,17.60225486755371,57811778
2023-01-13,ITUB4,22.60370635986328,22.85083770751953,22.188879013061523,22.815532684326172,17.514171600341797,23525385
2023-01-16,ITUB4,22.727272033691406,22.815532684326172,22.321269989013672,22.568401336669922,17.324460983276367,27737426
2023-01-17,ITUB4,22.647836685180664,23.0803165435791,22.497793197631836,23.03618621826172,17.683557510375977,36595560
2023-01-18,ITUB4,23.274492263793945,23.51279640197754,23.124448776245117,23.45101547241211,18.001995086669922,45007971
2023-01-19,ITUB4,23.15092658996582,23.53045082092285,22.983230590820312,23.45101547241211,18.001995086669922,40213569
2023-01-20,ITUB4,23.53045082092285,23.5481014251709,22.974403381347656,23.03618621826172,17.683557510375977,37996401
2023-01-23,ITUB4,22.983230590820312,23.09796905517578,22.24183464050293,22.330097198486328,17.14153480529785,52002547
2023-01-24,ITUB4,22.497793197631836,22.974403381347656,22.365400314331055,22.533096313476562,17.297359466552734,34378279
2023-01-25,ITUB4,22.533096313476562,22.727272033691406,22.082965850830078,22.612533569335938,17.35834503173828,43609396
2023-01-26,ITUB4,22.63901138305664,22.718446731567383,22.27713966369629,22.480140686035156,17.2567138671875,33862197
2023-01-27,ITUB4,22.427183151245117,22.471315383911133,21.906442642211914,22.003530502319336,16.89084243774414,34365362
2023-01-30,ITUB4,22.056486129760742,22.118270874023438,21.650484085083008,22.01235580444336,16.897619247436523,39913324
2023-01-31,ITUB4,22.162399291992188,22.5860538482666,22.14474868774414,22.35657501220703,17.161855697631836,32928039
2023-02-01,ITUB4,22.233009338378906,22.50661849975586,21.871137619018555,22.04766082763672,16.93653106689453,31850216
2023-02-02,ITUB4,21.888790130615234,22.92144775390625,21.80052947998047,22.250661849975586,17.09246253967285,52480220
2023-02-03,ITUB4,21.977052688598633,22.383052825927734,21.91526985168457,22.171226501464844,17.031436920166016,41535326
2023-02-06,ITUB4,22.27713966369629,22.27713966369629,21.818180084228516,22.180051803588867,17.038223266601562,31860299
2023-02-07,ITUB4,22.24183464050293,22.31244468688965,21.412179946899414,21.668136596679688,16.644977569580078,34547549
2023-02-08,ITUB4,22.462488174438477,23.486318588256836,22.347749710083008,23.459840774536133,18.021326065063477,120349072
2023-02-09,ITUB4,23.521623611450195,23.715797424316406,22.762577056884766,22.877315521240234,17.5738468170166,40856546
2023-02-10,ITUB4,22.700794219970703,22.930273056030273,22.515445709228516,22.77140235900879,17.492488861083984,59102038
2023-02-13,ITUB4,22.753751754760742,23.68049430847168,22.753751754760742,23.5745792388916,18.109460830688477,49663922
2023-02-14,ITUB4,23.60988426208496,23.724624633789062,23.221534729003906,23.28331756591797,17.88572883605957,39640950
2023-02-15,ITUB4,23.195056915283203,23.89232063293457,23.0538387298584,23.62753677368164,18.150148391723633,41791724
2023-02-16,ITUB4,23.468666076660156,23.90997314453125,23.318622589111328,23.804059982299805,18.28575325012207,34692120
2023-02-17,ITUB4,23.79523277282715,23.96293067932129,23.565753936767578,23.724624633789062,18.224727630615234,21326685
2023-02-22,ITUB4,23.212709426879883,23.39805793762207,23.177404403686523,23.28331756591797,17.88572883605957,20794515
2023-02-23,ITUB4,23.309795379638672,23.883495330810547,23.26566505432129,23.371578216552734,17.953529357910156,43189053
2023-02-24,ITUB4,23.168577194213867,23.221534729003906,22.550750732421875,22.65666389465332,17.404346466064453,35419959
2023-02-27,ITUB4,22.762577056884766,22.77140235900879,22.31244468688965,22.365400314331055,17.18060302734375,20098513
2023-02-28,ITUB4,22.418357849121094,22.797880172729492,22.22418212890625,22.444835662841797,17.24162483215332,29465137
2023-03-01,ITUB4,22.347749710083008,22.37422752380371,21.526918411254883,22.0653133392334,16.961849212646484,49786059
2023-03-02,ITUB4,21.977052688598633,22.24183464050293,21.21800422668457,21.341571807861328,16.405508041381836,52237191
2023-03-03,ITUB4,21.4827880859375,21.703441619873047,21.262134552001953,21.36804962158203,16.425865173339844,29015336
2023-03-06,ITUB4,21.5710506439209,22.100616455078125,21.279787063598633,21.853485107421875,16.79902458190918,35169906
2023-03-07,ITUB4,21.932920455932617,21.95939826965332,21.44748306274414,21.91526985168457,16.84650993347168,31883639
2023-03-08,ITUB4,22.056486129760742,22.35657501220703,21.853485107421875,22.188879013061523,17.05684471130371,40035234
2023-03-09,ITUB4,22.0653133392334,22.135921478271484,21.721094131469727,21.76522445678711,16.731172561645508,47884998
2023-03-10,ITUB4,21.668136596679688,21.721094131469727,21.085613250732422,21.244483947753906,16.33087921142578,37246581
2023-03-13,ITUB4,20.979698181152344,21.244483947753906,20.714916229248047,20.988525390625,16.134117126464844,38429660
2023-03-14,ITUB4,20.79435157775879,21.13857078552246,20.714916229248047,20.917917251586914,16.079837799072266,43849139
2023-03-15,ITUB4,20.62665367126465,20.97087287902832,20.317739486694336,20.864959716796875,16.03912925720215,57389962
2023-03-16,ITUB4,20.882612228393555,21.315092086791992,20.75904655456543,21.209178924560547,16.303735733032227,45421743
2023-03-17,ITUB4,21.094438552856445,21.112091064453125,20.56487274169922,20.600175857543945,15.835587501525879,68565874
2023-03-20,ITUB4,20.653133392333984,21.05913543701172,20.45895767211914,20.653133392333984,15.876291275024414,36932854
2023-03-21,ITUB4,20.74139404296875,21.315092086791992,20.74139404296875,21.0767879486084,16.201969146728516,43704795
2023-03-22,ITUB4,21.13857078552246,21.403352737426758,20.900264739990234,20.95322036743164,16.10698127746582,41241539
2023-03-23,ITUB4,20.962047576904297,21.403352737426758,20.202999114990234,20.432479858398438,15.706682205200195,59823759
2023-03-24,ITUB4,20.44130516052246,20.670785903930664,20.070608139038086,20.4942626953125,15.934507369995117,34011300
2023-03-27,ITUB4,20.74139404296875,20.988525390625,20.635480880737305,20.847307205200195,16.20900535583496,44616067
2023-03-28,ITUB4,20.864959716796875,21.112091064453125,20.74139404296875,20.944395065307617,16.284486770629883,32135279
2023-03-29,ITUB4,20.962047576904297,21.25330924987793,20.812002182006836,21.147396087646484,16.44232940673828,25802715
2023-03-30,ITUB4,21.46513557434082,21.888790130615234,21.376874923706055,21.72991943359375,16.89525032043457,43270629
2023-03-31,ITUB4,21.835834503173828,22.14474868774414,21.61517906188965,21.835834503173828,16.97759246826172,65512439
2023-04-03,ITUB4,21.78287696838379,21.80052947998047,21.015003204345703,21.209178924560547,16.502140045166016,38304803
2023-04-04,ITUB4,21.30626678466797,21.809354782104492,21.28861427307129,21.63283348083496,16.83176612854004,25918394
2023-04-05,ITUB4,21.685789108276367,21.897615432739258,21.341571807861328,21.61517906188965,16.818029403686523,36165246
2023-04-06,ITUB4,21.676963806152344,21.774051666259766,21.385700225830078,21.544570922851562,16.763093948364258,24650907
2023-04-10,ITUB4,21.74757194519043,21.84465980529785,21.63283348083496,21.774051666259766,16.941638946533203,16023452
2023-04-11,ITUB4,22.24183464050293,22.612533569335938,22.074138641357422,22.480140686035156,17.49102783203125,54871529
2023-04-12,ITUB4,22.630184173583984,22.965578079223633,22.391878128051758,22.630184173583984,17.607778549194336,47390217
2023-04-13,ITUB4,22.73609733581543,22.86849021911621,22.462488174438477,22.630184173583984,17.607778549194336,40614537
2023-04-14,ITUB4,22.550750732421875,23.062665939331055,22.453662872314453,22.956750869750977,17.861860275268555,38988116
2023-04-17,ITUB4,22.992055892944336,23.159751892089844,22.700794219970703,22.912620544433594,17.82752799987793,24167003
2023-04-18,ITUB4,22.956750869750977,23.159751892089844,22.665489196777344,22.894969940185547,17.813796997070312,27411575
2023-04-19,ITUB4,22.727272033691406,22.815532684326172,22.497793197631836,22.533096313476562,17.5322322845459,31036155
2023-04-20,ITUB4,22.40953254699707,22.665489196777344,22.250661849975586,22.594879150390625,17.580307006835938,24745399
2023-04-24,ITUB4,22.5860538482666,22.753751754760742,22.22418212890625,22.391878128051758,17.422359466552734,28674303
2023-04-25,ITUB4,22.24183464050293,22.700794219970703,22.24183464050293,22.594879150390625,17.580307006835938,25980256
2023-04-26,ITUB4,22.533096313476562,22.647836685180664,22.330097198486328,22.365400314331055,17.401750564575195,19299068
2023-04-27,ITUB4,22.35657501220703,22.77140235900879,22.35657501220703,22.762577056884766,17.710786819458008,23660439
2023-04-28,ITUB4,22.88614273071289,22.88614273071289,22.515445709228516,22.877315521240234,17.8000545501709,23245081
2023-05-02,ITUB4,22.709619522094727,22.92144775390625,21.941747665405273,21.977052688598633,17.111248016357422,49467233
2023-05-03,ITUB4,22.021181106567383,22.180051803588867,21.78287696838379,21.941747665405273,17.083759307861328,26517638
2023-05-04,ITUB4,22.056486129760742,22.31244468688965,21.641658782958984,22.118270874023438,17.22119140625,45003213
2023-05-05,ITUB4,22.37422752380371,22.939098358154297,22.082965850830078,22.939098358154297,17.86028480529785,49402765
2023-05-08,ITUB4,23.34510040283203,23.45101547241211,22.780229568481445,23.256839752197266,18.10767936706543,59838715
2023-05-09,ITUB4,23.195056915283203,23.64518928527832,23.15092658996582,23.39805793762207,18.21763038635254,43258053
2023-05-10,ITUB4,23.353927612304688,23.865842819213867,23.203882217407227,23.742277145385742,18.485631942749023,35088896
2023-05-11,ITUB4,23.618711471557617,24.130626678466797,23.486318588256836,23.971755981445312,18.66431427001953,35897745
2023-05-12,ITUB4,23.662841796875,23.87466812133789,23.539276123046875,23.751102447509766,18.492507934570312,20136809
2023-05-15,ITUB4,23.786407470703125,23.918798446655273,23.5745792388916,23.83936309814453,18.561235427856445,20327832
2023-05-16,ITUB4,23.85701560974121,24.112974166870117,23.68049430847168,23.759929656982422,18.499378204345703,29875057
2023-05-17,ITUB4,23.918798446655273,24.201234817504883,23.786407470703125,23.998233795166016,18.684934616088867,27183049
2023-05-18,ITUB4,23.918798446655273,23.954103469848633,23.618711471557617,23.90997314453125,18.616212844848633,26807799
2023-05-19,ITUB4,23.751102447509766,23.830537796020508,23.45101547241211,23.715797424316406,18.46501922607422,55195001
2023-05-22,ITUB4,23.715797424316406,23.954103469848633,23.212709426879883,23.26566505432129,18.11454963684082,29853077
2023-05-23,ITUB4,23.38040542602539,23.804059982299805,23.177404403686523,23.45101547241211,18.258861541748047,31465336
2023-05-24,ITUB4,23.30097007751465,23.565753936767578,23.168577194213867,23.318622589111328,18.155780792236328,32566612
2023-05-25,ITUB4,23.715797424316406,24.148277282714844,23.5481014251709,24.051191329956055,18.726158142089844,51557618
2023-05-26,ITUB4,24.183582305908203,24.501323699951172,23.64518928527832,23.865842819213867,18.581850051879883,33629706
2023-05-29,ITUB4,23.79523277282715,23.87466812133789,23.565753936767578,23.759929656982422,18.499378204345703,11247177
2023-05-30,ITUB4,23.901147842407227,23.998233795166016,23.13327407836914,23.424535751342773,18.238248825073242,48896654
2023-05-31,ITUB4,23.38040542602539,23.442188262939453,23.124448776245117,23.239187240600586,18.09394073486328,38429660
2023-06-01,ITUB4,23.36275291442871,23.751102447509766,23.221534729003906,23.565753936767578,18.360504150390625,28928095
2023-06-02,ITUB4,23.830537796020508,24.02471351623535,23.706972122192383,23.90997314453125,18.628698348999023,28470477
2023-06-05,ITUB4,23.96293067932129,24.077669143676758,23.68049430847168,23.96293067932129,18.669954299926758,27870213
2023-06-06,ITUB4,24.12179946899414,24.22771453857422,23.96293067932129,24.130626678466797,18.800615310668945,29698762
2023-06-07,ITUB4,24.2718448638916,24.377758026123047,23.989408493041992,24.201234817504883,18.855621337890625,31760369
2023-06-09,ITUB4,24.333627700805664,24.53662872314453,24.12179946899414,24.53662872314453,19.116931915283203,33168008
2023-06-12,ITUB4,24.6513671875,24.748455047607422,24.201234817504883,24.2718448638916,18.910629272460938,33613277
2023-06-13,ITUB4,24.395410537719727,24.624889373779297,24.30714988708496,24.545454025268555,19.123807907104492,37732299
2023-06-14,ITUB4,24.68667221069336,24.907325744628906,24.510150909423828,24.880847930908203,19.3851261138916,56524690
2023-06-15,ITUB4,24.80141258239746,25.242717742919922,24.78375816345215,25.207412719726562,19.639554977416992,30322705
2023-06-16,ITUB4,25.145631790161133,25.454544067382812,24.93380355834961,25.286848068237305,19.701440811157227,47145602
2023-06-19,ITUB4,25.225065231323242,25.684024810791016,25.189760208129883,25.631067276000977,19.96963119506836,18433003
2023-06-20,ITUB4,25.42806625366211,25.42806625366211,25.03089141845703,25.383935928344727,19.960121154785156,28148931
2023-06-21,ITUB4,25.366283416748047,25.745807647705078,25.322153091430664,25.631067276000977,20.154449462890625,29839027
2023-06-22,ITUB4,25.48102378845215,25.595762252807617,25.207412719726562,25.383935928344727,19.960121154785156,27091956
2023-06-23,ITUB4,25.46337127685547,25.46337127685547,25.136804580688477,25.304500579833984,19.897661209106445,18796809
2023-06-26,ITUB4,25.269195556640625,25.54280662536621,25.092674255371094,25.269195556640625,19.86989974975586,15397130
2023-06-27,ITUB4,25.401588439941406,25.44571876525879,24.695497512817383,24.986759185791016,19.647815704345703,29488704
2023-06-28,ITUB4,24.977933883666992,25.039716720581055,24.713150024414062,24.845542907714844,19.536767959594727,21198769
2023-06-29,ITUB4,24.91615104675293,25.19858741760254,24.89849853515625,25.145631790161133,19.772735595703125,70141424
2023-06-30,ITUB4,25.39276123046875,25.52515411376953,25.022064208984375,25.08384895324707,19.724159240722656,31561301
2023-07-03,ITUB4,25.189760208129883,25.604589462280273,25.03089141845703,25.560457229614258,20.11141586303711,19990991
2023-07-04,ITUB4,25.48102378845215,25.613414764404297,25.357458114624023,25.401588439941406,19.986417770385742,9245166
2023-07-05,ITUB4,25.348630905151367,25.77228546142578,25.29567527770996,25.62224006652832,20.16002655029297,19998696
2023-07-06,ITUB4,25.44571876525879,25.516328811645508,25.242717742919922,25.242717742919922,19.861417770385742,32074550
2023-07-07,ITUB4,25.39276123046875,26.00176429748535,25.286848068237305,25.719329833984375,20.236421585083008,31476099
2023-07-10,ITUB4,25.922330856323242,25.922330856323242,25.46337127685547,25.551631927490234,20.104469299316406,15000240
2023-07-11,ITUB4,25.42806625366211,25.472196578979492,24.80141258239746,25.101499557495117,19.75029945373535,31780310
2023-07-12,ITUB4,25.154457092285156,25.286848068237305,24.889673233032227,24.95145606994629,19.632240295410156,20884135
2023-07-13,ITUB4,24.907325744628906,25.41041374206543,24.854368209838867,25.225065231323242,19.84752082824707,24777803
2023-07-14,ITUB4,25.286848068237305,25.41041374206543,24.854368209838867,24.960281372070312,19.639184951782227,27914740
2023-07-17,ITUB4,24.91615104675293,25.44571876525879,24.854368209838867,25.44571876525879,20.021141052246094,18054808
2023-07-18,ITUB4,25.44571876525879,25.54280662536621,24.863195419311523,24.95145606994629,19.632240295410156,44289196
2023-07-19,ITUB4,24.95145606994629,25.075021743774414,24.61606216430664,24.68667221069336,19.423906326293945,44539023
2023-07-20,ITUB4,24.810237884521484,25.145631790161133,24.448366165161133,25.145631790161133,19.78502082824707,42807912
2023-07-21,ITUB4,25.154457092285156,25.595762252807617,25.092674255371094,25.595762252807617,20.139190673828125,36214305
2023-07-24,ITUB4,25.595762252807617,25.816415786743164,25.01323890686035,25.189760208129883,19.819747924804688,37238424
2023-07-25,ITUB4,25.551631927490234,25.551631927490234,24.995586395263672,25.242717742919922,19.861417770385742,39541700
2023-07-26,ITUB4,25.2338924407959,25.419240951538086,25.004413604736328,25.383935928344727,19.9725284576416,38028465
2023-07-27,ITUB4,25.348630905151367,25.348630905151367,24.792585372924805,24.819063186645508,19.528078079223633,22188332
2023-07-28,ITUB4,24.880847930908203,25.225065231323242,24.7661075592041,25.189760208129883,19.819747924804688,18444673
2023-07-31,ITUB4,25.41041374206543,25.489849090576172,25.145631790161133,25.27802276611328,19.889196395874023,17263407
2023-08-01,ITUB4,25.004413604736328,25.357458114624023,24.960281372070312,25.339805603027344,19.950101852416992,16807601
2023-08-02,ITUB4,25.322153091430664,25.375110626220703,24.986759185791016,25.2603702545166,19.887556076049805,20784091
2023-08-03,ITUB4,25.454544067382812,25.71050262451172,24.960281372070312,25.066194534301758,19.73468780517578,24826182
2023-08-04,ITUB4,25.004413604736328,25.189760208129883,24.448366165161133,24.607236862182617,19.373350143432617,50087777
2023-08-07,ITUB4,24.6513671875,24.960281372070312,24.377758026123047,24.413061141967773,19.22047233581543,37391152
2023-08-08,ITUB4,24.148277282714844,24.72197723388672,23.92762565612793,24.360105514526367,19.178781509399414,50438327
2023-08-09,ITUB4,24.2718448638916,24.360105514526367,23.759929656982422,24.2718448638916,19.109289169311523,39723999
2023-08-10,ITUB4,24.40423583984375,24.660194396972656,24.28949546813965,24.35127830505371,19.17182159423828,34693139
2023-08-11,ITUB4,24.38658332824707,24.53662872314453,24.236539840698242,24.395410537719727,19.20657730102539,22008185
2023-08-14,ITUB4,24.254192352294922,24.377758026123047,23.980581283569336,24.0423641204834,18.928617477416992,28513531
2023-08-15,ITUB4,24.095321655273438,24.148277282714844,23.715797424316406,23.90997314453125,18.824390411376953,28083444
2023-08-16,ITUB4,23.87466812133789,24.28949546813965,23.821712493896484,23.89232063293457,18.81049346923828,38445182
2023-08-17,ITUB4,24.112974166870117,24.130626678466797,23.601058959960938,23.60988426208496,18.5881290435791,43034739
2023-08-18,ITUB4,23.565753936767578,23.989408493041992,23.424535751342773,23.79523277282715,18.734054565429688,23685478
2023-08-21,ITUB4,23.706972122192383,23.901147842407227,23.583406448364258,23.69814682006836,18.657621383666992,37088868
2023-08-22,ITUB4,23.830537796020508,24.13945198059082,23.768754959106445,24.068843841552734,18.949462890625,24097210
2023-08-23,ITUB4,24.068843841552734,24.466018676757812,23.92762565612793,24.368932723999023,19.185731887817383,27395600
2023-08-24,ITUB4,24.360105514526367,24.360105514526367,23.954103469848633,24.086496353149414,18.963363647460938,21142233
2023-08-25,ITUB4,24.051191329956055,24.095321655273438,23.539276123046875,23.706972122192383,18.664566040039062,25293885
2023-08-28,ITUB4,23.724624633789062,24.70432472229004,23.583406448364258,24.510150909423828,19.296907424926758,38836520
2023-08-29,ITUB4,24.713150024414062,25.2338924407959,24.61606216430664,24.89849853515625,19.602659225463867,40091091
2023-08-30,ITUB4,24.986759185791016,25.022064208984375,24.342453002929688,24.42188835144043,19.227415084838867,19884943
2023-08-31,ITUB4,24.315975189208984,24.395410537719727,23.989408493041992,24.210060119628906,19.06064796447754,41890409
2023-09-01,ITUB4,24.236539840698242,24.642541885375977,24.12179946899414,24.40423583984375,19.225893020629883,33312919
2023-09-04,ITUB4,24.298322677612305,24.45719337463379,24.112974166870117,24.183582305908203,19.05205535888672,11195852
2023-09-05,ITUB4,24.183582305908203,24.245365142822266,23.786407470703125,23.821712493896484,18.766979217529297,23401321
2023-09-06,ITUB4,23.883495330810547,23.980581283569336,23.477493286132812,23.592233657836914,18.5861759185791,21773767
2023-09-08,ITUB4,23.521623611450195,23.92762565612793,23.41571044921875,23.62753677368164,18.614004135131836,25732129
2023-09-11,ITUB4,23.830537796020508,24.263017654418945,23.73345184326172,24.22771453857422,19.08683204650879,31296405
2023-09-12,ITUB4,24.254192352294922,24.448366165161133,24.112974166870117,24.368932723999023,19.198087692260742,18673652
2023-09-13,ITUB4,24.413061141967773,24.748455047607422,24.263017654418945,24.492496490478516,19.295419692993164,26195186
2023-09-14,ITUB4,24.53662872314453,24.68667221069336,24.245365142822266,24.395410537719727,19.21894073486328,34267698
2023-09-15,ITUB4,24.642541885375977,24.713150024414062,24.218887329101562,24.342453002929688,19.177223205566406,40731689
2023-09-18,ITUB4,24.40423583984375,24.53662872314453,24.148277282714844,24.280670166015625,19.1285457611084,16235663
2023-09-19,ITUB4,24.095321655273438,24.201234817504883,23.883495330810547,23.971755981445312,19.071884155273438,21474768
2023-09-20,ITUB4,24.068843841552734,24.571931838989258,24.033538818359375,24.377758026123047,19.3948917388916,27867381
2023-09-21,ITUB4,24.095321655273438,24.183582305908203,23.79523277282715,23.821712493896484,18.952503204345703,25385884
2023-09-22,ITUB4,23.936450958251953,24.02471351623535,23.73345184326172,23.759929656982422,18.903343200683594,18539052
2023-09-25,ITUB4,23.77758026123047,23.998233795166016,23.768754959106445,23.830537796020508,18.959522247314453,16063674
2023-09-26,ITUB4,23.804059982299805,23.830537796020508,23.459840774536133,23.477493286132812,18.67863655090332,27469811
2023-09-27,ITUB4,23.662841796875,23.759929656982422,23.26566505432129,23.433361053466797,18.643543243408203,26052315
2023-09-28,ITUB4,23.41571044921875,24.165931701660156,23.34510040283203,24.051191329956055,19.13508415222168,32463735
2023-09-29,ITUB4,24.2718448638916,24.333627700805664,23.848190307617188,24.015886306762695,19.10698890686035,19969351
2023-10-02,ITUB4,23.954103469848633,23.998233795166016,23.618711471557617,23.77758026123047,18.929677963256836,14289396
2023-10-03,ITUB4,23.68049430847168,23.768754959106445,23.433361053466797,23.477493286132812,18.690771102905273,24198953
2023-10-04,ITUB4,23.565753936767578,24.12179946899414,23.495145797729492,24.015886306762695,19.11939239501953,26973104
2023-10-05,ITUB4,23.971755981445312,24.563106536865234,23.89232063293457,24.395410537719727,19.421533584594727,32443908
2023-10-06,ITUB4,24.17475700378418,24.96910858154297,24.033538818359375,24.624889373779297,19.60422706604004,50011299
2023-10-09,ITUB4,24.40423583984375,24.492496490478516,24.183582305908203,24.413061141967773,19.43559455871582,16544632
2023-10-10,ITUB4,24.466018676757812,24.757280349731445,24.263017654418945,24.38658332824707,19.414514541625977,27848800
2023-10-11,ITUB4,24.448366165161133,24.730802536010742,24.342453002929688,24.695497512817383,19.660442352294922,17994759
2023-10-13,ITUB4,24.660194396972656,24.792585372924805,24.35127830505371,24.43954086303711,19.4566650390625,25238141
2023-10-16,ITUB4,24.607236862182617,24.624889373779297,24.333627700805664,24.47484588623047,19.484773635864258,12962992
2023-10-17,ITUB4,24.360105514526367,24.40423583984375,24.00705909729004,24.112974166870117,19.196685791015625,30382867
2023-10-18,ITUB4,23.89232063293457,24.086496353149414,23.486318588256836,23.60988426208496,18.796165466308594,63292779
2023-10-19,ITUB4,23.5481014251709,24.183582305908203,23.459840774536133,23.883495330810547,19.013994216918945,26245718
2023-10-20,ITUB4,23.759929656982422,24.033538818359375,23.601058959960938,23.79523277282715,18.943729400634766,27017857
2023-10-23,ITUB4,23.742277145385742,24.104148864746094,23.671667098999023,23.821712493896484,18.964807510375977,18187709
2023-10-24,ITUB4,24.051191329956055,24.165931701660156,23.671667098999023,23.821712493896484,18.964807510375977,17958163
2023-10-25,ITUB4,23.87466812133789,24.563106536865234,23.804059982299805,23.865842819213867,18.999940872192383,28965258
2023-10-26,ITUB4,24.00705909729004,24.554279327392578,23.90997314453125,24.45719337463379,19.470727920532227,32592557
2023-10-27,ITUB4,24.571931838989258,24.624889373779297,23.998233795166016,24.095321655273438,19.18263053894043,34189408
2023-10-30,ITUB4,24.263017654418945,24.263017654418945,23.821712493896484,23.901147842407227,19.02804946899414,17119856
2023-10-31,ITUB4,23.901147842407227,23.989408493041992,23.53045082092285,23.671667098999023,18.845348358154297,28770042
2023-11-01,ITUB4,23.742277145385742,24.130626678466797,23.706972122192383,23.989408493041992,19.11088752746582,29703861
2023-11-03,ITUB4,24.492496490478516,24.810237884521484,24.315975189208984,24.6513671875,19.638229370117188,40014727
2023-11-06,ITUB4,24.757280349731445,24.907325744628906,24.607236862182617,24.880847930908203,19.821043014526367,20420512
2023-11-07,ITUB4,24.880847930908203,25.7546329498291,24.66901969909668,25.57811164855957,20.376508712768555,68857281
2023-11-08,ITUB4,25.648719787597656,25.798763275146484,25.401588439941406,25.69285011291504,20.467918395996094,26848927
2023-11-09,ITUB4,25.701675415039062,25.97528648376465,25.401588439941406,25.80759048461914,20.559324264526367,29266749
2023-11-10,ITUB4,25.966459274291992,26.363636016845703,25.834068298339844,26.116504669189453,20.80541229248047,27757367
2023-11-13,ITUB4,26.01941680908203,26.05472183227539,25.745807647705078,25.93998146057129,20.664791107177734,17013694
2023-11-14,ITUB4,26.028242111206055,26.540157318115234,25.97528648376465,26.328330993652344,20.974166870117188,47389424
2023-11-16,ITUB4,26.478374481201172,26.972639083862305,26.275375366210938,26.751985549926758,21.31165885925293,46722314
2023-11-17,ITUB4,26.734333038330078,26.999116897583008,26.58428955078125,26.875551223754883,21.410104751586914,27884376
2023-11-20,ITUB4,26.90203094482422,27.2109432220459,26.69902992248535,27.140335083007812,21.621044158935547,26508121
2023-11-21,ITUB4,27.034421920776367,27.228595733642578,26.928508758544922,27.09620475769043,21.58587646484375,18805760
2023-11-22,ITUB4,27.27272605895996,27.563989639282227,27.157987594604492,27.263900756835938,21.719472885131836,44180768
2023-11-23,ITUB4,27.263900756835938,27.475727081298828,26.990291595458984,27.228595733642578,21.69135093688965,25892449
2023-11-24,ITUB4,27.122682571411133,27.263900756835938,26.8314208984375,27.07855224609375,21.571815490722656,23216076
2023-11-27,ITUB4,27.2109432220459,27.32568359375,26.928508758544922,27.00794219970703,21.515565872192383,20472630
2023-11-28,ITUB4,26.999116897583008,27.405118942260742,26.90203094482422,27.27272605895996,21.726503372192383,23380701
2023-11-29,ITUB4,27.537511825561523,27.696380615234375,27.219770431518555,27.45807456970215,21.87415885925293,25551189
2023-11-30,ITUB4,27.62577247619629,27.943511962890625,27.563989639282227,27.881729125976562,22.211658477783203,48828674
2023-12-01,ITUB4,27.846424102783203,27.961164474487305,27.475727081298828,27.80229377746582,22.160764694213867,34579613
2023-12-04,ITUB4,27.643423080444336,28.022947311401367,27.634597778320312,27.83759880065918,22.18890380859375,14713024
2023-12-05,ITUB4,27.881729125976562,28.208295822143555,27.8199462890625,28.06707763671875,22.371810913085938,29425256
2023-12-06,ITUB4,28.172992706298828,28.243600845336914,27.643423080444336,27.8199462890625,22.174833297729492,26385417
2023-12-07,ITUB4,27.758163452148438,27.9082088470459,27.546337127685547,27.9082088470459,22.42106056213379,22783950
2023-12-08,ITUB4,27.828773498535156,28.34951400756836,27.749338150024414,28.261253356933594,22.70468521118164,20982366
2023-12-11,ITUB4,28.111209869384766,28.305383682250977,28.005294799804688,28.06707763671875,22.548677444458008,21996515
2023-12-12,ITUB4,28.13768768310547,28.190643310546875,27.70520782470703,27.925859451293945,22.43523597717285,16825276
2023-12-13,ITUB4,27.925859451293945,28.9232120513916,27.925859451293945,28.773168563842773,23.115949630737305,53507397
2023-12-14,ITUB4,28.8967342376709,29.161518096923828,28.605472564697266,29.011472702026367,23.30739974975586,48235322
2023-12-15,ITUB4,29.055604934692383,29.161518096923828,28.508384704589844,28.887908935546875,23.208131790161133,31684684
2023-12-18,ITUB4,28.97616958618164,29.152690887451172,28.834951400756836,29.029125213623047,23.321582794189453,31521986
2023-12-19,ITUB4,29.14386558532715,29.43512725830078,28.97616958618164,29.046777725219727,23.33576202392578,27090256
2023-12-20,ITUB4,28.94086456298828,29.099735260009766,28.667255401611328,28.74669075012207,23.09467887878418,25825488
2023-12-21,ITUB4,28.905559539794922,29.011472702026367,28.729036331176758,28.94086456298828,23.25067901611328,24714129
2023-12-22,ITUB4,28.967342376708984,29.60282325744629,28.949691772460938,29.399822235107422,23.619394302368164,36993016
2023-12-26,ITUB4,29.45277976989746,29.814651489257812,29.329214096069336,29.69991111755371,23.860485076904297,26212408
2023-12-27,ITUB4,29.66460609436035,29.96469497680664,29.629301071166992,29.902912139892578,24.02356719970703,20593974
2023-12-28,ITUB4,29.902912139892578,29.98234748840332,29.779346466064453,29.98234748840332,24.087385177612305,14225154
2024-01-02,ITUB4,29.9117374420166,29.9117374420166,29.33803939819336,29.585172653198242,23.780658721923828,21468310
2024-01-03,ITUB4,29.576345443725586,29.805824279785156,29.258604049682617,29.258604049682617,23.518163681030273,20995509
2024-01-04,ITUB4,29.258604049682617,29.329214096069336,28.86142921447754,29.064430236816406,23.36208152770996,30121031
2024-01-05,ITUB4,29.046777725219727,29.744041442871094,29.020299911499023,29.744041442871094,23.908357620239258,31414011
2024-01-08,ITUB4,29.585172653198242,29.71756362915039,29.382171630859375,29.426300048828125,23.652950286865234,13381523
2024-01-09,ITUB4,29.302736282348633,29.514562606811523,28.94086456298828,29.408649444580078,23.638774871826172,21458906
2024-01-10,ITUB4,29.311561584472656,29.60282325744629,29.293909072875977,29.382171630859375,23.61748504638672,11422452
2024-01-11,ITUB4,29.311561584472656,29.63812828063965,29.24095344543457,29.43512725830078,23.660045623779297,23114559
2024-01-12,ITUB4,29.35569190979004,29.549867630004883,29.09090805053711,29.47043228149414,23.688430786132812,27608377
2024-01-15,ITUB4,29.45277976989746,29.629301071166992,29.285083770751953,29.52338981628418,23.73099708557129,11169567
2024-01-16,ITUB4,29.302736282348633,29.629301071166992,29.082082748413086,29.10856056213379,23.397554397583008,40226258
2024-01-17,ITUB4,29.037952423095703,29.267431259155273,28.97616958618164,29.12621307373047,23.411741256713867,30594852
2024-01-18,ITUB4,29.302736282348633,29.302736282348633,28.8967342376709,29.002647399902344,23.312421798706055,25613957
2024-01-19,ITUB4,29.082082748413086,29.161518096923828,28.870254516601562,29.07325553894043,23.369178771972656,36066109
2024-01-22,ITUB4,29.082082748413086,29.276256561279297,28.217121124267578,28.59664535522461,22.986074447631836,41153165
2024-01-23,ITUB4,28.755516052246094,28.79081916809082,28.393644332885742,28.729036331176758,23.092493057250977,24343524
2024-01-24,ITUB4,28.870254516601562,29.18799591064453,28.517210006713867,28.59664535522461,22.986074447631836,26632184
2024-01-25,ITUB4,28.755516052246094,28.834951400756836,28.46425437927246,28.534862518310547,22.936418533325195,17399934
2024-01-26,ITUB4,28.57899284362793,29.046777725219727,28.552515029907227,28.95851707458496,23.276947021484375,16393377
2024-01-29,ITUB4,28.870254516601562,29.020299911499023,28.640775680541992,28.808473587036133,23.156343460083008,9956124
2024-01-30,ITUB4,28.74669075012207,28.8967342376709,28.534862518310547,28.623123168945312,23.007360458374023,23823364
2024-01-31,ITUB4,28.667255401611328,29.4174747467041,28.658428192138672,28.932037353515625,23.25566864013672,27023862
2024-02-01,ITUB4,28.932037353515625,29.179170608520508,28.455427169799805,28.852603912353516,23.204301834106445,26301462
2024-02-02,ITUB4,28.905559539794922,29.029125213623047,28.411296844482422,28.8967342376709,23.23980140686035,25338865
2024-02-05,ITUB4,29.020299911499023,29.45277976989746,28.949691772460938,29.443954467773438,23.679901123046875,21139400
2024-02-06,ITUB4,29.62047576904297,30.77669906616211,29.37334442138672,30.706090927124023,24.69495391845703,76215210
2024-02-07,ITUB4,30.450132369995117,30.77669906616211,30.097087860107422,30.485435485839844,24.517492294311523,53422083
2024-02-08,ITUB4,30.388349533081055,30.750219345092773,29.8852596282959,29.8852596282959,24.034809112548828,55241227
2024-02-09,ITUB4,29.902912139892578,30.370697021484375,29.779346466064453,30.26478385925293,24.34003257751465,30560069
2024-02-14,ITUB4,30.185348510742188,30.397174835205078,30.11473846435547,30.26478385925293,24.34003257751465,14313415
2024-02-15,ITUB4,30.34421730041504,30.56487274169922,30.13239097595215,30.520740509033203,24.545888900756836,32298657
2024-02-16,ITUB4,30.60900115966797,30.706090927124023,30.255956649780273,30.485435485839844,24.517492294311523,25879532
2024-02-19,ITUB4,30.520740509033203,30.838481903076172,30.4942626953125,30.820829391479492,24.787233352661133,32035461
2024-02-20,ITUB4,30.79435157775879,31.72991943359375,30.79435157775879,31.491615295410156,25.32670021057129,62343778
2024-02-21,ITUB4,31.46513557434082,31.624006271362305,31.315092086791992,31.315092086791992,25.18472671508789,32185244
2024-02-22,ITUB4,30.62665367126465,30.653133392333984,30.150043487548828,30.150043487548828,25.041872024536133,24314973
2024-02-23,ITUB4,30.185348510742188,30.34421730041504,29.894086837768555,30.238304138183594,25.115177154541016,25725331
2024-02-26,ITUB4,30.26478385925293,30.397174835205078,30.150043487548828,30.326566696166992,25.188488006591797,15356342
2024-02-27,ITUB4,30.556045532226562,30.75904655456543,30.36187171936035,30.697263717651367,25.496381759643555,17802262
2024-02-28,ITUB4,30.62665367126465,30.79435157775879,30.414827346801758,30.714916229248047,25.511043548583984,15121697
2024-02-29,ITUB4,30.600175857543945,30.670785903930664,29.779346466064453,29.955869674682617,24.88059425354004,48078175
2024-03-01,ITUB4,30.11473846435547,30.24713134765625,29.92938995361328,30.070608139038086,24.988895416259766,16520612
2024-03-04,ITUB4,30.079435348510742,30.185348510742188,29.841129302978516,29.841129302978516,24.798192977905273,17674233
2024-03-05,ITUB4,29.938217163085938,30.044130325317383,29.655780792236328,29.814651489257812,24.77618980407715,20542423
2024-03-06,ITUB4,29.973520278930664,30.26478385925293,29.796998977661133,30.141218185424805,25.047574996948242,36605983
2024-03-07,ITUB4,30.052955627441406,30.308914184570312,29.56751823425293,29.823476791381836,24.783527374267578,18729056
2024-03-08,ITUB4,29.726390838623047,30.238304138183594,29.69991111755371,30.097087860107422,25.010892868041992,19630131
2024-03-11,ITUB4,30.01765251159668,30.24713134765625,30.0,30.24713134765625,25.13558578491211,22865412
2024-03-12,ITUB4,30.414827346801758,30.547218322753906,30.123565673828125,30.370697021484375,25.238262176513672,24434504
2024-03-13,ITUB4,30.28243637084961,30.820829391479492,30.185348510742188,30.670785903930664,25.48764991760254,30214957
2024-03-14,ITUB4,30.714916229248047,30.829654693603516,30.4942626953125,30.653133392333984,25.472976684570312,32383745
2024-03-15,ITUB4,30.77669906616211,30.803176879882812,30.36187171936035,30.485435485839844,25.333616256713867,42577460
2024-03-18,ITUB4,30.600175857543945,30.847307205200195,30.34421730041504,30.60900115966797,25.43630027770996,14672010
2024-03-19,ITUB4,30.679611206054688,30.75904655456543,30.573698043823242,30.653133392333984,25.472976684570312,11934228
2024-03-20,ITUB4,30.653133392333984,30.891437530517578,30.503089904785156,30.714916229248047,25.524322509765625,19759180
2024-03-21,ITUB4,30.714916229248047,30.829654693603516,30.24713134765625,30.397174835205078,25.260278701782227,38034356
2024-03-22,ITUB4,30.097087860107422,30.185348510742188,29.66460609436035,29.761693954467773,24.90705680847168,13144839
2024-03-25,ITUB4,29.691085815429688,29.779346466064453,29.611650466918945,29.761693954467773,24.90705680847168,13844693
2024-03-26,ITUB4,29.726390838623047,30.353044509887695,29.63812828063965,30.353044509887695,25.401945114135742,19262812
2024-03-27,ITUB4,30.273609161376953,30.60900115966797,30.141218185424805,30.520740509033203,25.54229164123535,19398772
2024-03-28,ITUB4,30.51191520690918,30.706090927124023,30.353044509887695,30.573698043823242,25.58660888671875,18913508
2024-04-01,ITUB4,30.520740509033203,30.706090927124023,29.505735397338867,29.514562606811523,24.71282386779785,35605204
2024-04-02,ITUB4,29.52338981628418,29.62047576904297,29.249778747558594,29.549867630004883,24.742385864257812,20491664
2024-04-03,ITUB4,29.514562606811523,29.63812828063965,29.135038375854492,29.329214096069336,24.55763053894043,33775409
2024-04-04,ITUB4,29.45277976989746,29.73521614074707,28.781993865966797,28.94086456298828,24.23246192932129,54117291
2024-04-05,ITUB4,28.949691772460938,29.117387771606445,28.71138572692871,28.887908935546875,24.1881160736084,28261098
2024-04-08,ITUB4,29.09090805053711,29.593997955322266,29.029125213623047,29.320388793945312,24.55023956298828,19296916
2024-04-09,ITUB4,29.461605072021484,29.68225860595703,29.37334442138672,29.629301071166992,24.80889892578125,20178616
2024-04-10,ITUB4,29.52338981628418,29.56751823425293,28.84377670288086,29.002647399902344,24.284194946289062,31255391
2024-04-11,ITUB4,28.87908172607422,29.064430236816406,28.729036331176758,28.949691772460938,24.239856719970703,20688126
2024-04-12,ITUB4,28.86142921447754,28.887908935546875,28.587818145751953,28.64960289001465,23.988582611083984,25841237
2024-04-15,ITUB4,28.64960289001465,28.799646377563477,28.058252334594727,28.164165496826172,23.582122802734375,35825686
2024-04-16,ITUB4,27.987642288208008,28.128860473632812,27.696380615234375,27.95233726501465,23.404756546020508,34875666
2024-04-17,ITUB4,27.96999168395996,28.040599822998047,27.696380615234375,27.96999168395996,23.41954231262207,28706141
2024-04-18,ITUB4,28.022947311401367,28.243600845336914,27.678728103637695,28.005294799804688,23.449098587036133,24583607
2024-04-19,ITUB4,28.04942512512207,28.217121124267578,27.758163452148438,27.846424102783203,23.316078186035156,30496961
2024-04-22,ITUB4,27.925859451293945,28.01412010192871,27.60811996459961,27.828773498535156,23.30129623413086,24603774
2024-04-23,ITUB4,27.714033126831055,28.517210006713867,27.714033126831055,28.243600845336914,23.648635864257812,53107109
2024-04-24,ITUB4,28.243600845336914,28.323036193847656,27.9082088470459,28.12003517150879,23.545169830322266,27387442
2024-04-25,ITUB4,28.04942512512207,28.243600845336914,27.758163452148438,27.961164474487305,23.41214942932129,23076377
2024-04-26,ITUB4,28.08473014831543,28.552515029907227,27.996469497680664,28.4289493560791,23.803829193115234,30762989
2024-04-29,ITUB4,28.46425437927246,28.508384704589844,27.987642288208008,28.208295822143555,23.61907386779785,25020378
2024-04-30,ITUB4,28.164165496826172,28.420122146606445,27.678728103637695,27.678728103637695,23.17565155029297,53143478
2024-05-02,ITUB4,28.172992706298828,28.340688705444336,27.8199462890625,28.06707763671875,23.514057159423828,31652054
2024-05-03,ITUB4,28.473079681396484,28.764341354370117,28.314210891723633,28.420122146606445,23.809839248657227,32765680
2024-05-06,ITUB4,28.4024715423584,28.834951400756836,28.33186149597168,28.59664535522461,23.957725524902344,21100312
2024-05-07,ITUB4,28.684907913208008,29.33803939819336,28.4024715423584,29.18799591064453,24.453147888183594,43603391
2024-05-08,ITUB4,28.97616958618164,29.45277976989746,28.79081916809082,29.37334442138672,24.60843276977539,27721450
2024-05-09,ITUB4,29.029125213623047,29.09090805053711,28.473079681396484,28.490732192993164,23.868993759155273,31837186
2024-05-10,ITUB4,28.534862518310547,29.14386558532715,28.517210006713867,28.817298889160156,24.142580032348633,26443200
2024-05-13,ITUB4,28.95851707458496,29.285083770751953,28.87908172607422,29.17034339904785,24.438364028930664,26666401
2024-05-14,ITUB4,28.967342376708984,29.62047576904297,28.95851707458496,29.48808479309082,24.704559326171875,34497357
2024-05-15,ITUB4,29.576345443725586,29.629301071166992,29.285083770751953,29.408649444580078,24.638011932373047,23867664
2024-05-16,ITUB4,29.541040420532227,29.673433303833008,29.232126235961914,29.320388793945312,24.564064025878906,20274355
2024-05-17,ITUB4,29.267431259155273,29.45277976989746,29.179170608520508,29.329214096069336,24.571456909179688,21065189
2024-05-20,ITUB4,29.293909072875977,29.479257583618164,29.12621307373047,29.24095344543457,24.49751091003418,17755129
2024-05-21,ITUB4,29.276256561279297,29.37334442138672,28.97616958618164,29.09090805053711,24.371809005737305,18694273
2024-05-22,ITUB4,28.94086456298828,28.993820190429688,28.526037216186523,28.640775680541992,23.99469757080078,23786768
2024-05-23,ITUB4,28.59664535522461,28.63195037841797,28.287731170654297,28.38481903076172,23.780258178710938,21792348
2024-05-24,ITUB4,28.437774658203125,28.455427169799805,28.005294799804688,28.111209869384766,23.551040649414062,23438031
2024-05-27,ITUB4,28.111209869384766,28.128860473632812,27.89055633544922,28.01412010192871,23.469694137573242,13641546
2024-05-28,ITUB4,28.358339309692383,28.36716651916504,27.80229377746582,27.864076614379883,23.343992233276367,28440452
2024-05-29,ITUB4,27.678728103637695,27.828773498535156,27.316856384277344,27.669902801513672,23.181320190429688,28148705
2024-05-31,ITUB4,27.661075592041016,27.722858428955078,27.36098861694336,27.387466430664062,22.944700241088867,38825757
