Date,Ticker,Open,High,Low,Close,Adj_Close,Volume
2015-01-02,PETR4,9.989999771118164,9.989999771118164,9.350000381469727,9.359999656677246,2.3447837829589844,49559500
2015-01-05,PETR4,9.140000343322754,9.1899995803833,8.529999732971191,8.5600004196167,2.1443748474121094,78385100
2015-01-06,PETR4,8.710000038146973,8.829999923706055,8.039999961853027,8.279999732971191,2.0742313861846924,84723300
2015-01-07,PETR4,8.5600004196167,8.729999542236328,8.359999656677246,8.670000076293945,2.171931028366089,85531000
2015-01-08,PETR4,8.789999961853027,9.390000343322754,8.739999771118164,9.229999542236328,2.3122172355651855,83306300
2015-01-09,PETR4,9.199999809265137,9.510000228881836,8.930000305175781,9.510000228881836,2.3823599815368652,50813100
2015-01-12,PETR4,9.270000457763672,9.579999923706055,8.789999961853027,8.84000015258789,2.2145183086395264,58728900
2015-01-13,PETR4,8.899999618530273,9.390000343322754,8.850000381469727,9.09000015258789,2.2771458625793457,65834800
2015-01-14,PETR4,8.880000114440918,8.960000038146973,8.640000343322754,8.90999984741211,2.23205304145813,55736500
2015-01-15,PETR4,9.0,9.390000343322754,8.869999885559082,9.3100004196167,2.332258462905884,80907800
2015-01-16,PETR4,9.460000038146973,9.630000114440918,9.239999771118164,9.4399995803833,2.364824056625366,56978300
2015-01-19,PETR4,9.350000381469727,9.539999961853027,9.149999618530273,9.170000076293945,2.2971861362457275,30873100
2015-01-20,PETR4,9.600000381469727,9.850000381469727,9.149999618530273,9.3100004196167,2.332258462905884,72842900
2015-01-21,PETR4,9.449999809265137,9.920000076293945,9.319999694824219,9.899999618530273,2.480059862136841,48003500
2015-01-22,PETR4,10.100000381469727,10.460000038146973,9.970000267028809,10.229999542236328,2.5627284049987793,74782400
2015-01-23,PETR4,10.109999656677246,10.40999984741211,9.880000114440918,9.979999542236328,2.5000998973846436,43659400
2015-01-26,PETR4,9.789999961853027,9.970000267028809,9.65999984741211,9.829999923706055,2.462523937225342,33202100
2015-01-27,PETR4,9.720000267028809,10.369999885559082,9.529999732971191,10.140000343322754,2.540182113647461,58750400
2015-01-28,PETR4,9.430000305175781,9.539999961853027,8.949999809265137,9.109999656677246,2.282155752182007,106337900
2015-01-29,PETR4,9.050000190734863,9.079999923706055,8.34000015258789,8.670000076293945,2.171931028366089,111506300
2015-01-30,PETR4,8.199999809265137,8.34000015258789,8.079999923706055,8.300000190734863,2.0792412757873535,87497200
2015-02-02,PETR4,8.460000038146973,8.789999961853027,8.130000114440918,8.789999961853027,2.2019927501678467,57585100
2015-02-03,PETR4,9.010000228881836,10.0,9.010000228881836,9.970000267028809,2.4975953102111816,98061700
2015-02-04,PETR4,10.300000190734863,10.779999732971191,9.5600004196167,10.020000457763672,2.5101211071014404,117595000
2015-02-05,PETR4,9.859999656677246,10.289999961853027,9.699999809265137,9.829999923706055,2.462523937225342,78992700
2015-02-06,PETR4,9.800000190734863,9.8100004196167,8.869999885559082,9.119999885559082,2.284661293029785,117747100
2015-02-09,PETR4,8.800000190734863,9.470000267028809,8.720000267028809,9.399999618530273,2.3548038005828857,72534200
2015-02-10,PETR4,9.220000267028809,9.800000190734863,8.890000343322754,8.90999984741211,2.23205304145813,75478700
2015-02-11,PETR4,8.9399995803833,9.1899995803833,8.8100004196167,9.079999923706055,2.274639844894409,48681100
2015-02-12,PETR4,9.350000381469727,9.539999961853027,9.270000457763672,9.449999809265137,2.3673293590545654,61706000
2015-02-13,PETR4,9.680000305175781,10.100000381469727,9.65999984741211,10.029999732971191,2.5126256942749023,72282500
2015-02-18,PETR4,10.15999984741211,10.34000015258789,10.010000228881836,10.039999961853027,2.5151307582855225,42896700
2015-02-19,PETR4,9.960000038146973,9.970000267028809,9.649999618530273,9.710000038146973,2.4324629306793213,38492400
2015-02-20,PETR4,9.819999694824219,9.899999618530273,9.529999732971191,9.640000343322754,2.414926767349243,35272700
2015-02-23,PETR4,9.550000190734863,9.59000015258789,9.390000343322754,9.5,2.3798553943634033,41168500
2015-02-24,PETR4,9.649999618530273,9.899999618530273,9.59000015258789,9.899999618530273,2.480059862136841,48578000
2015-02-25,PETR4,9.100000381469727,9.399999618530273,9.0,9.399999618530273,2.3548038005828857,96303900
2015-02-26,PETR4,9.399999618530273,9.520000457763672,9.15999984741211,9.229999542236328,2.3122172355651855,44179900
2015-02-27,PETR4,9.300000190734863,9.640000343322754,9.100000381469727,9.550000190734863,2.392380714416504,46969600
2015-03-02,PETR4,9.4399995803833,9.710000038146973,9.270000457763672,9.420000076293945,2.359814405441284,38009000
2015-03-03,PETR4,9.6899995803833,9.800000190734863,9.520000457763672,9.569999694824219,2.397390127182007,42133600
2015-03-04,PETR4,9.40999984741211,9.449999809265137,9.210000038146973,9.270000457763672,2.322237968444824,48308500
2015-03-05,PETR4,9.3100004196167,9.380000114440918,9.15999984741211,9.239999771118164,2.3147218227386475,52913800
2015-03-06,PETR4,9.199999809265137,9.350000381469727,9.170000076293945,9.25,2.3172271251678467,27181900
2015-03-09,PETR4,9.130000114440918,9.180000305175781,8.899999618530273,8.920000076293945,2.2345590591430664,37625700
2015-03-10,PETR4,8.829999923706055,8.979999542236328,8.510000228881836,8.520000457763672,2.13435435295105,72090500
2015-03-11,PETR4,8.670000076293945,8.829999923706055,8.579999923706055,8.739999771118164,2.189466953277588,44035300
2015-03-12,PETR4,8.970000267028809,9.079999923706055,8.4399995803833,8.470000267028809,2.121829032897949,63029900
2015-03-13,PETR4,8.25,8.390000343322754,8.15999984741211,8.34000015258789,2.0892624855041504,72933500
2015-03-16,PETR4,8.489999771118164,8.5,8.1899995803833,8.390000343322754,2.10178804397583,53380500
2015-03-17,PETR4,8.350000381469727,8.930000305175781,8.319999694824219,8.859999656677246,2.2195284366607666,63896300
2015-03-18,PETR4,8.850000381469727,9.289999961853027,8.670000076293945,9.199999809265137,2.304701566696167,65324600
2015-03-19,PETR4,9.180000305175781,9.229999542236328,8.850000381469727,8.920000076293945,2.2345590591430664,42857200
2015-03-20,PETR4,9.079999923706055,9.350000381469727,8.960000038146973,9.220000267028809,2.3097126483917236,65339300
2015-03-23,PETR4,9.300000190734863,9.4399995803833,9.199999809265137,9.329999923706055,2.3372678756713867,34124600
2015-03-24,PETR4,9.369999885559082,9.449999809265137,9.220000267028809,9.420000076293945,2.359814405441284,36392400
2015-03-25,PETR4,9.649999618530273,9.890000343322754,9.529999732971191,9.800000190734863,2.4550082683563232,84659600
2015-03-26,PETR4,9.920000076293945,9.960000038146973,9.3100004196167,9.329999923706055,2.3372678756713867,58862000
2015-03-27,PETR4,9.300000190734863,9.609999656677246,9.170000076293945,9.359999656677246,2.3447837829589844,51152500
2015-03-30,PETR4,9.5,9.75,9.420000076293945,9.710000038146973,2.4324629306793213,33372200
2015-03-31,PETR4,9.579999923706055,9.920000076293945,9.470000267028809,9.65999984741211,2.4199373722076416,46908300
2015-04-01,PETR4,9.930000305175781,10.369999885559082,9.869999885559082,10.260000228881836,2.5702431201934814,59374600
2015-04-02,PETR4,10.170000076293945,10.720000267028809,10.170000076293945,10.6899995803833,2.6779630184173584,69001800
2015-04-06,PETR4,10.800000190734863,10.989999771118164,10.680000305175781,10.710000038146973,2.6829731464385986,45227600
2015-04-07,PETR4,10.600000381469727,10.960000038146973,10.460000038146973,10.920000076293945,2.7355799674987793,61721500
2015-04-08,PETR4,11.100000381469727,11.329999923706055,10.489999771118164,10.569999694824219,2.647902011871338,73904600
2015-04-09,PETR4,10.699999809265137,11.600000381469727,10.579999923706055,11.579999923706055,2.9009182453155518,79280800
2015-04-10,PETR4,11.520000457763672,11.930000305175781,11.270000457763672,11.8100004196167,2.958535671234131,70021600
2015-04-13,PETR4,11.970000267028809,12.75,11.899999618530273,12.270000457763672,3.073770523071289,104809600
2015-04-14,PETR4,12.670000076293945,12.739999771118164,11.970000267028809,12.460000038146973,3.1213669776916504,87127100
2015-04-15,PETR4,12.699999809265137,13.380000114440918,12.470000267028809,13.34000015258789,3.341817855834961,103042800
2015-04-16,PETR4,13.25,13.329999923706055,12.520000457763672,12.979999542236328,3.251633405685425,109852700
2015-04-17,PETR4,12.609999656677246,13.239999771118164,12.520000457763672,12.949999809265137,3.2441184520721436,71274400
2015-04-20,PETR4,13.229999542236328,13.380000114440918,13.020000457763672,13.069999694824219,3.274179458618164,52514600
2015-04-22,PETR4,13.1899995803833,13.289999961853027,12.65999984741211,13.0,3.256643533706665,65914800
2015-04-23,PETR4,12.300000190734863,13.260000228881836,11.890000343322754,12.869999885559082,3.2240781784057617,182613700
2015-04-24,PETR4,13.1899995803833,13.779999732971191,13.15999984741211,13.220000267028809,3.311755418777466,106143700
2015-04-27,PETR4,12.949999809265137,13.119999885559082,12.510000228881836,12.520000457763672,3.1363983154296875,53111300
2015-04-28,PETR4,12.760000228881836,12.869999885559082,12.25,12.770000457763672,3.1990270614624023,60884300
2015-04-29,PETR4,12.579999923706055,12.930000305175781,12.529999732971191,12.819999694824219,3.2115514278411865,35821900
2015-04-30,PETR4,12.829999923706055,13.149999618530273,12.800000190734863,13.0600004196167,3.271674394607544,48515300
2015-05-04,PETR4,13.3100004196167,13.850000381469727,13.300000190734863,13.789999961853027,3.45454740524292,55651100
2015-05-05,PETR4,13.699999809265137,14.609999656677246,13.670000076293945,14.430000305175781,3.614874839782715,76329800
2015-05-06,PETR4,14.75,14.949999809265137,13.569999694824219,13.789999961853027,3.45454740524292,72197500
2015-05-07,PETR4,13.800000190734863,14.050000190734863,13.329999923706055,13.65999984741211,3.421980857849121,44978900
2015-05-08,PETR4,14.039999961853027,14.09000015258789,13.359999656677246,13.510000228881836,3.384404420852661,43687900
2015-05-11,PETR4,13.680000305175781,13.829999923706055,13.430000305175781,13.770000457763672,3.4495372772216797,28040500
2015-05-12,PETR4,13.699999809265137,14.0600004196167,13.630000114440918,13.729999542236328,3.4395174980163574,30765100
2015-05-13,PETR4,13.869999885559082,14.130000114440918,13.75,13.979999542236328,3.5021448135375977,45346800
2015-05-14,PETR4,14.100000381469727,14.229999542236328,13.760000228881836,13.899999618530273,3.4821040630340576,49457700
2015-05-15,PETR4,13.920000076293945,14.119999885559082,13.609999656677246,14.039999961853027,3.5171749591827393,54224100
2015-05-18,PETR4,14.640000343322754,14.649999618530273,13.520000457763672,13.699999809265137,3.4320008754730225,82200400
2015-05-19,PETR4,13.550000190734863,13.59000015258789,12.789999961853027,12.890000343322754,3.229086399078369,70521100
2015-05-20,PETR4,12.760000228881836,13.119999885559082,12.630000114440918,12.84000015258789,3.2165629863739014,43164900
2015-05-21,PETR4,12.859999656677246,13.520000457763672,12.859999656677246,13.479999542236328,3.376889228820801,53682900
2015-05-22,PETR4,13.520000457763672,13.649999618530273,12.920000076293945,13.069999694824219,3.274179458618164,53753700
2015-05-25,PETR4,12.979999542236328,13.010000228881836,12.720000267028809,12.829999923706055,3.214057445526123,24377600
2015-05-26,PETR4,12.800000190734863,12.859999656677246,12.359999656677246,12.390000343322754,3.1038315296173096,44844200
2015-05-27,PETR4,12.5,12.65999984741211,12.289999961853027,12.539999961853027,3.141408681869507,47223300
2015-05-28,PETR4,12.470000267028809,12.819999694824219,12.399999618530273,12.649999618530273,3.1689648628234863,96419400
2015-05-29,PETR4,12.710000038146973,12.779999732971191,12.300000190734863,12.329999923706055,3.0888006687164307,75971600
2015-06-01,PETR4,12.430000305175781,12.649999618530273,12.25,12.359999656677246,3.0963168144226074,40498000
2015-06-02,PETR4,12.550000190734863,12.949999809265137,12.470000267028809,12.880000114440918,3.2265825271606445,47041600
2015-06-03,PETR4,12.960000038146973,13.100000381469727,12.720000267028809,12.789999961853027,3.2040369510650635,90062100
2015-06-05,PETR4,12.579999923706055,12.779999732971191,12.420000076293945,12.569999694824219,3.148923397064209,36719100
2015-06-08,PETR4,12.609999656677246,12.770000457763672,12.470000267028809,12.569999694824219,3.148923397064209,23667600
2015-06-09,PETR4,12.609999656677246,13.170000076293945,12.569999694824219,13.0,3.256643533706665,88228800
2015-06-10,PETR4,13.300000190734863,13.4399995803833,12.920000076293945,13.079999923706055,3.2766849994659424,45583600
2015-06-11,PETR4,13.130000114440918,13.140000343322754,12.850000381469727,13.100000381469727,3.2816948890686035,35341600
2015-06-12,PETR4,12.859999656677246,13.039999961853027,12.829999923706055,13.020000457763672,3.2616541385650635,30067700
2015-06-15,PETR4,12.970000267028809,13.09000015258789,12.899999618530273,13.010000228881836,3.2591493129730225,31713200
2015-06-16,PETR4,13.039999961853027,13.479999542236328,12.90999984741211,13.380000114440918,3.3518378734588623,49988000
2015-06-17,PETR4,13.5,13.59000015258789,13.119999885559082,13.140000343322754,3.291714906692505,40920200
2015-06-18,PETR4,13.279999732971191,13.449999809265137,13.149999618530273,13.449999809265137,3.3693735599517822,26832100
2015-06-19,PETR4,13.3100004196167,13.4399995803833,13.100000381469727,13.149999618530273,3.2942209243774414,36247800
2015-06-22,PETR4,13.300000190734863,13.369999885559082,13.130000114440918,13.170000076293945,3.2992303371429443,22567300
2015-06-23,PETR4,13.270000457763672,13.430000305175781,12.949999809265137,12.970000267028809,3.249128580093384,48007400
2015-06-24,PETR4,13.0600004196167,13.350000381469727,13.050000190734863,13.220000267028809,3.311755418777466,39613200
2015-06-25,PETR4,13.229999542236328,13.239999771118164,12.520000457763672,12.600000381469727,3.1564395427703857,48369000
2015-06-26,PETR4,12.65999984741211,13.210000038146973,12.640000343322754,13.210000038146973,3.309251308441162,34536800
2015-06-29,PETR4,13.0,13.59000015258789,12.619999885559082,12.850000381469727,3.2190678119659424,63175500
2015-06-30,PETR4,12.899999618530273,12.989999771118164,12.649999618530273,12.6899995803833,3.178985357284546,32876500
2015-07-01,PETR4,12.800000190734863,12.850000381469727,12.010000228881836,12.15999984741211,3.0462141036987305,62627200
2015-07-02,PETR4,12.350000381469727,12.529999732971191,12.15999984741211,12.350000381469727,3.0938119888305664,37421500
2015-07-03,PETR4,12.25,12.3100004196167,11.680000305175781,11.760000228881836,2.946009635925293,31574500
2015-07-06,PETR4,11.510000228881836,11.729999542236328,11.279999732971191,11.510000228881836,2.8833820819854736,51206800
2015-07-07,PETR4,11.359999656677246,11.850000381469727,10.819999694824219,11.770000457763672,2.948514699935913,72452800
2015-07-08,PETR4,11.619999885559082,11.989999771118164,11.329999923706055,11.460000038146973,2.8708572387695312,44001500
2015-07-10,PETR4,11.899999618530273,11.979999542236328,11.75,11.8100004196167,2.958535671234131,30885900
2015-07-13,PETR4,11.869999885559082,11.930000305175781,11.579999923706055,11.789999961853027,2.9535257816314697,29585400
2015-07-14,PETR4,11.6899995803833,12.079999923706055,11.579999923706055,11.989999771118164,3.0036284923553467,37058500
2015-07-15,PETR4,11.960000038146973,12.0600004196167,11.720000267028809,11.779999732971191,2.951019525527954,33375100
2015-07-16,PETR4,11.890000343322754,11.989999771118164,11.819999694824219,11.989999771118164,3.0036284923553467,26442500
2015-07-17,PETR4,11.819999694824219,11.899999618530273,11.390000343322754,11.40999984741211,2.8583309650421143,39929900
2015-07-20,PETR4,11.460000038146973,11.539999961853027,10.75,10.789999961853027,2.7030138969421387,48763200
2015-07-21,PETR4,10.90999984741211,11.239999771118164,10.600000381469727,10.729999542236328,2.687983512878418,40357600
2015-07-22,PETR4,10.609999656677246,10.720000267028809,10.329999923706055,10.359999656677246,2.595294713973999,30155200
2015-07-23,PETR4,10.220000267028809,10.5600004196167,10.119999885559082,10.119999885559082,2.5351712703704834,50696500
2015-07-24,PETR4,10.170000076293945,10.229999542236328,9.760000228881836,10.029999732971191,2.5126256942749023,45143700
2015-07-27,PETR4,9.960000038146973,9.989999771118164,9.5,9.5,2.3798553943634033,54768800
2015-07-28,PETR4,9.6899995803833,10.220000267028809,9.609999656677246,10.020000457763672,2.5101211071014404,72306100
2015-07-29,PETR4,10.010000228881836,10.770000457763672,9.90999984741211,10.699999809265137,2.680468797683716,88194700
2015-07-30,PETR4,10.829999923706055,10.930000305175781,10.239999771118164,10.420000076293945,2.610325813293457,47498400
2015-07-31,PETR4,10.479999542236328,10.699999809265137,10.319999694824219,10.489999771118164,2.6278610229492188,37462200
2015-08-03,PETR4,10.359999656677246,10.40999984741211,9.949999809265137,10.029999732971191,2.5126256942749023,41499600
2015-08-04,PETR4,10.140000343322754,10.449999809265137,10.100000381469727,10.15999984741211,2.5451929569244385,30786900
2015-08-05,PETR4,10.40999984741211,10.550000190734863,10.010000228881836,10.010000228881836,2.507615566253662,43759700
2015-08-06,PETR4,9.859999656677246,10.390000343322754,9.739999771118164,10.34000015258789,2.590284585952759,60293400
2015-08-07,PETR4,10.25,10.550000190734863,9.680000305175781,9.6899995803833,2.4274520874023438,65832700
2015-08-10,PETR4,9.8100004196167,10.029999732971191,9.569999694824219,9.989999771118164,2.502605438232422,51017800
2015-08-11,PETR4,9.789999961853027,9.979999542236328,9.470000267028809,9.979999542236328,2.5000998973846436,45648700
2015-08-12,PETR4,9.800000190734863,10.010000228881836,9.670000076293945,9.819999694824219,2.4600188732147217,40039100
2015-08-13,PETR4,9.90999984741211,9.970000267028809,9.5,9.5,2.3798553943634033,31405700
2015-08-14,PETR4,9.609999656677246,9.680000305175781,9.300000190734863,9.300000190734863,2.3297526836395264,28018600
2015-08-17,PETR4,9.199999809265137,9.359999656677246,9.119999885559082,9.149999618530273,2.2921760082244873,33125100
2015-08-18,PETR4,9.0600004196167,9.199999809265137,8.819999694824219,8.989999771118164,2.25209379196167,38013600
2015-08-19,PETR4,8.949999809265137,9.050000190734863,8.630000114440918,8.739999771118164,2.189466953277588,37036000
2015-08-20,PETR4,8.640000343322754,8.960000038146973,8.5600004196167,8.6899995803833,2.17694091796875,38857700
2015-08-21,PETR4,8.600000381469727,8.640000343322754,8.289999961853027,8.300000190734863,2.0792412757873535,39848800
2015-08-24,PETR4,7.760000228881836,8.170000076293945,7.53000020980835,7.889999866485596,1.9765321016311646,70881000
2015-08-25,PETR4,8.100000381469727,8.229999542236328,7.849999904632568,7.849999904632568,1.966511845588684,58283200
2015-08-26,PETR4,8.069999694824219,8.130000114440918,7.849999904632568,8.130000114440918,2.036654472351074,43893300
2015-08-27,PETR4,8.25,8.930000305175781,8.229999542236328,8.920000076293945,2.2345590591430664,66820200
2015-08-28,PETR4,8.670000076293945,9.390000343322754,8.609999656677246,9.020000457763672,2.259610176086426,77260900
2015-08-31,PETR4,8.710000038146973,9.289999961853027,8.520000457763672,9.1899995803833,2.302196502685547,76576400
2015-09-01,PETR4,8.75,9.09000015258789,8.539999961853027,8.59000015258789,2.1518898010253906,52756400
2015-09-02,PETR4,8.75,8.84000015258789,8.329999923706055,8.819999694824219,2.209507703781128,56050600
2015-09-03,PETR4,8.930000305175781,9.210000038146973,8.539999961853027,8.760000228881836,2.1944775581359863,56645400
2015-09-04,PETR4,8.600000381469727,8.760000228881836,8.510000228881836,8.510000228881836,2.131849527359009,35463400
2015-09-08,PETR4,8.699999809265137,8.789999961853027,8.579999923706055,8.640000343322754,2.1644155979156494,29383000
2015-09-09,PETR4,8.8100004196167,8.899999618530273,8.359999656677246,8.390000343322754,2.10178804397583,38706300
2015-09-10,PETR4,7.900000095367432,8.149999618530273,7.809999942779541,7.96999979019165,1.9965728521347046,62858700
2015-09-11,PETR4,7.940000057220459,7.989999771118164,7.590000152587891,7.659999847412109,1.9189146757125854,53647300
2015-09-14,PETR4,7.699999809265137,7.820000171661377,7.460000038146973,7.71999979019165,1.933945655822754,52851400
2015-09-15,PETR4,7.650000095367432,7.869999885559082,7.539999961853027,7.650000095367432,1.9164096117019653,35102900
2015-09-16,PETR4,7.769999980926514,8.239999771118164,7.739999771118164,8.140000343322754,2.0391595363616943,66613400
2015-09-17,PETR4,8.050000190734863,8.109999656677246,7.860000133514404,7.860000133514404,1.9690172672271729,72887600
2015-09-18,PETR4,7.75,7.760000228881836,7.5,7.599999904632568,1.9038838148117065,68097000
2015-09-21,PETR4,7.659999847412109,7.679999828338623,7.300000190734863,7.300000190734863,1.8287303447723389,41063600
2015-09-22,PETR4,7.239999771118164,7.239999771118164,6.809999942779541,6.96999979019165,1.7460616827011108,66720700
2015-09-23,PETR4,6.960000038146973,7.159999847412109,6.699999809265137,6.820000171661377,1.7084859609603882,64774800
2015-09-24,PETR4,6.610000133514404,7.139999866485596,6.599999904632568,6.960000038146973,1.7435564994812012,56577300
2015-09-25,PETR4,7.119999885559082,7.21999979019165,6.769999980926514,6.820000171661377,1.7084859609603882,44843100
2015-09-28,PETR4,6.739999771118164,6.75,6.440000057220459,6.440000057220459,1.6132912635803223,37466900
2015-09-29,PETR4,6.539999961853027,6.789999961853027,6.5,6.590000152587891,1.6508680582046509,52387600
2015-09-30,PETR4,7.25,7.260000228881836,6.96999979019165,7.239999771118164,1.8137001991271973,107779500
2015-10-01,PETR4,7.309999942779541,7.460000038146973,6.989999771118164,7.019999980926514,1.7585874795913696,69296500
2015-10-02,PETR4,6.989999771118164,7.829999923706055,6.900000095367432,7.769999980926514,1.9464709758758545,88891400
2015-10-05,PETR4,7.900000095367432,8.140000343322754,7.75,7.820000171661377,1.9589967727661133,68350300
2015-10-06,PETR4,7.860000133514404,8.34000015258789,7.840000152587891,8.1899995803833,2.0516855716705322,81259300
2015-10-07,PETR4,8.510000228881836,8.899999618530273,8.270000457763672,8.470000267028809,2.121829032897949,116610600
2015-10-08,PETR4,8.460000038146973,8.84000015258789,8.279999732971191,8.75,2.1919713020324707,68670000
2015-10-09,PETR4,9.020000457763672,9.069999694824219,8.579999923706055,8.800000190734863,2.2044973373413086,71885200
2015-10-13,PETR4,8.359999656677246,8.470000267028809,8.069999694824219,8.130000114440918,2.036654472351074,56100600
2015-10-14,PETR4,8.069999694824219,8.229999542236328,7.889999866485596,7.960000038146973,1.9940674304962158,75339100
2015-10-15,PETR4,8.0,8.069999694824219,7.670000076293945,8.0,2.0040884017944336,61444100
2015-10-16,PETR4,7.989999771118164,8.079999923706055,7.809999942779541,7.949999809265137,1.991563081741333,42963800
2015-10-19,PETR4,7.900000095367432,7.960000038146973,7.760000228881836,7.949999809265137,1.991563081741333,40096200
2015-10-20,PETR4,8.0,8.1899995803833,7.96999979019165,8.050000190734863,2.0166139602661133,47938700
2015-10-21,PETR4,7.949999809265137,8.0600004196167,7.710000038146973,7.75,1.9414604902267456,45394400
2015-10-22,PETR4,7.820000171661377,8.109999656677246,7.809999942779541,8.020000457763672,2.009099006652832,46174500
2015-10-23,PETR4,8.260000228881836,8.279999732971191,7.940000057220459,7.989999771118164,2.0015835762023926,45715300
2015-10-26,PETR4,8.050000190734863,8.130000114440918,7.800000190734863,7.849999904632568,1.966511845588684,35069500
2015-10-27,PETR4,7.860000133514404,7.860000133514404,7.550000190734863,7.599999904632568,1.9038838148117065,44085700
2015-10-28,PETR4,7.869999885559082,7.949999809265137,7.860000133514404,7.949999809265137,1.991563081741333,4630900
2015-10-29,PETR4,7.570000171661377,7.929999828338623,7.570000171661377,7.610000133514404,1.9063893556594849,41336300
2015-10-30,PETR4,7.599999904632568,7.78000020980835,7.539999961853027,7.710000038146973,1.9314401149749756,36951300
2015-11-03,PETR4,7.840000152587891,8.479999542236328,7.769999980926514,8.479999542236328,2.1243338584899902,60306200
2015-11-04,PETR4,8.579999923706055,8.649999618530273,8.020000457763672,8.079999923706055,2.0241293907165527,55661500
2015-11-05,PETR4,8.079999923706055,8.170000076293945,7.869999885559082,8.109999656677246,2.031643867492676,92690300
2015-11-06,PETR4,8.039999961853027,8.079999923706055,7.730000019073486,7.820000171661377,1.9589967727661133,39680600
2015-11-09,PETR4,7.829999923706055,7.929999828338623,7.590000152587891,7.909999847412109,1.9815418720245361,36340400
2015-11-10,PETR4,7.599999904632568,7.690000057220459,7.510000228881836,7.610000133514404,1.9063893556594849,34554300
2015-11-11,PETR4,7.710000038146973,7.829999923706055,7.639999866485596,7.71999979019165,1.933945655822754,44596400
2015-11-12,PETR4,7.71999979019165,7.739999771118164,7.53000020980835,7.579999923706055,1.898874044418335,41641400
2015-11-13,PETR4,7.5,7.559999942779541,7.230000019073486,7.269999980926514,1.821215033531189,67000600
2015-11-16,PETR4,7.309999942779541,7.699999809265137,7.309999942779541,7.699999809265137,1.928934931755066,56587800
2015-11-17,PETR4,7.800000190734863,7.860000133514404,7.639999866485596,7.760000228881836,1.9439661502838135,52072800
2015-11-18,PETR4,7.809999942779541,8.029999732971191,7.789999961853027,7.820000171661377,1.9589967727661133,38137700
2015-11-19,PETR4,7.960000038146973,7.980000019073486,7.619999885559082,7.840000152587891,1.964006781578064,51878600
2015-11-23,PETR4,7.900000095367432,8.100000381469727,7.849999904632568,8.079999923706055,2.0241293907165527,47415800
2015-11-24,PETR4,8.050000190734863,8.5,7.949999809265137,8.5,2.1293437480926514,63001700
2015-11-25,PETR4,8.279999732971191,8.350000381469727,7.900000095367432,7.900000095367432,1.9790376424789429,54732800
2015-11-26,PETR4,7.949999809265137,8.039999961853027,7.820000171661377,7.920000076293945,1.9840481281280518,21697100
2015-11-27,PETR4,7.809999942779541,7.860000133514404,7.570000171661377,7.599999904632568,1.9038838148117065,38334200
2015-11-30,PETR4,7.539999961853027,7.840000152587891,7.420000076293945,7.670000076293945,1.9214200973510742,72764300
2015-12-01,PETR4,7.670000076293945,7.760000228881836,7.449999809265137,7.489999771118164,1.8763281106948853,35865600
2015-12-02,PETR4,7.539999961853027,7.590000152587891,7.349999904632568,7.519999980926514,1.8838433027267456,47713500
2015-12-03,PETR4,7.989999771118164,8.170000076293945,7.789999961853027,7.980000019073486,1.9990781545639038,76680900
2015-12-04,PETR4,7.96999979019165,7.96999979019165,7.420000076293945,7.519999980926514,1.8838433027267456,63662600
2015-12-07,PETR4,7.599999904632568,7.610000133514404,7.150000095367432,7.190000057220459,1.801174521446228,47395000
2015-12-08,PETR4,7.199999809265137,7.199999809265137,6.949999809265137,7.130000114440918,1.7861440181732178,46590500
2015-12-09,PETR4,7.340000152587891,7.820000171661377,7.269999980926514,7.650000095367432,1.9164096117019653,82102800
2015-12-10,PETR4,7.510000228881836,7.570000171661377,7.309999942779541,7.449999809265137,1.866307258605957,43458400
2015-12-11,PETR4,7.260000228881836,7.53000020980835,7.210000038146973,7.25,1.8162052631378174,50750600
2015-12-14,PETR4,7.150000095367432,7.230000019073486,7.070000171661377,7.210000038146973,1.8061848878860474,33538000
2015-12-15,PETR4,7.340000152587891,7.46999979019165,7.300000190734863,7.420000076293945,1.8587915897369385,34188900
2015-12-16,PETR4,7.28000020980835,7.360000133514404,7.090000152587891,7.289999961853027,1.8262255191802979,39840300
2015-12-17,PETR4,7.349999904632568,7.519999980926514,7.190000057220459,7.199999809265137,1.8036794662475586,43789300
2015-12-18,PETR4,7.019999980926514,7.099999904632568,6.920000076293945,7.019999980926514,1.7585874795913696,60061600
2015-12-21,PETR4,7.059999942779541,7.090000152587891,6.619999885559082,6.639999866485596,1.6633931398391724,54032100
2015-12-22,PETR4,6.760000228881836,6.820000171661377,6.619999885559082,6.789999961853027,1.7009704113006592,40463400
2015-12-23,PETR4,6.909999847412109,7.039999961853027,6.869999885559082,6.929999828338623,1.7360416650772095,38789700
2015-12-28,PETR4,6.900000095367432,6.900000095367432,6.650000095367432,6.699999809265137,1.67842435836792,28617600
2015-12-29,PETR4,6.809999942779541,6.869999885559082,6.679999828338623,6.690000057220459,1.6759189367294312,22441300
2015-12-30,PETR4,6.659999847412109,6.760000228881836,6.519999980926514,6.699999809265137,1.67842435836792,30041600
2016-01-04,PETR4,6.570000171661377,7.03000020980835,6.550000190734863,6.869999885559082,1.7210108041763306,45962100
2016-01-05,PETR4,6.920000076293945,7.0,6.619999885559082,6.679999828338623,1.673413872718811,29446700
2016-01-06,PETR4,6.53000020980835,6.539999961853027,6.400000095367432,6.400000095367432,1.6032706499099731,67507200
2016-01-07,PETR4,6.190000057220459,6.429999828338623,6.079999923706055,6.260000228881836,1.5681991577148438,57387900
2016-01-08,PETR4,6.380000114440918,6.449999809265137,6.130000114440918,6.269999980926514,1.5707043409347534,52100300
2016-01-11,PETR4,6.269999980926514,6.300000190734863,6.050000190734863,6.090000152587891,1.525612473487854,51334000
2016-01-12,PETR4,6.119999885559082,6.119999885559082,5.510000228881836,5.53000020980835,1.3853262662887573,81627800
2016-01-13,PETR4,5.699999809265137,5.739999771118164,5.25,5.269999980926514,1.3201935291290283,70874300
2016-01-14,PETR4,5.309999942779541,5.690000057220459,5.130000114440918,5.690000057220459,1.425407886505127,76854200
2016-01-15,PETR4,5.349999904632568,5.440000057220459,5.159999847412109,5.170000076293945,1.2951422929763794,75571500
2016-01-18,PETR4,5.190000057220459,5.210000038146973,4.800000190734863,4.800000190734863,1.2024530172348022,46407200
2016-01-19,PETR4,5.03000020980835,5.050000190734863,4.639999866485596,4.659999847412109,1.1673811674118042,66529300
2016-01-20,PETR4,4.5,4.5,4.260000228881836,4.429999828338623,1.1097642183303833,92914100
2016-01-21,PETR4,4.369999885559082,4.670000076293945,4.360000133514404,4.5,1.1272997856140137,87455300
2016-01-22,PETR4,4.730000019073486,4.769999980926514,4.400000095367432,4.409999847412109,1.104753851890564,100576600
2016-01-26,PETR4,4.230000019073486,4.309999942779541,4.119999885559082,4.199999809265137,1.0521464347839355,71933300
2016-01-27,PETR4,4.21999979019165,4.639999866485596,4.159999847412109,4.570000171661377,1.1448355913162231,79437900
2016-01-28,PETR4,4.670000076293945,5.130000114440918,4.349999904632568,4.599999904632568,1.1523507833480835,131960900
2016-01-29,PETR4,4.699999809265137,4.860000133514404,4.519999980926514,4.840000152587891,1.2124736309051514,93013900
2016-02-01,PETR4,4.739999771118164,4.860000133514404,4.659999847412109,4.71999979019165,1.182412028312683,51910300
2016-02-02,PETR4,4.559999942779541,4.650000095367432,4.300000190734863,4.300000190734863,1.077197790145874,53610300
2016-02-03,PETR4,4.420000076293945,4.519999980926514,4.21999979019165,4.489999771118164,1.124794840812683,73786400
2016-02-04,PETR4,4.559999942779541,4.940000057220459,4.360000133514404,4.730000019073486,1.1849172115325928,91974200
2016-02-05,PETR4,4.730000019073486,4.78000020980835,4.53000020980835,4.539999961853027,1.1373199224472046,52704500
2016-02-10,PETR4,4.300000190734863,4.409999847412109,4.28000020980835,4.309999942779541,1.0797028541564941,45747400
2016-02-11,PETR4,4.199999809265137,4.269999980926514,4.119999885559082,4.230000019073486,1.0596617460250854,59451500
2016-02-12,PETR4,4.369999885559082,4.510000228881836,4.300000190734863,4.449999809265137,1.1147741079330444,64027200
2016-02-15,PETR4,4.559999942779541,4.599999904632568,4.519999980926514,4.570000171661377,1.1448355913162231,28490400
2016-02-16,PETR4,4.5,4.639999866485596,4.420000076293945,4.440000057220459,1.1122690439224243,80343900
2016-02-17,PETR4,4.539999961853027,4.820000171661377,4.510000228881836,4.679999828338623,1.1723918914794922,84473100
2016-02-18,PETR4,4.690000057220459,4.869999885559082,4.550000190734863,4.590000152587891,1.1498457193374634,65026900
2016-02-19,PETR4,4.5,4.570000171661377,4.400000095367432,4.460000038146973,1.1172795295715332,56031000
2016-02-22,PETR4,4.670000076293945,5.039999961853027,4.630000114440918,5.039999961853027,1.2625761032104492,80150300
2016-02-23,PETR4,4.949999809265137,5.28000020980835,4.820000171661377,4.920000076293945,1.2325146198272705,85037400
2016-02-24,PETR4,4.769999980926514,4.929999828338623,4.650000095367432,4.869999885559082,1.2199889421463013,75039700
2016-02-25,PETR4,4.809999942779541,5.079999923706055,4.789999961853027,4.889999866485596,1.224998950958252,70393700
2016-02-26,PETR4,5.019999980926514,5.099999904632568,4.829999923706055,4.869999885559082,1.2199889421463013,61396800
2016-02-29,PETR4,5.079999923706055,5.230000019073486,4.980000019073486,5.139999866485596,1.2876266241073608,84165000
2016-03-01,PETR4,5.309999942779541,5.369999885559082,5.099999904632568,5.309999942779541,1.3302136659622192,80939200
2016-03-02,PETR4,5.210000038146973,5.650000095367432,5.150000095367432,5.650000095367432,1.4153873920440674,88545800
2016-03-03,PETR4,6.570000171661377,6.570000171661377,6.570000171661377,6.570000171661377,1.6458574533462524,186772500
2016-03-04,PETR4,6.570000171661377,7.900000095367432,6.570000171661377,7.21999979019165,1.8086897134780884,175922100
2016-03-07,PETR4,7.25,7.53000020980835,6.949999809265137,7.369999885559082,1.8462660312652588,85041400
2016-03-08,PETR4,7.369999885559082,7.840000152587891,7.079999923706055,7.46999979019165,1.8713176250457764,137169400
2016-03-09,PETR4,7.699999809265137,7.78000020980835,7.360000133514404,7.599999904632568,1.9038838148117065,84821900
2016-03-10,PETR4,7.800000190734863,7.960000038146973,7.309999942779541,7.949999809265137,1.991563081741333,117672300
2016-03-11,PETR4,7.940000057220459,8.220000267028809,7.670000076293945,8.09000015258789,2.026634693145752,92331300
2016-03-14,PETR4,8.130000114440918,8.199999809265137,7.400000095367432,7.400000095367432,1.853782057762146,86084700
2016-03-15,PETR4,6.829999923706055,6.960000038146973,6.559999942779541,6.610000133514404,1.655877709388733,104913200
2016-03-16,PETR4,6.510000228881836,7.230000019073486,6.409999847412109,7.230000019073486,1.8111945390701294,85533000
2016-03-17,PETR4,8.149999618530273,8.1899995803833,7.710000038146973,8.100000381469727,2.029139757156372,118294200
2016-03-18,PETR4,8.09000015258789,8.170000076293945,7.71999979019165,8.119999885559082,2.034149646759033,77182400
2016-03-21,PETR4,8.079999923706055,8.270000457763672,7.929999828338623,8.0600004196167,2.0191195011138916,65837300
2016-03-22,PETR4,7.849999904632568,8.180000305175781,7.730000019073486,8.109999656677246,2.031643867492676,84549700
2016-03-23,PETR4,7.880000114440918,7.960000038146973,7.659999847412109,7.78000020980835,1.9489762783050537,61437900
2016-03-24,PETR4,7.53000020980835,8.0,7.320000171661377,7.809999942779541,1.956491470336914,52343300
2016-03-28,PETR4,8.149999618530273,8.479999542236328,7.909999847412109,8.4399995803833,2.1143128871917725,69818700
2016-03-29,PETR4,8.34000015258789,8.850000381469727,8.1899995803833,8.489999771118164,2.1268389225006104,89050200
2016-03-30,PETR4,8.699999809265137,9.0,8.279999732971191,8.4399995803833,2.1143128871917725,90059600
2016-03-31,PETR4,8.3100004196167,8.3100004196167,8.3100004196167,8.3100004196167,2.081746816635132,737700
2016-04-01,PETR4,8.359999656677246,8.359999656677246,8.359999656677246,8.359999656677246,2.0942726135253906,374500
2016-04-04,PETR4,7.539999961853027,7.539999961853027,7.539999961853027,7.539999961853027,1.8888531923294067,865300
2016-04-05,PETR4,7.800000190734863,7.800000190734863,7.800000190734863,7.800000190734863,1.9539867639541626,684100
2016-04-06,PETR4,7.579999923706055,7.579999923706055,7.579999923706055,7.579999923706055,1.898874044418335,457400
2016-04-07,PETR4,7.699999809265137,7.699999809265137,7.699999809265137,7.699999809265137,1.928934931755066,324800
2016-04-08,PETR4,8.130000114440918,8.34000015258789,8.039999961853027,8.260000228881836,2.069221258163452,84448200
2016-04-11,PETR4,8.390000343322754,8.390000343322754,8.390000343322754,8.390000343322754,2.10178804397583,449600
2016-04-12,PETR4,9.039999961853027,9.039999961853027,9.039999961853027,9.039999961853027,2.264620065689087,648900
2016-04-13,PETR4,9.489999771118164,9.489999771118164,9.489999771118164,9.489999771118164,2.3773491382598877,782300
2016-04-14,PETR4,9.729999542236328,9.770000457763672,9.119999885559082,9.15999984741211,2.2946808338165283,77355500
2016-04-15,PETR4,9.25,9.829999923706055,9.069999694824219,9.6899995803833,2.4274520874023438,95590000
2016-04-18,PETR4,9.649999618530273,9.720000267028809,8.890000343322754,9.239999771118164,2.3147218227386475,88873100
2016-04-19,PETR4,9.609999656677246,9.609999656677246,9.609999656677246,9.609999656677246,2.407411575317383,370500
2016-04-20,PETR4,9.399999618530273,9.640000343322754,9.34000015258789,9.479999542236328,2.374844551086426,53295800
2016-04-22,PETR4,9.319999694824219,9.930000305175781,9.289999961853027,9.75,2.4424829483032227,63322900
2016-04-25,PETR4,9.710000038146973,9.899999618530273,9.329999923706055,9.329999923706055,2.3372678756713867,56585400
2016-04-26,PETR4,9.479999542236328,9.739999771118164,9.34000015258789,9.670000076293945,2.422441244125366,40460400
2016-04-27,PETR4,9.850000381469727,10.300000190734863,9.770000457763672,10.25,2.5677382946014404,86397900
2016-04-28,PETR4,10.229999542236328,10.539999961853027,10.079999923706055,10.229999542236328,2.5627284049987793,57741500
2016-04-29,PETR4,10.229999542236328,10.539999961853027,10.010000228881836,10.229999542236328,2.5627284049987793,53931300
2016-05-02,PETR4,10.25,10.359999656677246,9.930000305175781,10.170000076293945,2.547697067260742,48618800
2016-05-03,PETR4,10.010000228881836,10.09000015258789,9.710000038146973,9.779999732971191,2.449997901916504,47074700
2016-05-04,PETR4,9.850000381469727,10.149999618530273,9.850000381469727,9.920000076293945,2.485069513320923,43389500
2016-05-05,PETR4,10.279999732971191,10.300000190734863,9.600000381469727,9.8100004196167,2.4575133323669434,65074500
2016-05-06,PETR4,9.630000114440918,10.130000114440918,9.579999923706055,10.079999923706055,2.5251522064208984,45330900
2016-05-09,PETR4,10.010000228881836,10.050000190734863,8.84000015258789,9.479999542236328,2.374844551086426,94688100
2016-05-10,PETR4,9.819999694824219,10.210000038146973,9.720000267028809,10.210000038146973,2.557718515396118,53055800
2016-05-11,PETR4,10.390000343322754,10.5,9.989999771118164,10.25,2.5677382946014404,74542300
2016-05-12,PETR4,10.399999618530273,10.470000267028809,9.789999961853027,9.789999961853027,2.4525036811828613,67229100
2016-05-13,PETR4,9.930000305175781,10.0600004196167,9.390000343322754,9.460000038146973,2.3698344230651855,70472200
2016-05-16,PETR4,9.550000190734863,9.850000381469727,9.520000457763672,9.75,2.4424829483032227,61487700
2016-05-17,PETR4,9.829999923706055,9.880000114440918,9.460000038146973,9.5,2.3798553943634033,46379500
2016-05-18,PETR4,9.3100004196167,9.649999618530273,9.270000457763672,9.319999694824219,2.3347623348236084,51929100
2016-05-19,PETR4,9.25,9.25,8.649999618530273,8.960000038146973,2.244579315185547,75430200
2016-05-20,PETR4,9.199999809265137,9.460000038146973,8.899999618530273,8.899999618530273,2.229548215866089,65173100
2016-05-23,PETR4,8.550000190734863,8.670000076293945,8.420000076293945,8.5,2.1293437480926514,51330000
2016-05-24,PETR4,8.6899995803833,8.850000381469727,8.449999809265137,8.529999732971191,2.1368589401245117,44823400
2016-05-25,PETR4,8.680000305175781,8.9399995803833,8.59000015258789,8.670000076293945,2.171931028366089,45512600
2016-05-27,PETR4,8.5,8.569999694824219,8.229999542236328,8.229999542236328,2.061706304550171,47488600
2016-05-30,PETR4,8.180000305175781,8.619999885559082,8.0600004196167,8.380000114440918,2.099282741546631,32281900
2016-05-31,PETR4,8.359999656677246,8.569999694824219,8.039999961853027,8.039999961853027,2.014108419418335,58662600
2016-06-01,PETR4,8.09000015258789,8.25,7.860000133514404,8.180000305175781,2.049180507659912,45884400
2016-06-02,PETR4,8.1899995803833,8.40999984741211,8.029999732971191,8.319999694824219,2.0842525959014893,52835100
2016-06-03,PETR4,8.510000228881836,8.670000076293945,8.449999809265137,8.569999694824219,2.1468796730041504,45595300
2016-06-06,PETR4,8.699999809265137,8.779999732971191,8.449999809265137,8.460000038146973,2.119323492050171,37117600
2016-06-07,PETR4,8.420000076293945,8.720000267028809,8.390000343322754,8.619999885559082,2.1594057083129883,34401600
2016-06-08,PETR4,8.800000190734863,9.40999984741211,8.800000190734863,9.390000343322754,2.3522989749908447,77194700
2016-06-09,PETR4,9.279999732971191,9.380000114440918,9.050000190734863,9.180000305175781,2.2996914386749268,46539900
2016-06-10,PETR4,8.970000267028809,8.989999771118164,8.779999732971191,8.779999732971191,2.1994869709014893,38859900
2016-06-13,PETR4,8.579999923706055,8.84000015258789,8.520000457763672,8.619999885559082,2.1594057083129883,37094100
2016-06-14,PETR4,8.600000381469727,8.770000457763672,8.25,8.300000190734863,2.0792412757873535,66180300
2016-06-15,PETR4,8.300000190734863,8.6899995803833,8.270000457763672,8.510000228881836,2.131849527359009,84556900
2016-06-16,PETR4,8.40999984741211,8.539999961853027,8.279999732971191,8.5,2.1293437480926514,46834500
2016-06-17,PETR4,8.75,8.949999809265137,8.729999542236328,8.949999809265137,2.2420740127563477,63144100
2016-06-20,PETR4,9.220000267028809,9.369999885559082,9.119999885559082,9.180000305175781,2.2996914386749268,63791500
2016-06-21,PETR4,9.09000015258789,9.539999961853027,8.9399995803833,9.529999732971191,2.3873705863952637,53703900
2016-06-22,PETR4,9.609999656677246,9.75,9.34000015258789,9.34000015258789,2.339773178100586,61983000
2016-06-23,PETR4,9.59000015258789,9.699999809265137,9.510000228881836,9.670000076293945,2.422441244125366,48031300
2016-06-24,PETR4,9.0,9.329999923706055,8.920000076293945,9.25,2.3172271251678467,75974900
2016-06-27,PETR4,9.220000267028809,9.34000015258789,8.779999732971191,8.779999732971191,2.1994869709014893,58818400
2016-06-28,PETR4,9.100000381469727,9.279999732971191,9.069999694824219,9.199999809265137,2.304701566696167,45291700
2016-06-29,PETR4,9.430000305175781,9.569999694824219,9.319999694824219,9.5,2.3798553943634033,56093600
2016-06-30,PETR4,9.420000076293945,9.489999771118164,9.239999771118164,9.420000076293945,2.359814405441284,43741300
2016-07-01,PETR4,9.479999542236328,9.850000381469727,9.369999885559082,9.819999694824219,2.4600188732147217,49290800
2016-07-04,PETR4,9.949999809265137,10.050000190734863,9.789999961853027,9.869999885559082,2.472543954849243,24505100
2016-07-05,PETR4,9.649999618530273,9.670000076293945,9.229999542236328,9.289999961853027,2.3272476196289062,69691200
2016-07-06,PETR4,9.09000015258789,9.520000457763672,8.949999809265137,9.5,2.3798553943634033,68781500
2016-07-07,PETR4,9.65999984741211,9.979999542236328,9.520000457763672,9.5600004196167,2.394886016845703,81610300
2016-07-08,PETR4,9.850000381469727,9.9399995803833,9.670000076293945,9.84000015258789,2.465029239654541,42647600
2016-07-11,PETR4,10.0,10.369999885559082,9.979999542236328,10.359999656677246,2.595294713973999,66717300
2016-07-12,PETR4,10.609999656677246,10.800000190734863,10.579999923706055,10.649999618530273,2.667942762374878,58174200
2016-07-13,PETR4,10.470000267028809,10.630000114440918,10.210000038146973,10.630000114440918,2.6629321575164795,64252100
2016-07-14,PETR4,10.920000076293945,10.979999542236328,10.65999984741211,10.930000305175781,2.7380857467651367,53059500
2016-07-15,PETR4,10.90999984741211,11.0600004196167,10.819999694824219,11.020000457763672,2.7606325149536133,51223500
2016-07-18,PETR4,10.970000267028809,11.739999771118164,10.869999885559082,11.550000190734863,2.8934028148651123,77358900
2016-07-19,PETR4,11.510000228881836,11.970000267028809,11.5,11.779999732971191,2.951019525527954,53692000
2016-07-20,PETR4,11.819999694824219,11.899999618530273,11.539999961853027,11.819999694824219,2.961041212081909,49261200
2016-07-21,PETR4,11.770000457763672,11.989999771118164,11.729999542236328,11.850000381469727,2.9685568809509277,37748600
2016-07-22,PETR4,11.84000015258789,11.970000267028809,11.720000267028809,11.9399995803833,2.9911022186279297,33938400
2016-07-25,PETR4,11.979999542236328,12.25,11.90999984741211,12.029999732971191,3.013648271560669,47192000
2016-07-26,PETR4,11.949999809265137,12.069999694824219,11.850000381469727,11.880000114440918,2.976071834564209,38304800
2016-07-27,PETR4,11.989999771118164,12.039999961853027,11.510000228881836,11.510000228881836,2.8833820819854736,51952100
2016-07-28,PETR4,11.399999618530273,11.550000190734863,11.149999618530273,11.4399995803833,2.865846872329712,40663100
2016-07-29,PETR4,11.760000228881836,11.979999542236328,11.609999656677246,11.869999885559082,2.9735653400421143,60740000
2016-08-01,PETR4,11.930000305175781,11.970000267028809,11.220000267028809,11.25,2.818249464035034,52012300
2016-08-02,PETR4,11.329999923706055,11.619999885559082,11.100000381469727,11.359999656677246,2.845806121826172,49134600
2016-08-03,PETR4,11.579999923706055,11.899999618530273,11.329999923706055,11.899999618530273,2.981081008911133,55695500
2016-08-04,PETR4,11.930000305175781,12.119999885559082,11.869999885559082,12.010000228881836,3.0086379051208496,63207500
2016-08-05,PETR4,12.119999885559082,12.170000076293945,11.649999618530273,11.649999618530273,2.9184529781341553,54225900
2016-08-08,PETR4,11.789999961853027,11.970000267028809,11.699999809265137,11.90999984741211,2.9835870265960693,41552000
2016-08-09,PETR4,11.920000076293945,12.069999694824219,11.75,11.880000114440918,2.976071834564209,33596200
2016-08-10,PETR4,11.949999809265137,11.970000267028809,11.5600004196167,11.5600004196167,2.8959083557128906,41638400
2016-08-11,PETR4,11.630000114440918,12.100000381469727,11.600000381469727,12.100000381469727,3.0311837196350098,55881500
2016-08-12,PETR4,12.050000190734863,12.4399995803833,11.979999542236328,12.0,3.0061326026916504,71281300
2016-08-15,PETR4,12.1899995803833,12.369999885559082,12.069999694824219,12.3100004196167,3.0837912559509277,53568000
2016-08-16,PETR4,12.3100004196167,12.5600004196167,12.140000343322754,12.489999771118164,3.1288836002349854,48218700
2016-08-17,PETR4,12.470000267028809,12.760000228881836,12.319999694824219,12.760000228881836,3.1965208053588867,46809100
2016-08-18,PETR4,12.800000190734863,13.029999732971191,12.779999732971191,12.880000114440918,3.2265825271606445,44941100
2016-08-19,PETR4,12.819999694824219,12.920000076293945,12.699999809265137,12.789999961853027,3.2040369510650635,33360000
2016-08-22,PETR4,12.630000114440918,12.630000114440918,12.300000190734863,12.350000381469727,3.0938119888305664,43258900
2016-08-23,PETR4,12.479999542236328,12.859999656677246,12.420000076293945,12.670000076293945,3.1739745140075684,61048000
2016-08-24,PETR4,12.5,12.710000038146973,12.369999885559082,12.399999618530273,3.106337547302246,44694700
2016-08-25,PETR4,12.420000076293945,12.640000343322754,12.350000381469727,12.529999732971191,3.1389033794403076,40290500
2016-08-26,PETR4,12.6899995803833,12.899999618530273,12.449999809265137,12.550000190734863,3.143913507461548,50650500
2016-08-29,PETR4,12.5,12.960000038146973,12.449999809265137,12.869999885559082,3.2240781784057617,36990100
2016-08-30,PETR4,13.039999961853027,13.229999542236328,12.970000267028809,13.09000015258789,3.2791895866394043,51893700
2016-08-31,PETR4,13.130000114440918,13.220000267028809,12.710000038146973,12.850000381469727,3.2190678119659424,61016100
2016-09-01,PETR4,12.970000267028809,13.09000015258789,12.760000228881836,13.0,3.256643533706665,45370000
2016-09-02,PETR4,13.220000267028809,13.579999923706055,13.149999618530273,13.569999694824219,3.39943528175354,57017000
2016-09-05,PETR4,13.789999961853027,13.930000305175781,13.729999542236328,13.829999923706055,3.4645678997039795,26292200
2016-09-06,PETR4,13.6899995803833,13.979999542236328,13.529999732971191,13.979999542236328,3.5021448135375977,42086900
2016-09-08,PETR4,14.069999694824219,14.289999961853027,13.960000038146973,14.220000267028809,3.562267541885376,42797300
2016-09-09,PETR4,13.960000038146973,14.020000457763672,13.510000228881836,13.510000228881836,3.384404420852661,43155300
2016-09-12,PETR4,13.319999694824219,13.949999809265137,13.270000457763672,13.949999809265137,3.494628429412842,44141000
2016-09-13,PETR4,13.699999809265137,13.850000381469727,12.9399995803833,13.010000228881836,3.2591493129730225,64134000
2016-09-14,PETR4,13.149999618530273,13.359999656677246,12.970000267028809,13.109999656677246,3.2841997146606445,43932500
2016-09-15,PETR4,13.210000038146973,13.5600004196167,13.15999984741211,13.510000228881836,3.384404420852661,42169100
2016-09-16,PETR4,13.34000015258789,13.420000076293945,13.15999984741211,13.15999984741211,3.2967255115509033,44651900
2016-09-19,PETR4,13.420000076293945,13.539999961853027,13.020000457763672,13.050000190734863,3.2691690921783447,51105500
2016-09-20,PETR4,13.449999809265137,13.630000114440918,13.329999923706055,13.5,3.3818981647491455,52063100
2016-09-21,PETR4,13.600000381469727,13.6899995803833,13.399999618530273,13.65999984741211,3.421980857849121,61094100
2016-09-22,PETR4,13.890000343322754,14.09000015258789,13.84000015258789,14.0,3.507155179977417,47574500
2016-09-23,PETR4,13.979999542236328,13.979999542236328,13.539999961853027,13.6899995803833,3.4294958114624023,53264300
2016-09-26,PETR4,13.59000015258789,13.6899995803833,13.390000343322754,13.399999618530273,3.35684871673584,35545800
2016-09-27,PETR4,13.399999618530273,13.399999618530273,12.869999885559082,13.119999885559082,3.2867045402526855,58098200
2016-09-28,PETR4,13.300000190734863,13.850000381469727,13.119999885559082,13.850000381469727,3.4695770740509033,69032100
2016-09-29,PETR4,13.800000190734863,13.899999618530273,13.430000305175781,13.430000305175781,3.364363193511963,53143200
2016-09-30,PETR4,13.529999732971191,13.770000457763672,13.4399995803833,13.569999694824219,3.39943528175354,39275000
2016-10-03,PETR4,13.670000076293945,13.970000267028809,13.619999885559082,13.970000267028809,3.4996392726898193,34444500
2016-10-04,PETR4,13.979999542236328,14.119999885559082,13.829999923706055,14.020000457763672,3.512165069580078,39717400
2016-10-05,PETR4,14.1899995803833,14.640000343322754,14.15999984741211,14.579999923706055,3.6524510383605957,65242200
2016-10-06,PETR4,14.710000038146973,15.100000381469727,14.619999885559082,15.100000381469727,3.78271746635437,77003800
2016-10-07,PETR4,15.229999542236328,15.380000114440918,14.970000267028809,15.260000228881836,3.8227972984313965,71691000
2016-10-10,PETR4,15.520000457763672,15.770000457763672,15.510000228881836,15.729999542236328,3.9405388832092285,38724300
2016-10-11,PETR4,15.609999656677246,15.65999984741211,15.289999961853027,15.390000343322754,3.855365037918091,69314500
2016-10-13,PETR4,15.1899995803833,15.819999694824219,15.029999732971191,15.760000228881836,3.948054075241089,58212500
2016-10-14,PETR4,16.010000228881836,16.290000915527344,15.979999542236328,16.260000228881836,4.073308944702148,66150000
2016-10-17,PETR4,16.239999771118164,16.899999618530273,16.06999969482422,16.899999618530273,4.233636379241943,75002000
2016-10-18,PETR4,17.209999084472656,17.639999389648438,17.18000030517578,17.420000076293945,4.363902568817139,76995000
2016-10-19,PETR4,17.719999313354492,17.790000915527344,17.34000015258789,17.6200008392334,4.414005756378174,65212400
2016-10-20,PETR4,17.309999465942383,17.739999771118164,17.219999313354492,17.739999771118164,4.444066047668457,62901500
2016-10-21,PETR4,17.649999618530273,18.09000015258789,17.479999542236328,17.950000762939453,4.496674537658691,47961800
2016-10-24,PETR4,18.260000228881836,18.43000030517578,18.0,18.200000762939453,4.559301853179932,51678900
2016-10-25,PETR4,18.219999313354492,18.290000915527344,17.709999084472656,18.0,4.509199142456055,57674100
2016-10-26,PETR4,17.700000762939453,18.25,17.610000610351562,18.100000381469727,4.534250736236572,51424400
2016-10-27,PETR4,18.110000610351562,18.489999771118164,18.09000015258789,18.09000015258789,4.531744956970215,43645900
2016-10-28,PETR4,17.989999771118164,18.290000915527344,17.950000762939453,18.09000015258789,4.531744956970215,37689700
2016-10-31,PETR4,18.030000686645508,18.170000076293945,17.610000610351562,17.690000534057617,4.431540489196777,42059100
2016-11-01,PETR4,17.8799991607666,17.8799991607666,16.559999465942383,16.860000610351562,4.2236175537109375,68718800
2016-11-03,PETR4,16.6299991607666,17.030000686645508,16.1299991607666,16.1299991607666,4.040742874145508,56998700
2016-11-04,PETR4,16.469999313354492,16.579999923706055,15.90999984741211,15.989999771118164,4.005671977996826,61347700
2016-11-07,PETR4,16.709999084472656,17.209999084472656,16.709999084472656,17.209999084472656,4.3112945556640625,51625300
2016-11-08,PETR4,17.100000381469727,17.479999542236328,16.729999542236328,17.040000915527344,4.2687087059021,56241000
2016-11-09,PETR4,15.850000381469727,17.100000381469727,15.8100004196167,16.649999618530273,4.171008586883545,111417100
2016-11-10,PETR4,17.100000381469727,17.18000030517578,15.5,15.5,3.882920980453491,94683900
2016-11-11,PETR4,15.180000305175781,15.460000038146973,13.9399995803833,14.010000228881836,3.509659767150879,129811400
2016-11-14,PETR4,13.800000190734863,14.180000305175781,13.329999923706055,14.0,3.507155179977417,86623000
2016-11-16,PETR4,14.550000190734863,14.960000038146973,14.180000305175781,14.739999771118164,3.6925320625305176,77406600
2016-11-17,PETR4,15.149999618530273,15.319999694824219,14.289999961853027,14.289999961853027,3.5798025131225586,51535300
2016-11-18,PETR4,14.369999885559082,14.6899995803833,14.210000038146973,14.520000457763672,3.637420892715454,55041300
2016-11-21,PETR4,15.050000190734863,15.579999923706055,14.880000114440918,15.579999923706055,3.9029624462127686,59122000
2016-11-22,PETR4,15.930000305175781,16.079999923706055,15.25,15.930000305175781,3.9906415939331055,58636100
2016-11-23,PETR4,15.720000267028809,15.989999771118164,15.529999732971191,15.850000381469727,3.9706008434295654,42490100
2016-11-24,PETR4,15.899999618530273,15.899999618530273,15.579999923706055,15.579999923706055,3.9029624462127686,14725000
2016-11-25,PETR4,15.25,15.520000457763672,15.050000190734863,15.300000190734863,3.8328192234039307,47630600
2016-11-28,PETR4,15.199999809265137,15.5600004196167,15.199999809265137,15.460000038146973,3.8729019165039062,38747500
2016-11-29,PETR4,15.300000190734863,15.380000114440918,14.59000015258789,14.65999984741211,3.6724929809570312,54075900
2016-11-30,PETR4,15.899999618530273,16.190000534057617,15.609999656677246,16.0,4.008176803588867,82547300
2016-12-01,PETR4,16.0,16.350000381469727,15.329999923706055,15.4399995803833,3.867891311645508,66775400
2016-12-02,PETR4,15.119999885559082,15.90999984741211,14.75,15.829999923706055,3.9655895233154297,58381500
2016-12-05,PETR4,16.010000228881836,16.09000015258789,15.550000190734863,15.65999984741211,3.923003911972046,47586500
2016-12-06,PETR4,16.0,16.200000762939453,15.739999771118164,16.149999618530273,4.045753002166748,63916700
2016-12-07,PETR4,16.299999237060547,16.329999923706055,15.770000457763672,15.859999656677246,3.973104238510132,50247400
2016-12-08,PETR4,15.970000267028809,16.0,15.520000457763672,15.699999809265137,3.933023691177368,41104800
2016-12-09,PETR4,15.880000114440918,15.899999618530273,15.520000457763672,15.579999923706055,3.9029624462127686,37161200
2016-12-12,PETR4,15.789999961853027,15.949999809265137,15.479999542236328,15.600000381469727,3.907973527908325,35436700
2016-12-13,PETR4,15.550000190734863,15.6899995803833,15.380000114440918,15.449999809265137,3.870396137237549,33455000
2016-12-14,PETR4,15.430000305175781,15.470000267028809,14.739999771118164,14.739999771118164,3.6925320625305176,44215700
2016-12-15,PETR4,14.779999732971191,14.90999984741211,14.329999923706055,14.850000381469727,3.720090627670288,43338800
2016-12-16,PETR4,14.899999618530273,15.140000343322754,14.760000228881836,14.760000228881836,3.6975433826446533,37876200
2016-12-19,PETR4,14.880000114440918,14.890000343322754,14.350000381469727,14.359999656677246,3.5973384380340576,39128600
2016-12-20,PETR4,14.460000038146973,14.59000015258789,14.100000381469727,14.350000381469727,3.5948336124420166,31810000
2016-12-21,PETR4,14.449999809265137,14.479999542236328,14.039999961853027,14.34000015258789,3.5923287868499756,32856800
2016-12-22,PETR4,14.460000038146973,14.460000038146973,14.010000228881836,14.010000228881836,3.509659767150879,42240500
2016-12-23,PETR4,14.050000190734863,14.350000381469727,14.010000228881836,14.239999771118164,3.567277431488037,21776900
2016-12-26,PETR4,14.319999694824219,14.449999809265137,14.270000457763672,14.420000076293945,3.6123697757720947,5734300
2016-12-27,PETR4,14.5,14.550000190734863,14.260000228881836,14.40999984741211,3.6098649501800537,14949200
2016-12-28,PETR4,14.430000305175781,14.8100004196167,14.359999656677246,14.779999732971191,3.7025535106658936,18979900
2016-12-29,PETR4,14.850000381469727,14.880000114440918,14.520000457763672,14.869999885559082,3.72509765625,18090600
2017-01-02,PETR4,14.640000343322754,14.699999809265137,14.600000381469727,14.65999984741211,3.6724929809570312,7525700
2017-01-03,PETR4,14.949999809265137,15.649999618530273,14.949999809265137,15.5,3.882920980453491,39947800
2017-01-04,PETR4,15.449999809265137,15.680000305175781,15.3100004196167,15.5,3.882920980453491,37071700
2017-01-05,PETR4,15.699999809265137,15.90999984741211,15.619999885559082,15.75,3.945549249649048,47586300
2017-01-06,PETR4,15.779999732971191,15.920000076293945,15.5,15.65999984741211,3.923003911972046,25592000
2017-01-09,PETR4,15.5,15.600000381469727,15.329999923706055,15.329999923706055,3.8403337001800537,25599000
2017-01-10,PETR4,15.600000381469727,15.680000305175781,15.390000343322754,15.479999542236328,3.877910852432251,26239900
2017-01-11,PETR4,15.640000343322754,15.680000305175781,15.270000457763672,15.65999984741211,3.923003911972046,34399300
2017-01-12,PETR4,16.149999618530273,16.25,15.899999618530273,15.899999618530273,3.983126163482666,49890300
2017-01-13,PETR4,15.770000457763672,15.949999809265137,15.569999694824219,15.680000305175781,3.928013563156128,34450000
2017-01-16,PETR4,15.699999809265137,15.75,15.579999923706055,15.75,3.945549249649048,20069600
2017-01-17,PETR4,15.729999542236328,15.970000267028809,15.720000267028809,15.819999694824219,3.9630837440490723,28663300
2017-01-18,PETR4,15.800000190734863,15.930000305175781,15.710000038146973,15.789999961853027,3.9555699825286865,24725200
2017-01-19,PETR4,15.819999694824219,15.880000114440918,15.579999923706055,15.770000457763672,3.9505598545074463,21677600
2017-01-20,PETR4,15.84000015258789,16.190000534057617,15.8100004196167,16.0,4.008176803588867,34863500
2017-01-23,PETR4,15.9399995803833,16.09000015258789,15.789999961853027,15.989999771118164,4.005671977996826,25139100
2017-01-24,PETR4,16.1200008392334,16.43000030517578,15.970000267028809,16.040000915527344,4.018198013305664,49710600
2017-01-26,PETR4,16.149999618530273,16.190000534057617,15.800000190734863,15.800000190734863,3.9580752849578857,37391900
2017-01-27,PETR4,15.729999542236328,15.869999885559082,15.539999961853027,15.619999885559082,3.912982940673828,23275300
2017-01-30,PETR4,15.510000228881836,15.529999732971191,14.84000015258789,14.84000015258789,3.717583179473877,26779500
2017-01-31,PETR4,14.989999771118164,15.369999885559082,14.899999618530273,15.020000457763672,3.7626757621765137,30807200
2017-02-01,PETR4,15.260000228881836,15.40999984741211,14.90999984741211,15.020000457763672,3.7626757621765137,35977000
2017-02-02,PETR4,14.989999771118164,15.279999732971191,14.859999656677246,14.890000343322754,3.7301101684570312,39306700
2017-02-03,PETR4,14.920000076293945,15.34000015258789,14.770000457763672,15.34000015258789,3.8428401947021484,40213400
2017-02-06,PETR4,15.380000114440918,15.470000267028809,14.949999809265137,14.960000038146973,3.747645616531372,29686500
2017-02-07,PETR4,15.100000381469727,15.15999984741211,14.699999809265137,14.699999809265137,3.6825129985809326,29163900
2017-02-08,PETR4,14.770000457763672,15.100000381469727,14.270000457763672,15.100000381469727,3.78271746635437,58912900
2017-02-09,PETR4,15.180000305175781,15.239999771118164,14.960000038146973,15.050000190734863,3.7701919078826904,33910300
2017-02-10,PETR4,15.199999809265137,15.630000114440918,15.140000343322754,15.579999923706055,3.9029624462127686,44467000
2017-02-13,PETR4,15.770000457763672,15.90999984741211,15.550000190734863,15.619999885559082,3.912982940673828,36439100
2017-02-14,PETR4,15.739999771118164,15.949999809265137,15.5600004196167,15.819999694824219,3.9630837440490723,34417400
2017-02-15,PETR4,15.90999984741211,16.049999237060547,15.779999732971191,15.84000015258789,3.9680962562561035,47953300
2017-02-16,PETR4,15.84000015258789,16.06999969482422,15.75,15.859999656677246,3.973104238510132,37276900
2017-02-17,PETR4,15.739999771118164,15.899999618530273,15.600000381469727,15.609999656677246,3.910477638244629,24866600
2017-02-20,PETR4,15.739999771118164,15.979999542236328,15.649999618530273,15.920000076293945,3.9881348609924316,33514000
2017-02-21,PETR4,16.100000381469727,16.229999542236328,16.040000915527344,16.09000015258789,4.0307230949401855,33685800
2017-02-22,PETR4,16.0,16.020000457763672,15.569999694824219,15.699999809265137,3.933023691177368,45255400
2017-02-23,PETR4,15.9399995803833,16.100000381469727,15.479999542236328,15.5600004196167,3.8979525566101074,41208700
2017-02-24,PETR4,15.350000381469727,15.470000267028809,15.100000381469727,15.180000305175781,3.80275821685791,30412200
2017-03-01,PETR4,15.510000228881836,15.550000190734863,15.319999694824219,15.520000457763672,3.887932300567627,25661000
2017-03-02,PETR4,15.4399995803833,15.449999809265137,14.989999771118164,15.109999656677246,3.7852225303649902,38490800
2017-03-03,PETR4,15.220000267028809,15.34000015258789,15.039999961853027,15.319999694824219,3.837829351425171,24516800
2017-03-06,PETR4,15.109999656677246,15.470000267028809,15.039999961853027,15.100000381469727,3.78271746635437,23325000
2017-03-07,PETR4,15.180000305175781,15.380000114440918,15.119999885559082,15.180000305175781,3.80275821685791,30927300
2017-03-08,PETR4,15.15999984741211,15.180000305175781,14.550000190734863,14.550000190734863,3.6449365615844727,49300700
2017-03-09,PETR4,14.34000015258789,14.59000015258789,14.170000076293945,14.5,3.6324105262756348,46467600
2017-03-10,PETR4,14.720000267028809,14.880000114440918,14.239999771118164,14.3100004196167,3.5848138332366943,42454600
2017-03-13,PETR4,14.329999923706055,14.399999618530273,14.15999984741211,14.369999885559082,3.5998432636260986,28295100
2017-03-14,PETR4,14.069999694824219,14.100000381469727,13.59000015258789,13.59000015258789,3.4044454097747803,67172700
2017-03-15,PETR4,13.859999656677246,14.199999809265137,13.550000190734863,14.199999809265137,3.5572571754455566,55593200
2017-03-16,PETR4,14.260000228881836,14.319999694824219,13.680000305175781,13.710000038146973,3.434506893157959,35362300
2017-03-17,PETR4,13.8100004196167,13.880000114440918,13.050000190734863,13.15999984741211,3.2967255115509033,81797400
2017-03-20,PETR4,12.979999542236328,13.670000076293945,12.90999984741211,13.600000381469727,3.406949758529663,52351600
2017-03-21,PETR4,13.609999656677246,13.630000114440918,12.819999694824219,13.0,3.256643533706665,46384300
2017-03-22,PETR4,13.199999809265137,13.720000267028809,13.029999732971191,13.65999984741211,3.421980857849121,62807700
2017-03-23,PETR4,13.479999542236328,13.819999694824219,13.420000076293945,13.569999694824219,3.39943528175354,36467200
2017-03-24,PETR4,13.699999809265137,13.770000457763672,13.34000015258789,13.479999542236328,3.376889228820801,30084700
2017-03-27,PETR4,13.239999771118164,13.789999961853027,13.020000457763672,13.770000457763672,3.4495372772216797,32021200
2017-03-28,PETR4,13.899999618530273,14.109999656677246,13.770000457763672,13.949999809265137,3.494628429412842,44850600
2017-03-29,PETR4,14.039999961853027,14.489999771118164,13.930000305175781,14.449999809265137,3.6198840141296387,43051400
2017-03-30,PETR4,14.550000190734863,14.640000343322754,14.350000381469727,14.449999809265137,3.6198840141296387,32928600
2017-03-31,PETR4,14.359999656677246,14.649999618530273,14.260000228881836,14.489999771118164,3.6299054622650146,33553000
2017-04-03,PETR4,14.539999961853027,14.75,14.529999732971191,14.670000076293945,3.674997329711914,39427200
2017-04-04,PETR4,14.670000076293945,14.890000343322754,14.569999694824219,14.850000381469727,3.720090627670288,24132000
2017-04-05,PETR4,15.050000190734863,15.15999984741211,14.5,14.569999694824219,3.649945020675659,49920900
2017-04-06,PETR4,14.619999885559082,14.869999885559082,14.420000076293945,14.529999732971191,3.639925003051758,34602700
2017-04-07,PETR4,14.609999656677246,14.899999618530273,14.600000381469727,14.699999809265137,3.6825129985809326,33024900
2017-04-10,PETR4,14.899999618530273,14.9399995803833,14.699999809265137,14.9399995803833,3.7426352500915527,37906000
2017-04-11,PETR4,14.970000267028809,14.989999771118164,14.550000190734863,14.680000305175781,3.677502393722534,38593200
2017-04-12,PETR4,14.600000381469727,14.829999923706055,14.579999923706055,14.649999618530273,3.6699862480163574,42628900
2017-04-13,PETR4,14.649999618530273,14.6899995803833,14.079999923706055,14.079999923706055,3.527195930480957,44572600
2017-04-17,PETR4,14.140000343322754,14.350000381469727,13.970000267028809,14.279999732971191,3.5772979259490967,46459500
2017-04-18,PETR4,14.149999618530273,14.369999885559082,13.949999809265137,14.100000381469727,3.5322070121765137,45349800
2017-04-19,PETR4,14.239999771118164,14.279999732971191,13.550000190734863,13.600000381469727,3.406949758529663,41014100
2017-04-20,PETR4,13.800000190734863,13.899999618530273,13.630000114440918,13.880000114440918,3.477092742919922,28227600
2017-04-24,PETR4,14.130000114440918,14.15999984741211,13.920000076293945,14.029999732971191,3.5146706104278564,27546200
2017-04-25,PETR4,13.899999618530273,14.34000015258789,13.800000190734863,14.34000015258789,3.5923287868499756,32268100
2017-04-26,PETR4,14.15999984741211,14.489999771118164,14.0,14.0,3.507155179977417,37045000
2017-04-27,PETR4,13.989999771118164,14.029999732971191,13.5600004196167,13.729999542236328,3.4395174980163574,29078500
2017-04-28,PETR4,13.850000381469727,14.100000381469727,13.6899995803833,13.970000267028809,3.4996392726898193,31061200
2017-05-02,PETR4,14.0600004196167,14.34000015258789,13.850000381469727,13.989999771118164,3.5046489238739014,37830100
2017-05-03,PETR4,14.039999961853027,14.25,13.949999809265137,14.15999984741211,3.5472371578216553,38357600
2017-05-04,PETR4,14.0,14.0,13.579999923706055,13.600000381469727,3.406949758529663,37695400
2017-05-05,PETR4,13.6899995803833,14.210000038146973,13.65999984741211,14.210000038146973,3.5597620010375977,32788100
2017-05-08,PETR4,14.130000114440918,14.350000381469727,13.979999542236328,14.079999923706055,3.527195930480957,36464300
2017-05-09,PETR4,14.149999618530273,14.239999771118164,14.039999961853027,14.140000343322754,3.542227029800415,28008600
2017-05-10,PETR4,14.34000015258789,14.75,14.3100004196167,14.729999542236328,3.6900274753570557,46271700
2017-05-11,PETR4,14.880000114440918,14.920000076293945,14.640000343322754,14.819999694824219,3.7125744819641113,29318000
2017-05-12,PETR4,15.5,15.579999923706055,15.350000381469727,15.449999809265137,3.870396137237549,83518200
2017-05-15,PETR4,15.770000457763672,15.869999885559082,15.649999618530273,15.680000305175781,3.928013563156128,46914700
2017-05-16,PETR4,15.770000457763672,15.779999732971191,15.520000457763672,15.699999809265137,3.933023691177368,34469300
2017-05-17,PETR4,15.5600004196167,15.720000267028809,15.510000228881836,15.609999656677246,3.910477638244629,30023400
2017-05-18,PETR4,12.449999809265137,14.0,12.449999809265137,13.149999618530273,3.2942209243774414,142924900
2017-05-19,PETR4,13.75,13.899999618530273,13.460000038146973,13.619999885559082,3.4119606018066406,70983900
2017-05-22,PETR4,13.350000381469727,13.510000228881836,13.0,13.399999618530273,3.35684871673584,55014900
2017-05-23,PETR4,13.449999809265137,13.600000381469727,13.380000114440918,13.489999771118164,3.379394054412842,48520100
2017-05-24,PETR4,13.75,14.09000015258789,13.6899995803833,14.050000190734863,3.519680976867676,54065800
2017-05-25,PETR4,13.970000267028809,14.1899995803833,13.630000114440918,13.739999771118164,3.442021608352661,45030800
2017-05-26,PETR4,13.470000267028809,13.789999961853027,13.399999618530273,13.680000305175781,3.426992654800415,63326900
2017-05-29,PETR4,13.680000305175781,13.680000305175781,13.680000305175781,13.680000305175781,3.426992654800415,0
2017-05-30,PETR4,13.550000190734863,13.640000343322754,13.359999656677246,13.359999656677246,3.346827745437622,34663800
2017-05-31,PETR4,13.210000038146973,13.3100004196167,12.949999809265137,12.960000038146973,3.2466237545013428,45628800
2017-06-01,PETR4,13.15999984741211,13.289999961853027,12.819999694824219,12.819999694824219,3.2115514278411865,42873400
2017-06-02,PETR4,12.789999961853027,13.050000190734863,12.680000305175781,13.050000190734863,3.2691690921783447,43192600
2017-06-05,PETR4,12.960000038146973,13.239999771118164,12.920000076293945,13.180000305175781,3.3017361164093018,31419400
2017-06-06,PETR4,13.229999542236328,13.329999923706055,13.029999732971191,13.180000305175781,3.3017361164093018,35558700
2017-06-07,PETR4,13.279999732971191,13.34000015258789,12.8100004196167,12.869999885559082,3.2240781784057617,44355600
2017-06-08,PETR4,12.779999732971191,12.960000038146973,12.710000038146973,12.84000015258789,3.2165629863739014,27749200
2017-06-09,PETR4,12.960000038146973,13.100000381469727,12.829999923706055,12.850000381469727,3.2190678119659424,30382100
2017-06-12,PETR4,12.970000267028809,13.029999732971191,12.770000457763672,12.899999618530273,3.231592893600464,30680700
2017-06-13,PETR4,12.949999809265137,13.020000457763672,12.770000457763672,12.9399995803833,3.2416136264801025,22891000
2017-06-14,PETR4,12.9399995803833,13.039999961853027,12.609999656677246,12.619999885559082,3.161449670791626,67382800
2017-06-15,PETR4,12.619999885559082,12.619999885559082,12.619999885559082,12.619999885559082,3.161449670791626,0
2017-06-16,PETR4,12.579999923706055,12.59000015258789,12.210000038146973,12.279999732971191,3.07627534866333,73551400
2017-06-19,PETR4,12.3100004196167,12.470000267028809,12.220000267028809,12.289999961853027,3.0787813663482666,45926200
2017-06-20,PETR4,12.119999885559082,12.130000114440918,11.760000228881836,11.859999656677246,2.9710612297058105,54014700
2017-06-21,PETR4,11.949999809265137,12.119999885559082,11.59000015258789,11.640000343322754,2.9159488677978516,58778300
2017-06-22,PETR4,11.760000228881836,12.039999961853027,11.720000267028809,12.039999961853027,3.0161526203155518,42284600
2017-06-23,PETR4,12.109999656677246,12.149999618530273,11.869999885559082,11.930000305175781,2.9885969161987305,33601000
2017-06-26,PETR4,12.100000381469727,12.300000190734863,12.039999961853027,12.270000457763672,3.073770523071289,42731300
2017-06-27,PETR4,12.34000015258789,12.479999542236328,12.130000114440918,12.210000038146973,3.0587401390075684,45097600
2017-06-28,PETR4,12.270000457763672,12.319999694824219,12.010000228881836,12.079999923706055,3.0261733531951904,32077400
2017-06-29,PETR4,12.260000228881836,12.300000190734863,12.09000015258789,12.180000305175781,3.051224946975708,24380300
2017-06-30,PETR4,12.25,12.479999542236328,12.1899995803833,12.369999885559082,3.0988216400146484,29687600
2017-07-03,PETR4,12.279999732971191,12.40999984741211,12.220000267028809,12.359999656677246,3.0963168144226074,31542500
2017-07-04,PETR4,12.34000015258789,12.430000305175781,12.319999694824219,12.430000305175781,3.1138529777526855,12523500
2017-07-05,PETR4,12.380000114440918,12.520000457763672,12.119999885559082,12.210000038146973,3.0587401390075684,41958400
2017-07-06,PETR4,12.279999732971191,12.359999656677246,12.079999923706055,12.170000076293945,3.0487189292907715,51976900
2017-07-07,PETR4,12.130000114440918,12.170000076293945,11.850000381469727,11.930000305175781,2.9885969161987305,42677000
2017-07-10,PETR4,11.829999923706055,12.010000228881836,11.739999771118164,11.979999542236328,3.001122236251831,21748800
2017-07-11,PETR4,11.949999809265137,12.449999809265137,11.899999618530273,12.329999923706055,3.0888006687164307,45500900
2017-07-12,PETR4,12.640000343322754,12.989999771118164,12.510000228881836,12.9399995803833,3.2416136264801025,66332200
2017-07-13,PETR4,12.960000038146973,13.039999961853027,12.800000190734863,12.869999885559082,3.2240781784057617,32983300
2017-07-14,PETR4,12.960000038146973,13.0600004196167,12.90999984741211,13.050000190734863,3.2691690921783447,35977500
2017-07-17,PETR4,13.029999732971191,13.050000190734863,12.869999885559082,12.890000343322754,3.229086399078369,28118700
2017-07-18,PETR4,13.0,13.020000457763672,12.829999923706055,12.9399995803833,3.2416136264801025,19300700
2017-07-19,PETR4,13.0,13.270000457763672,12.970000267028809,13.229999542236328,3.314260959625244,36513700
2017-07-20,PETR4,13.289999961853027,13.350000381469727,13.029999732971191,13.100000381469727,3.2816948890686035,30114300
2017-07-21,PETR4,13.0,13.039999961853027,12.670000076293945,12.6899995803833,3.178985357284546,38738300
2017-07-24,PETR4,12.829999923706055,12.920000076293945,12.770000457763672,12.880000114440918,3.2265825271606445,16250400
2017-07-25,PETR4,13.010000228881836,13.25,13.010000228881836,13.220000267028809,3.311755418777466,29930100
2017-07-26,PETR4,13.300000190734863,13.34000015258789,12.979999542236328,13.0600004196167,3.271674394607544,29333000
2017-07-27,PETR4,13.050000190734863,13.170000076293945,13.0,13.0,3.256643533706665,21825900
2017-07-28,PETR4,12.979999542236328,13.130000114440918,12.90999984741211,13.130000114440918,3.289210319519043,20980200
2017-07-31,PETR4,13.220000267028809,13.3100004196167,13.069999694824219,13.289999961853027,3.329291820526123,31397700
2017-08-01,PETR4,13.300000190734863,13.319999694824219,13.079999923706055,13.119999885559082,3.2867045402526855,22999400
2017-08-02,PETR4,13.130000114440918,13.609999656677246,13.079999923706055,13.510000228881836,3.384404420852661,46342000
2017-08-03,PETR4,13.569999694824219,13.65999984741211,13.3100004196167,13.3100004196167,3.3343021869659424,31300700
2017-08-04,PETR4,13.40999984741211,13.479999542236328,13.260000228881836,13.399999618530273,3.35684871673584,21560500
2017-08-07,PETR4,13.350000381469727,13.619999885559082,13.329999923706055,13.550000190734863,3.3944244384765625,29832200
2017-08-08,PETR4,13.5,13.6899995803833,13.460000038146973,13.489999771118164,3.379394054412842,28907900
2017-08-09,PETR4,13.510000228881836,13.609999656677246,13.4399995803833,13.520000457763672,3.3869094848632812,26980300
2017-08-10,PETR4,13.600000381469727,13.65999984741211,13.149999618530273,13.1899995803833,3.3042402267456055,56194400
2017-08-11,PETR4,13.140000343322754,13.199999809265137,12.9399995803833,12.949999809265137,3.2441184520721436,43025100
2017-08-14,PETR4,12.979999542236328,13.220000267028809,12.90999984741211,13.079999923706055,3.2766849994659424,31607400
2017-08-15,PETR4,13.079999923706055,13.239999771118164,13.050000190734863,13.149999618530273,3.2942209243774414,24737300
2017-08-16,PETR4,13.300000190734863,13.380000114440918,13.100000381469727,13.130000114440918,3.289210319519043,44946600
2017-08-17,PETR4,13.119999885559082,13.260000228881836,13.020000457763672,13.050000190734863,3.2691690921783447,23503300
2017-08-18,PETR4,13.15999984741211,13.600000381469727,13.15999984741211,13.600000381469727,3.406949758529663,66263500
2017-08-21,PETR4,13.640000343322754,13.65999984741211,13.279999732971191,13.34000015258789,3.341817855834961,40485900
2017-08-22,PETR4,13.699999809265137,13.869999885559082,13.640000343322754,13.789999961853027,3.45454740524292,55240700
2017-08-23,PETR4,13.779999732971191,13.930000305175781,13.649999618530273,13.760000228881836,3.4470324516296387,47679700
2017-08-24,PETR4,13.779999732971191,13.890000343322754,13.680000305175781,13.800000190734863,3.457052707672119,32300600
2017-08-25,PETR4,13.869999885559082,13.9399995803833,13.8100004196167,13.880000114440918,3.477092742919922,24185600
2017-08-28,PETR4,13.930000305175781,14.029999732971191,13.760000228881836,13.869999885559082,3.4745891094207764,27208100
2017-08-29,PETR4,13.760000228881836,13.850000381469727,13.680000305175781,13.850000381469727,3.4695770740509033,27306400
2017-08-30,PETR4,13.789999961853027,13.899999618530273,13.4399995803833,13.449999809265137,3.3693735599517822,58871700
2017-08-31,PETR4,13.529999732971191,13.770000457763672,13.470000267028809,13.649999618530273,3.419475793838501,82909400
2017-09-01,PETR4,13.850000381469727,14.1899995803833,13.819999694824219,14.020000457763672,3.512165069580078,60260300
2017-09-04,PETR4,13.960000038146973,14.180000305175781,13.9399995803833,14.170000076293945,3.5497419834136963,18139300
2017-09-05,PETR4,14.569999694824219,14.649999618530273,14.229999542236328,14.40999984741211,3.6098649501800537,56476800
2017-09-06,PETR4,14.649999618530273,15.020000457763672,14.510000228881836,15.020000457763672,3.7626757621765137,68418200
2017-09-07,PETR4,15.020000457763672,15.020000457763672,15.020000457763672,15.020000457763672,3.7626757621765137,0
2017-09-08,PETR4,15.100000381469727,15.149999618530273,14.6899995803833,14.710000038146973,3.685018301010132,36337400
2017-09-11,PETR4,14.880000114440918,15.050000190734863,14.8100004196167,14.989999771118164,3.7551612854003906,34915900
2017-09-12,PETR4,14.979999542236328,15.15999984741211,14.859999656677246,14.869999885559082,3.72509765625,49702800
2017-09-13,PETR4,14.9399995803833,15.100000381469727,14.8100004196167,15.029999732971191,3.7651803493499756,37010200
2017-09-14,PETR4,15.029999732971191,15.260000228881836,15.020000457763672,15.039999961853027,3.767686605453491,34413800
2017-09-15,PETR4,15.069999694824219,15.170000076293945,14.989999771118164,15.039999961853027,3.767686605453491,47784700
2017-09-18,PETR4,15.020000457763672,15.1899995803833,14.979999542236328,15.039999961853027,3.767686605453491,47601200
2017-09-19,PETR4,15.100000381469727,15.170000076293945,14.920000076293945,15.140000343322754,3.7927374839782715,35822100
2017-09-20,PETR4,15.25,15.880000114440918,15.069999694824219,15.869999885559082,3.9756109714508057,80267000
2017-09-21,PETR4,15.850000381469727,15.960000038146973,15.579999923706055,15.670000076293945,3.925508737564087,46258800
2017-09-22,PETR4,15.600000381469727,15.800000190734863,15.430000305175781,15.6899995803833,3.930518388748169,40928300
2017-09-25,PETR4,15.789999961853027,15.960000038146973,15.699999809265137,15.84000015258789,3.9680962562561035,36733200
2017-09-26,PETR4,15.859999656677246,15.899999618530273,15.5600004196167,15.5600004196167,3.8979525566101074,37874200
2017-09-27,PETR4,15.699999809265137,15.720000267028809,15.109999656677246,15.3100004196167,3.8353238105773926,41819300
2017-09-28,PETR4,15.369999885559082,15.5,15.220000267028809,15.34000015258789,3.8428401947021484,33829000
2017-09-29,PETR4,15.5,15.520000457763672,15.300000190734863,15.300000190734863,3.8328192234039307,28638300
2017-10-02,PETR4,15.1899995803833,15.399999618530273,15.0600004196167,15.399999618530273,3.857869863510132,29826200
2017-10-03,PETR4,15.600000381469727,15.979999542236328,15.520000457763672,15.979999542236328,4.003167152404785,50636700
2017-10-04,PETR4,15.899999618530273,15.9399995803833,15.649999618530273,15.65999984741211,3.923003911972046,47798600
2017-10-05,PETR4,15.880000114440918,16.110000610351562,15.850000381469727,15.899999618530273,3.983126163482666,55361300
2017-10-06,PETR4,15.65999984741211,15.770000457763672,15.539999961853027,15.6899995803833,3.930518388748169,41741300
2017-10-09,PETR4,15.609999656677246,15.890000343322754,15.59000015258789,15.890000343322754,3.9806203842163086,27904700
2017-10-10,PETR4,16.1299991607666,16.190000534057617,16.010000228881836,16.190000534057617,4.055773735046387,47066600
2017-10-11,PETR4,16.170000076293945,16.25,16.010000228881836,16.079999923706055,4.02821683883667,40422100
2017-10-12,PETR4,16.079999923706055,16.079999923706055,16.079999923706055,16.079999923706055,4.02821683883667,0
2017-10-13,PETR4,16.229999542236328,16.290000915527344,16.059999465942383,16.079999923706055,4.02821683883667,24210000
2017-10-16,PETR4,16.15999984741211,16.260000228881836,16.0,16.1200008392334,4.038239002227783,44699700
2017-10-17,PETR4,16.139999389648438,16.219999313354492,16.06999969482422,16.1299991607666,4.040742874145508,25524800
2017-10-18,PETR4,16.219999313354492,16.280000686645508,16.1299991607666,16.15999984741211,4.0482587814331055,25706200
2017-10-19,PETR4,16.0,16.15999984741211,15.899999618530273,16.149999618530273,4.045753002166748,24672800
2017-10-20,PETR4,16.190000534057617,16.389999389648438,16.170000076293945,16.219999313354492,4.063287734985352,32417500
2017-10-23,PETR4,16.290000915527344,16.290000915527344,16.1200008392334,16.200000762939453,4.058279514312744,29389900
2017-10-24,PETR4,16.290000915527344,16.510000228881836,16.1200008392334,16.510000228881836,4.135936737060547,46249500
2017-10-25,PETR4,16.530000686645508,16.729999542236328,16.450000762939453,16.719999313354492,4.188545227050781,37608200
2017-10-26,PETR4,16.780000686645508,16.889999389648438,16.65999984741211,16.729999542236328,4.191051483154297,37848300
2017-10-27,PETR4,16.770000457763672,17.09000015258789,16.649999618530273,17.030000686645508,4.2662034034729,45640100
2017-10-30,PETR4,16.969999313354492,17.170000076293945,16.739999771118164,16.780000686645508,4.20357608795166,55355600
2017-10-31,PETR4,16.899999618530273,16.950000762939453,16.719999313354492,16.770000457763672,4.201070308685303,32249000
2017-11-01,PETR4,16.989999771118164,17.100000381469727,16.8799991607666,16.899999618530273,4.233636379241943,38876600
2017-11-02,PETR4,16.899999618530273,16.899999618530273,16.899999618530273,16.899999618530273,4.233636379241943,0
2017-11-03,PETR4,16.959999084472656,17.010000228881836,16.68000030517578,16.940000534057617,4.243658065795898,32605400
2017-11-06,PETR4,17.049999237060547,17.440000534057617,16.979999542236328,17.43000030517578,4.366407871246338,46056100
2017-11-07,PETR4,17.309999465942383,17.350000381469727,16.5,16.5,4.133432865142822,61098400
2017-11-08,PETR4,16.690000534057617,16.950000762939453,16.510000228881836,16.950000762939453,4.2461628913879395,41179600
2017-11-09,PETR4,16.889999389648438,16.940000534057617,16.719999313354492,16.719999313354492,4.188545227050781,29399400
2017-11-10,PETR4,16.709999084472656,16.809999465942383,16.510000228881836,16.719999313354492,4.188545227050781,35959400
2017-11-13,PETR4,16.690000534057617,16.770000457763672,16.389999389648438,16.639999389648438,4.1685051918029785,28697700
2017-11-14,PETR4,16.639999389648438,16.639999389648438,15.279999732971191,15.350000381469727,3.8453452587127686,88765600
2017-11-15,PETR4,15.350000381469727,15.350000381469727,15.350000381469727,15.350000381469727,3.8453452587127686,0
2017-11-16,PETR4,15.619999885559082,16.040000915527344,15.479999542236328,15.8100004196167,3.9605798721313477,42703800
2017-11-17,PETR4,15.920000076293945,16.1200008392334,15.8100004196167,16.020000457763672,4.013187885284424,38376900
2017-11-20,PETR4,16.020000457763672,16.020000457763672,16.020000457763672,16.020000457763672,4.013187885284424,0
2017-11-21,PETR4,16.149999618530273,16.309999465942383,15.850000381469727,15.899999618530273,3.983126163482666,45817800
2017-11-22,PETR4,16.09000015258789,16.239999771118164,15.930000305175781,16.110000610351562,4.035732269287109,37444900
2017-11-23,PETR4,15.979999542236328,16.260000228881836,15.9399995803833,16.190000534057617,4.055773735046387,15403600
2017-11-24,PETR4,16.25,16.3700008392334,16.040000915527344,16.100000381469727,4.033227920532227,18790700
2017-11-27,PETR4,16.010000228881836,16.020000457763672,15.779999732971191,15.869999885559082,3.9756109714508057,28445800
2017-11-28,PETR4,15.930000305175781,16.040000915527344,15.8100004196167,15.84000015258789,3.9680962562561035,30429600
2017-11-29,PETR4,15.869999885559082,15.920000076293945,15.319999694824219,15.329999923706055,3.8403337001800537,45973000
2017-11-30,PETR4,15.300000190734863,15.470000267028809,14.989999771118164,15.380000114440918,3.85286021232605,52811400
2017-12-01,PETR4,15.34000015258789,15.770000457763672,15.260000228881836,15.609999656677246,3.910477638244629,42703800
2017-12-04,PETR4,15.649999618530273,15.800000190734863,15.460000038146973,15.479999542236328,3.877910852432251,43821500
2017-12-05,PETR4,15.5,15.829999923706055,15.210000038146973,15.3100004196167,3.8353238105773926,30228000
2017-12-06,PETR4,15.220000267028809,15.699999809265137,15.140000343322754,15.520000457763672,3.887932300567627,39238500
2017-12-07,PETR4,15.300000190734863,15.489999771118164,15.069999694824219,15.260000228881836,3.8227972984313965,37281400
2017-12-08,PETR4,15.510000228881836,15.680000305175781,15.350000381469727,15.350000381469727,3.8453452587127686,39584500
2017-12-11,PETR4,15.479999542236328,15.569999694824219,15.369999885559082,15.380000114440918,3.85286021232605,21281600
2017-12-12,PETR4,15.359999656677246,15.489999771118164,15.180000305175781,15.489999771118164,3.8804166316986084,36201200
2017-12-13,PETR4,15.649999618530273,15.680000305175781,15.109999656677246,15.180000305175781,3.80275821685791,46828900
2017-12-14,PETR4,15.100000381469727,15.3100004196167,15.0,15.010000228881836,3.7601711750030518,37177300
2017-12-15,PETR4,15.050000190734863,15.239999771118164,14.949999809265137,14.949999809265137,3.7451400756835938,55668300
2017-12-18,PETR4,15.15999984741211,15.329999923706055,15.130000114440918,15.220000267028809,3.8127787113189697,42760400
2017-12-19,PETR4,15.180000305175781,15.25,15.0600004196167,15.140000343322754,3.7927374839782715,22639700
2017-12-20,PETR4,15.210000038146973,15.300000190734863,15.170000076293945,15.239999771118164,3.817789077758789,20149700
2017-12-21,PETR4,15.3100004196167,15.869999885559082,15.300000190734863,15.859999656677246,3.973104238510132,47219400
2017-12-22,PETR4,15.75,15.890000343322754,15.6899995803833,15.75,3.945549249649048,18708500
2017-12-25,PETR4,15.75,15.75,15.75,15.75,3.945549249649048,0
2017-12-26,PETR4,15.75,15.989999771118164,15.6899995803833,15.970000267028809,4.000661373138428,22173100
2017-12-27,PETR4,15.989999771118164,16.139999389648438,15.979999542236328,16.049999237060547,4.020701885223389,23552200
2017-12-28,PETR4,16.100000381469727,16.1299991607666,16.0,16.100000381469727,4.033227920532227,19011500
2017-12-29,PETR4,16.100000381469727,16.100000381469727,16.100000381469727,16.100000381469727,4.033227920532227,0
2018-01-02,PETR4,16.190000534057617,16.549999237060547,16.190000534057617,16.549999237060547,4.1459574699401855,33461800
2018-01-03,PETR4,16.489999771118164,16.719999313354492,16.3700008392334,16.700000762939453,4.183535099029541,55940900
2018-01-04,PETR4,16.780000686645508,16.959999084472656,16.6200008392334,16.729999542236328,4.191051483154297,37064900
2018-01-05,PETR4,16.700000762939453,16.860000610351562,16.56999969482422,16.829999923706055,4.21610164642334,26958200
2018-01-08,PETR4,16.739999771118164,17.030000686645508,16.709999084472656,17.030000686645508,4.2662034034729,28400000
2018-01-09,PETR4,17.030000686645508,17.15999984741211,16.959999084472656,17.030000686645508,4.2662034034729,35070900
2018-01-10,PETR4,16.920000076293945,17.049999237060547,16.770000457763672,16.799999237060547,4.208585739135742,28547700
2018-01-11,PETR4,16.8799991607666,17.299999237060547,16.84000015258789,17.25,4.321315288543701,37921500
2018-01-12,PETR4,17.040000915527344,17.40999984741211,17.020000457763672,17.299999237060547,4.333841800689697,45912100
2018-01-15,PETR4,17.31999969482422,17.440000534057617,17.149999618530273,17.350000381469727,4.346367359161377,28945400
2018-01-16,PETR4,17.350000381469727,17.84000015258789,17.299999237060547,17.649999618530273,4.421519756317139,58618300
2018-01-17,PETR4,17.920000076293945,18.360000610351562,17.809999465942383,18.360000610351562,4.5993828773498535,58488900
2018-01-18,PETR4,18.350000381469727,18.530000686645508,17.93000030517578,18.219999313354492,4.564311504364014,48575800
2018-01-19,PETR4,18.309999465942383,18.420000076293945,18.030000686645508,18.260000228881836,4.574332237243652,33470200
2018-01-22,PETR4,18.260000228881836,18.469999313354492,18.09000015258789,18.469999313354492,4.6269402503967285,33920000
2018-01-23,PETR4,18.399999618530273,18.459999084472656,18.0,18.239999771118164,4.56932258605957,35567700
2018-01-24,PETR4,18.420000076293945,19.6299991607666,18.420000076293945,19.34000015258789,4.844882488250732,89768200
2018-01-25,PETR4,19.34000015258789,19.34000015258789,19.34000015258789,19.34000015258789,4.844882488250732,0
2018-01-26,PETR4,19.6200008392334,19.979999542236328,19.100000381469727,19.93000030517578,4.992684841156006,81989500
2018-01-29,PETR4,19.670000076293945,20.049999237060547,19.56999969482422,19.850000381469727,4.972644805908203,55726200
2018-01-30,PETR4,19.770000457763672,19.770000457763672,19.360000610351562,19.489999771118164,4.882461071014404,46203000
2018-01-31,PETR4,19.739999771118164,19.93000030517578,19.68000030517578,19.700000762939453,4.9350690841674805,41576600
2018-02-01,PETR4,19.760000228881836,20.6200008392334,19.760000228881836,20.520000457763672,5.140486240386963,51950200
2018-02-02,PETR4,20.299999237060547,20.420000076293945,19.850000381469727,19.969999313354492,5.002705097198486,50657800
2018-02-05,PETR4,19.649999618530273,19.969999313354492,19.040000915527344,19.040000915527344,4.769730567932129,62268600
2018-02-06,PETR4,18.65999984741211,19.989999771118164,18.6200008392334,19.989999771118164,5.007716178894043,74146500
2018-02-07,PETR4,19.969999313354492,20.219999313354492,19.360000610351562,19.440000534057617,4.869935989379883,61910300
2018-02-08,PETR4,19.549999237060547,19.739999771118164,18.799999237060547,19.049999237060547,4.772234916687012,51115100
2018-02-09,PETR4,19.030000686645508,19.389999389648438,18.510000228881836,18.770000457763672,4.702091693878174,68727600
2018-02-14,PETR4,19.010000228881836,19.360000610351562,18.959999084472656,19.25,4.822338104248047,43402800
2018-02-15,PETR4,19.5,19.540000915527344,19.170000076293945,19.399999618530273,4.859913349151611,31978000
2018-02-16,PETR4,19.459999084472656,19.579999923706055,19.309999465942383,19.420000076293945,4.864925861358643,34736300
2018-02-19,PETR4,19.549999237060547,20.100000381469727,19.549999237060547,20.049999237060547,5.022747039794922,40925500
2018-02-20,PETR4,19.8799991607666,20.81999969482422,19.81999969482422,20.440000534057617,5.120447158813477,67418700
2018-02-21,PETR4,20.59000015258789,20.8799991607666,20.25,20.25,5.072849273681641,55678400
2018-02-22,PETR4,20.59000015258789,20.81999969482422,20.540000915527344,20.739999771118164,5.195599555969238,38170900
2018-02-23,PETR4,20.950000762939453,21.139999389648438,20.6200008392334,21.1200008392334,5.290793418884277,55755600
2018-02-26,PETR4,21.399999618530273,21.690000534057617,21.3799991607666,21.520000457763672,5.390998840332031,48160500
2018-02-27,PETR4,21.469999313354492,21.850000381469727,21.34000015258789,21.5,5.385988712310791,42912500
2018-02-28,PETR4,21.6299991607666,21.770000457763672,21.18000030517578,21.459999084472656,5.375967025756836,66229400
2018-03-01,PETR4,21.399999618530273,21.459999084472656,20.760000228881836,21.030000686645508,5.268249034881592,66380900
2018-03-02,PETR4,20.700000762939453,21.510000228881836,20.510000228881836,21.510000228881836,5.388492584228516,52682900
2018-03-05,PETR4,21.489999771118164,22.170000076293945,21.360000610351562,22.1200008392334,5.541305065155029,54242600
2018-03-06,PETR4,22.5,22.6299991607666,21.860000610351562,21.899999618530273,5.486192226409912,57240800
2018-03-07,PETR4,21.690000534057617,21.969999313354492,21.3700008392334,21.670000076293945,5.428574085235596,50956600
2018-03-08,PETR4,21.850000381469727,21.8799991607666,21.31999969482422,21.700000762939453,5.436089992523193,36156800
2018-03-09,PETR4,21.780000686645508,22.389999389648438,21.59000015258789,22.389999389648438,5.60894250869751,45560000
2018-03-12,PETR4,22.540000915527344,22.59000015258789,22.229999542236328,22.329999923706055,5.593912124633789,32363900
2018-03-13,PETR4,22.450000762939453,22.540000915527344,22.059999465942383,22.110000610351562,5.5388007164001465,34732800
2018-03-14,PETR4,22.299999237060547,22.440000534057617,22.09000015258789,22.3799991607666,5.606438636779785,31947600
2018-03-15,PETR4,22.049999237060547,22.18000030517578,21.309999465942383,21.309999465942383,5.3383917808532715,81097800
2018-03-16,PETR4,21.469999313354492,21.739999771118164,21.229999542236328,21.43000030517578,5.3684539794921875,57891900
2018-03-19,PETR4,21.270000457763672,21.360000610351562,20.860000610351562,20.93000030517578,5.243197441101074,42218400
2018-03-20,PETR4,21.18000030517578,21.40999984741211,21.110000610351562,21.15999984741211,5.300815105438232,30106800
2018-03-21,PETR4,21.25,22.09000015258789,21.200000762939453,22.049999237060547,5.523769378662109,53106300
2018-03-22,PETR4,21.860000610351562,22.040000915527344,21.579999923706055,21.719999313354492,5.44110107421875,50033300
2018-03-23,PETR4,21.610000610351562,22.110000610351562,21.530000686645508,21.75,5.448616027832031,52815800
2018-03-26,PETR4,22.06999969482422,22.200000762939453,21.84000015258789,22.030000686645508,5.518759727478027,30174900
2018-03-27,PETR4,22.139999389648438,22.18000030517578,21.3700008392334,21.440000534057617,5.3709564208984375,43568100
2018-03-28,PETR4,21.260000228881836,21.40999984741211,20.989999771118164,21.200000762939453,5.310833930969238,38539300
2018-03-29,PETR4,21.260000228881836,21.559999465942383,21.229999542236328,21.40999984741211,5.36344051361084,34318800
2018-04-02,PETR4,21.360000610351562,21.459999084472656,20.770000457763672,20.899999618530273,5.235681056976318,37275000
2018-04-03,PETR4,21.110000610351562,21.190000534057617,20.65999984741211,20.709999084472656,5.188083171844482,39245800
2018-04-04,PETR4,20.309999465942383,20.600000381469727,20.110000610351562,20.3799991607666,5.105413436889648,58475700
2018-04-05,PETR4,21.149999618530273,21.329999923706055,21.030000686645508,21.149999618530273,5.298309803009033,88599000
2018-04-06,PETR4,20.979999542236328,21.280000686645508,20.829999923706055,21.280000686645508,5.33087682723999,47908900
2018-04-09,PETR4,21.43000030517578,21.440000534057617,20.530000686645508,20.530000686645508,5.1429924964904785,44248900
2018-04-10,PETR4,20.90999984741211,21.510000228881836,20.760000228881836,21.399999618530273,5.360937595367432,58545100
2018-04-11,PETR4,21.350000381469727,21.899999618530273,21.329999923706055,21.799999237060547,5.461140155792236,62378300
2018-04-12,PETR4,21.790000915527344,21.940000534057617,21.68000030517578,21.68000030517578,5.431080341339111,36238700
2018-04-13,PETR4,21.639999389648438,21.739999771118164,21.059999465942383,21.200000762939453,5.310833930969238,43347800
2018-04-16,PETR4,21.049999237060547,21.239999771118164,20.600000381469727,20.6200008392334,5.1655378341674805,48474200
2018-04-17,PETR4,20.700000762939453,21.079999923706055,20.6200008392334,21.030000686645508,5.268249034881592,36570400
2018-04-18,PETR4,21.350000381469727,21.8700008392334,21.309999465942383,21.799999237060547,5.461140155792236,65237400
2018-04-19,PETR4,22.06999969482422,22.399999618530273,21.93000030517578,22.200000762939453,5.56134557723999,62475200
2018-04-20,PETR4,22.059999465942383,22.459999084472656,21.899999618530273,22.360000610351562,5.6014275550842285,61494800
2018-04-23,PETR4,22.09000015258789,22.479999542236328,21.940000534057617,22.479999542236328,5.631489276885986,37023300
2018-04-24,PETR4,22.600000381469727,22.770000457763672,22.229999542236328,22.399999618530273,5.611448287963867,46710300
2018-04-25,PETR4,22.010000228881836,22.1299991607666,21.670000076293945,21.729999542236328,5.443603992462158,68160600
2018-04-26,PETR4,22.0,22.6299991607666,21.969999313354492,22.6299991607666,5.669065952301025,56674700
2018-04-27,PETR4,22.84000015258789,22.93000030517578,22.65999984741211,22.709999084472656,5.68910551071167,37858300
2018-04-30,PETR4,22.729999542236328,23.020000457763672,22.6299991607666,22.969999313354492,5.754239082336426,23681500
2018-05-02,PETR4,22.670000076293945,22.93000030517578,22.510000228881836,22.600000381469727,5.6615495681762695,31778100
2018-05-03,PETR4,22.540000915527344,22.639999389648438,21.969999313354492,22.450000762939453,5.6239728927612305,48855700
2018-05-04,PETR4,22.450000762939453,22.639999389648438,22.270000457763672,22.270000457763672,5.578882217407227,33599400
2018-05-07,PETR4,22.56999969482422,23.170000076293945,22.489999771118164,22.649999618530273,5.674077033996582,47815100
2018-05-08,PETR4,23.059999465942383,23.149999618530273,22.520000457763672,22.90999984741211,5.739207744598389,81198700
2018-05-09,PETR4,23.299999237060547,24.799999237060547,23.219999313354492,24.780000686645508,6.207663059234619,118032300
2018-05-10,PETR4,25.139999389648438,26.489999771118164,24.920000076293945,25.75,6.450662612915039,126907200
2018-05-11,PETR4,25.829999923706055,26.309999465942383,25.420000076293945,25.440000534057617,6.373003005981445,72996400
2018-05-14,PETR4,25.850000381469727,26.479999542236328,25.809999465942383,26.239999771118164,6.573409080505371,66938700
2018-05-15,PETR4,26.350000381469727,26.899999618530273,25.889999389648438,26.790000915527344,6.7111945152282715,75230200
2018-05-16,PETR4,26.8700008392334,27.530000686645508,26.84000015258789,27.389999389648438,6.861496925354004,64486500
2018-05-17,PETR4,27.350000381469727,27.600000381469727,25.469999313354492,25.950000762939453,6.500760078430176,112487000
2018-05-18,PETR4,25.010000228881836,26.170000076293945,24.959999084472656,25.649999618530273,6.4256086349487305,83206900
2018-05-21,PETR4,26.100000381469727,26.290000915527344,24.940000534057617,25.049999237060547,6.2753005027771,75971900
2018-05-22,PETR4,24.809999465942383,25.290000915527344,24.149999618530273,24.709999084472656,6.202509880065918,88109900
2018-05-23,PETR4,24.229999542236328,24.479999542236328,23.270000457763672,23.270000457763672,5.8410515785217285,74622500
2018-05-24,PETR4,20.049999237060547,20.75,19.649999618530273,20.079999923706055,5.040322303771973,240343800
2018-05-25,PETR4,20.649999618530273,21.270000457763672,19.65999984741211,19.799999237060547,4.970040321350098,131188100
2018-05-28,PETR4,19.200000762939453,19.200000762939453,16.90999984741211,16.90999984741211,4.244614601135254,134504900
2018-05-29,PETR4,18.0,19.440000534057617,17.600000381469727,19.299999237060547,4.8445329666137695,181509800
2018-05-30,PETR4,18.389999389648438,19.969999313354492,18.1299991607666,18.979999542236328,4.764207363128662,125430000
2018-06-01,PETR4,19.559999465942383,19.75,14.899999618530273,16.15999984741211,4.056354999542236,216954700
2018-06-04,PETR4,17.290000915527344,17.639999389648438,17.049999237060547,17.530000686645508,4.400241374969482,93547600
2018-06-05,PETR4,17.360000610351562,17.799999237060547,16.59000015258789,16.59000015258789,4.164291858673096,67006400
2018-06-06,PETR4,16.469999313354492,16.68000030517578,15.869999885559082,16.329999923706055,4.099025726318359,69496800
2018-06-07,PETR4,16.0,16.15999984741211,14.930000305175781,15.760000228881836,3.9559504985809326,118752700
2018-06-08,PETR4,15.8100004196167,16.190000534057617,15.0600004196167,15.25,3.8279333114624023,91461500
2018-06-11,PETR4,15.5,15.800000190734863,15.130000114440918,15.40999984741211,3.8680968284606934,44872500
2018-06-12,PETR4,15.479999542236328,15.680000305175781,15.239999771118164,15.460000038146973,3.880647897720337,69592600
2018-06-13,PETR4,15.420000076293945,15.5,14.739999771118164,15.170000076293945,3.8078525066375732,72301200
2018-06-14,PETR4,15.329999923706055,15.550000190734863,15.050000190734863,15.100000381469727,3.790282726287842,57324600
2018-06-15,PETR4,15.029999732971191,15.069999694824219,14.470000267028809,14.970000267028809,3.7576513290405273,75239300
2018-06-18,PETR4,14.770000457763672,14.890000343322754,14.5,14.5,3.6396751403808594,47363800
2018-06-19,PETR4,14.260000228881836,15.720000267028809,14.170000076293945,15.420000076293945,3.87060546875,97301500
2018-06-20,PETR4,15.84000015258789,16.479999542236328,15.800000190734863,16.209999084472656,4.068906784057617,88397300
2018-06-21,PETR4,16.09000015258789,16.31999969482422,15.100000381469727,15.100000381469727,3.790282726287842,67884300
2018-06-22,PETR4,15.40999984741211,15.680000305175781,15.010000228881836,15.109999656677246,3.792792797088623,52184500
2018-06-25,PETR4,15.199999809265137,15.789999961853027,15.0600004196167,15.699999809265137,3.940889835357666,60347200
2018-06-26,PETR4,15.899999618530273,16.1200008392334,15.529999732971191,16.040000915527344,4.0262346267700195,59595900
2018-06-27,PETR4,16.100000381469727,16.979999542236328,16.059999465942383,16.549999237060547,4.15424919128418,78095000
2018-06-28,PETR4,16.719999313354492,17.06999969482422,16.329999923706055,16.600000381469727,4.166799545288086,94960700
2018-06-29,PETR4,16.850000381469727,17.190000534057617,16.729999542236328,17.190000534057617,4.314897537231445,75735100
2018-07-02,PETR4,16.989999771118164,17.479999542236328,16.899999618530273,17.469999313354492,4.385181903839111,54545600
2018-07-03,PETR4,17.739999771118164,17.889999389648438,17.459999084472656,17.5,4.392710208892822,57456700
2018-07-04,PETR4,17.3799991607666,18.450000762939453,17.239999771118164,17.610000610351562,4.420323371887207,54211000
2018-07-05,PETR4,18.600000381469727,18.799999237060547,17.649999618530273,17.860000610351562,4.483077049255371,76084700
2018-07-06,PETR4,17.969999313354492,18.09000015258789,17.649999618530273,17.940000534057617,4.503155708312988,33878700
2018-07-10,PETR4,18.34000015258789,18.350000381469727,17.549999237060547,17.75,4.455463886260986,70886200
2018-07-11,PETR4,17.489999771118164,18.079999923706055,17.299999237060547,17.40999984741211,4.370119571685791,85806300
2018-07-12,PETR4,17.6200008392334,18.020000457763672,17.520000457763672,17.950000762939453,4.5056681632995605,49397900
2018-07-13,PETR4,17.989999771118164,18.18000030517578,17.780000686645508,18.110000610351562,4.545828819274902,44951900
2018-07-16,PETR4,17.950000762939453,17.979999542236328,17.600000381469727,17.8799991607666,4.488095760345459,62798900
2018-07-17,PETR4,17.790000915527344,18.399999618530273,17.709999084472656,18.290000915527344,4.591012001037598,40884300
2018-07-18,PETR4,18.25,18.399999618530273,17.940000534057617,18.049999237060547,4.530767917633057,40643800
2018-07-19,PETR4,17.84000015258789,18.399999618530273,17.739999771118164,18.399999618530273,4.618622303009033,60404900
2018-07-20,PETR4,19.170000076293945,19.479999542236328,18.93000030517578,19.290000915527344,4.8420233726501465,98035200
2018-07-23,PETR4,19.299999237060547,19.469999313354492,19.209999084472656,19.260000228881836,4.8344926834106445,35231500
2018-07-24,PETR4,19.56999969482422,19.8700008392334,19.530000686645508,19.65999984741211,4.934898376464844,39934600
2018-07-25,PETR4,19.799999237060547,20.0,19.610000610351562,19.959999084472656,5.010200023651123,48759900
2018-07-26,PETR4,19.950000762939453,19.950000762939453,19.3700008392334,19.40999984741211,4.872146129608154,48144300
2018-07-27,PETR4,19.600000381469727,19.809999465942383,19.549999237060547,19.770000457763672,4.9625091552734375,36509400
2018-07-30,PETR4,19.950000762939453,20.100000381469727,19.700000762939453,19.889999389648438,4.992630481719971,37053900
2018-07-31,PETR4,19.6200008392334,19.790000915527344,19.469999313354492,19.719999313354492,4.94995641708374,38641200
2018-08-01,PETR4,19.59000015258789,20.010000228881836,19.540000915527344,20.010000228881836,5.022749900817871,39141700
2018-08-02,PETR4,19.989999771118164,20.780000686645508,19.950000762939453,20.40999984741211,5.123157501220703,69008900
2018-08-03,PETR4,21.399999618530273,21.549999237060547,21.09000015258789,21.110000610351562,5.298865795135498,86908000
2018-08-06,PETR4,21.149999618530273,21.469999313354492,20.979999542236328,21.040000915527344,5.281293869018555,44528300
2018-08-07,PETR4,21.329999923706055,21.459999084472656,20.56999969482422,20.709999084472656,5.198459148406982,69136700
2018-08-08,PETR4,20.809999465942383,21.06999969482422,20.1200008392334,20.139999389648438,5.05538272857666,58211500
2018-08-09,PETR4,20.260000228881836,20.350000381469727,19.799999237060547,20.34000015258789,5.105584621429443,51253100
2018-08-10,PETR4,20.100000381469727,20.149999618530273,19.360000610351562,19.59000015258789,4.9173264503479,61789800
2018-08-13,PETR4,19.5,20.040000915527344,19.270000457763672,20.040000915527344,5.030282974243164,58306700
2018-08-14,PETR4,20.280000686645508,20.309999465942383,19.729999542236328,19.979999542236328,5.027766227722168,55180600
2018-08-15,PETR4,19.639999389648438,19.670000076293945,19.049999237060547,19.049999237060547,4.793741226196289,65651700
2018-08-16,PETR4,19.31999969482422,19.350000381469727,18.770000457763672,18.950000762939453,4.768576145172119,51201600
2018-08-17,PETR4,18.75,18.860000610351562,18.399999618530273,18.459999084472656,4.645272254943848,68328400
2018-08-20,PETR4,18.3700008392334,18.510000228881836,18.09000015258789,18.360000610351562,4.620110034942627,56315600
2018-08-21,PETR4,18.270000457763672,18.530000686645508,17.649999618530273,17.719999313354492,4.459059238433838,68735300
2018-08-22,PETR4,17.700000762939453,18.3799991607666,17.649999618530273,18.350000381469727,4.6175923347473145,56623700
2018-08-23,PETR4,18.350000381469727,18.520000457763672,17.8799991607666,17.950000762939453,4.516936779022217,56284100
2018-08-24,PETR4,18.350000381469727,18.440000534057617,18.049999237060547,18.299999237060547,4.605010509490967,37893000
2018-08-27,PETR4,18.40999984741211,18.760000228881836,18.299999237060547,18.709999084472656,4.708181858062744,35428000
2018-08-28,PETR4,18.760000228881836,18.850000381469727,18.34000015258789,18.350000381469727,4.6175923347473145,38079200
2018-08-29,PETR4,18.5,19.309999465942383,18.450000762939453,19.299999237060547,4.856649398803711,71434300
2018-08-30,PETR4,19.149999618530273,19.540000915527344,18.68000030517578,18.799999237060547,4.730830192565918,63981900
2018-08-31,PETR4,18.950000762939453,19.43000030517578,18.90999984741211,19.260000228881836,4.846585273742676,75767400
2018-09-03,PETR4,18.989999771118164,19.1299991607666,18.760000228881836,19.0,4.781157970428467,25401600
2018-09-04,PETR4,19.1299991607666,19.190000534057617,18.6200008392334,18.649999618530273,4.693084239959717,39759800
2018-09-05,PETR4,18.559999465942383,18.799999237060547,18.229999542236328,18.75,4.7182488441467285,53967300
2018-09-06,PETR4,18.989999771118164,19.020000457763672,18.479999542236328,18.989999771118164,4.7786431312561035,54304300
2018-09-10,PETR4,19.360000610351562,19.600000381469727,19.049999237060547,19.260000228881836,4.846585273742676,58578100
2018-09-11,PETR4,18.8700008392334,18.889999389648438,18.43000030517578,18.5,4.655339241027832,56495200
2018-09-12,PETR4,18.809999465942383,19.219999313354492,18.639999389648438,18.950000762939453,4.768576145172119,59695700
2018-09-13,PETR4,19.030000686645508,19.1299991607666,18.6200008392334,18.709999084472656,4.708181858062744,36808700
2018-09-14,PETR4,18.799999237060547,18.959999084472656,18.479999542236328,18.790000915527344,4.72831392288208,55756300
2018-09-17,PETR4,18.6299991607666,19.489999771118164,18.6299991607666,19.399999618530273,4.881814002990723,71289500
2018-09-18,PETR4,19.5,20.25,19.469999313354492,20.25,5.095708847045898,72959100
2018-09-19,PETR4,19.93000030517578,20.459999084472656,19.829999923706055,19.979999542236328,5.027766227722168,60563700
2018-09-20,PETR4,20.260000228881836,20.350000381469727,19.75,19.8700008392334,5.000086784362793,56206900
2018-09-21,PETR4,20.149999618530273,20.299999237060547,19.950000762939453,20.139999389648438,5.068027496337891,58517300
2018-09-24,PETR4,20.200000762939453,20.40999984741211,19.920000076293945,20.0,5.032797813415527,54332900
2018-09-25,PETR4,19.700000762939453,20.149999618530273,19.530000686645508,20.079999923706055,5.052929401397705,54462300
2018-09-26,PETR4,20.239999771118164,20.299999237060547,19.969999313354492,20.190000534057617,5.0806097984313965,60060800
2018-09-27,PETR4,20.5,21.459999084472656,20.469999313354492,21.459999084472656,5.4001922607421875,104177300
2018-09-28,PETR4,21.1299991607666,21.940000534057617,21.020000457763672,21.09000015258789,5.30708646774292,91254600
2018-10-01,PETR4,21.25,21.360000610351562,20.799999237060547,21.0,5.2844390869140625,56540400
2018-10-02,PETR4,22.0,22.81999969482422,21.899999618530273,22.81999969482422,5.7424235343933105,127231800
2018-10-03,PETR4,25.25,25.420000076293945,23.459999084472656,23.790000915527344,5.986515522003174,152189200
2018-10-04,PETR4,23.450000762939453,24.520000457763672,23.209999084472656,24.020000457763672,6.044390678405762,99743300
2018-10-05,PETR4,24.489999771118164,24.59000015258789,23.65999984741211,23.959999084472656,6.029292583465576,104693400
2018-10-08,PETR4,26.940000534057617,26.969999313354492,25.75,26.600000381469727,6.693622589111328,188109000
2018-10-09,PETR4,26.479999542236328,27.0,26.280000686645508,26.81999969482422,6.7489824295043945,90128800
2018-10-10,PETR4,26.309999465942383,26.389999389648438,25.649999618530273,26.049999237060547,6.55521821975708,82688000
2018-10-11,PETR4,26.549999237060547,26.75,25.059999465942383,25.290000915527344,6.363973140716553,119307500
2018-10-15,PETR4,25.899999618530273,26.1200008392334,25.549999237060547,25.770000457763672,6.484760761260986,92331900
2018-10-16,PETR4,26.200000762939453,26.729999542236328,26.09000015258789,26.729999542236328,6.726334095001221,74144800
2018-10-17,PETR4,26.440000534057617,26.6299991607666,26.260000228881836,26.450000762939453,6.6558732986450195,80990300
2018-10-18,PETR4,26.290000915527344,26.34000015258789,25.700000762939453,25.700000762939453,6.4671454429626465,56268900
2018-10-19,PETR4,26.290000915527344,26.34000015258789,25.700000762939453,25.920000076293945,6.5225067138671875,61858300
2018-10-22,PETR4,26.270000457763672,26.600000381469727,26.270000457763672,26.530000686645508,6.676008224487305,63678000
2018-10-23,PETR4,26.149999618530273,26.479999542236328,25.809999465942383,26.200000762939453,6.592966556549072,77457300
2018-10-24,PETR4,26.40999984741211,26.989999771118164,25.68000030517578,25.68000030517578,6.462112903594971,93377100
2018-10-25,PETR4,26.18000030517578,26.639999389648438,25.690000534057617,26.31999969482422,6.623162269592285,79732200
2018-10-26,PETR4,26.649999618530273,27.600000381469727,26.1200008392334,27.600000381469727,6.945262432098389,110184900
2018-10-29,PETR4,26.75,27.270000457763672,25.969999313354492,26.420000076293945,6.6483259201049805,160890100
2018-10-30,PETR4,26.700000762939453,28.0,26.420000076293945,28.0,7.04591703414917,107525500
2018-10-31,PETR4,28.260000228881836,28.329999923706055,27.299999237060547,27.6200008392334,6.950295448303223,84131500
2018-11-01,PETR4,27.760000228881836,28.020000457763672,27.110000610351562,27.31999969482422,6.874803066253662,98037100
2018-11-05,PETR4,27.5,28.15999984741211,27.40999984741211,28.15999984741211,7.086181163787842,60389900
2018-11-06,PETR4,27.299999237060547,28.299999237060547,26.989999771118164,27.190000534057617,6.8420891761779785,95344400
2018-11-07,PETR4,27.610000610351562,27.649999618530273,26.260000228881836,26.299999237060547,6.618130207061768,95817100
2018-11-08,PETR4,26.799999237060547,27.030000686645508,25.350000381469727,25.350000381469727,6.379073619842529,119096300
2018-11-09,PETR4,25.200000762939453,25.719999313354492,24.68000030517578,25.459999084472656,6.4067511558532715,94206400
2018-11-12,PETR4,25.540000915527344,25.920000076293945,25.290000915527344,25.329999923706055,6.37403678894043,63162600
2018-11-13,PETR4,25.31999969482422,25.31999969482422,23.950000762939453,24.239999771118164,6.099750995635986,112776300
2018-11-14,PETR4,24.239999771118164,25.190000534057617,23.90999984741211,25.100000381469727,6.316162586212158,104423900
2018-11-16,PETR4,25.389999389648438,26.040000915527344,25.170000076293945,25.799999237060547,6.4923095703125,100628900
2018-11-19,PETR4,25.559999465942383,26.290000915527344,25.43000030517578,26.0,6.542637348175049,79946400
2018-11-21,PETR4,25.100000381469727,25.479999542236328,25.010000228881836,25.170000076293945,6.333775043487549,77228100
2018-11-22,PETR4,25.280000686645508,25.360000610351562,25.06999969482422,25.149999618530273,6.353987693786621,31253600
2018-11-23,PETR4,24.649999618530273,24.799999237060547,24.010000228881836,24.3700008392334,6.156925201416016,77961200
2018-11-26,PETR4,24.799999237060547,24.989999771118164,24.049999237060547,24.25,6.126608848571777,62111600
2018-11-27,PETR4,24.3700008392334,25.700000762939453,24.270000457763672,25.530000686645508,6.449993133544922,90759000
2018-11-28,PETR4,25.5,25.8700008392334,25.049999237060547,25.3799991607666,6.412096977233887,92811300
2018-11-29,PETR4,24.959999084472656,25.5,24.8799991607666,25.170000076293945,6.3590407371521,65584300
2018-11-30,PETR4,25.110000610351562,25.559999465942383,25.06999969482422,25.459999084472656,6.432308673858643,90874500
2018-12-03,PETR4,26.299999237060547,26.530000686645508,25.799999237060547,25.940000534057617,6.553577899932861,90530000
2018-12-04,PETR4,26.25,26.329999923706055,25.34000015258789,25.34000015258789,6.4019904136657715,66867500
2018-12-05,PETR4,25.469999313354492,25.719999313354492,24.950000762939453,25.559999465942383,6.457571983337402,54183300
2018-12-06,PETR4,24.989999771118164,25.1200008392334,24.309999465942383,24.59000015258789,6.212507247924805,99037200
2018-12-07,PETR4,24.520000457763672,25.469999313354492,24.450000762939453,24.770000457763672,6.257983207702637,87994700
2018-12-10,PETR4,24.770000457763672,24.899999618530273,23.440000534057617,23.440000534057617,5.921967029571533,73871100
2018-12-11,PETR4,23.920000076293945,24.06999969482422,23.06999969482422,23.290000915527344,5.8840718269348145,64017600
2018-12-12,PETR4,23.739999771118164,23.899999618530273,23.200000762939453,23.299999237060547,5.886598110198975,63296400
2018-12-13,PETR4,23.290000915527344,23.450000762939453,22.959999084472656,23.360000610351562,5.901755332946777,61946100
2018-12-14,PETR4,23.079999923706055,23.329999923706055,22.959999084472656,23.049999237060547,5.823436260223389,45231700
2018-12-17,PETR4,23.219999313354492,23.270000457763672,22.799999237060547,22.8700008392334,5.777962684631348,53832000
2018-12-18,PETR4,22.780000686645508,22.799999237060547,22.0,22.0,5.558160305023193,74740000
2018-12-19,PETR4,22.5,23.049999237060547,22.059999465942383,22.25,5.621321678161621,171157500
2018-12-20,PETR4,22.309999465942383,22.31999969482422,21.350000381469727,21.489999771118164,5.4293131828308105,141767000
2018-12-21,PETR4,21.399999618530273,21.979999542236328,21.25,21.549999237060547,5.44447135925293,90384300
2018-12-26,PETR4,20.59000015258789,21.68000030517578,20.420000076293945,21.68000030517578,5.665706634521484,77104200
2018-12-27,PETR4,21.520000457763672,21.979999542236328,21.280000686645508,21.670000076293945,5.663094520568848,74083700
2018-12-28,PETR4,22.110000610351562,22.829999923706055,22.079999923706055,22.68000030517578,5.927039623260498,61634700
2019-01-02,PETR4,22.549999237060547,24.200000762939453,22.280000686645508,24.059999465942383,6.287678241729736,104534800
2019-01-03,PETR4,23.959999084472656,24.81999969482422,23.799999237060547,24.649999618530273,6.441865921020508,95206400
2019-01-04,PETR4,24.850000381469727,24.940000534057617,24.469999313354492,24.719999313354492,6.460159778594971,72119800
2019-01-07,PETR4,24.850000381469727,25.920000076293945,24.700000762939453,25.110000610351562,6.56207799911499,121711900
2019-01-08,PETR4,25.399999618530273,25.420000076293945,24.770000457763672,24.959999084472656,6.522878170013428,68761800
2019-01-09,PETR4,25.299999237060547,25.5,25.149999618530273,25.479999542236328,6.658773899078369,70177600
2019-01-10,PETR4,25.260000228881836,25.40999984741211,25.06999969482422,25.260000228881836,6.601278781890869,54763700
2019-01-11,PETR4,25.149999618530273,25.190000534057617,24.84000015258789,24.989999771118164,6.530720233917236,53980700
2019-01-14,PETR4,24.81999969482422,25.09000015258789,24.65999984741211,24.850000381469727,6.494132995605469,46577300
2019-01-15,PETR4,24.829999923706055,25.1200008392334,24.700000762939453,24.829999923706055,6.48890495300293,53731500
2019-01-16,PETR4,24.799999237060547,24.899999618530273,24.65999984741211,24.81999969482422,6.48629093170166,40425000
2019-01-17,PETR4,24.75,25.299999237060547,24.68000030517578,25.15999984741211,6.575144290924072,50359400
2019-01-18,PETR4,25.440000534057617,25.559999465942383,25.280000686645508,25.399999618530273,6.637866020202637,67021300
2019-01-21,PETR4,25.309999465942383,25.530000686645508,25.100000381469727,25.530000686645508,6.671838760375977,45336500
2019-01-22,PETR4,25.260000228881836,25.5,25.020000457763672,25.1299991607666,6.567304611206055,61307000
2019-01-23,PETR4,25.329999923706055,25.540000915527344,25.15999984741211,25.43000030517578,6.6457061767578125,52931600
2019-01-24,PETR4,25.399999618530273,25.540000915527344,25.31999969482422,25.540000915527344,6.674454689025879,40109000
2019-01-28,PETR4,25.290000915527344,25.530000686645508,24.739999771118164,24.770000457763672,6.4732255935668945,65079900
2019-01-29,PETR4,25.25,25.559999465942383,25.110000610351562,25.3700008392334,6.630026817321777,59419200
2019-01-30,PETR4,25.809999465942383,25.93000030517578,25.469999313354492,25.6200008392334,6.695361614227295,62607500
2019-01-31,PETR4,25.8700008392334,25.959999084472656,25.559999465942383,25.579999923706055,6.684905529022217,63253600
2019-02-01,PETR4,25.5,25.850000381469727,25.3700008392334,25.799999237060547,6.742398738861084,47957400
2019-02-04,PETR4,25.84000015258789,26.1200008392334,25.600000381469727,26.030000686645508,6.802504539489746,53874900
2019-02-05,PETR4,25.90999984741211,26.100000381469727,25.809999465942383,26.079999923706055,6.815573215484619,40989100
2019-02-06,PETR4,25.799999237060547,25.84000015258789,25.31999969482422,25.489999771118164,6.661386013031006,64527000
2019-02-07,PETR4,25.600000381469727,25.850000381469727,24.65999984741211,25.09000015258789,6.556854248046875,55614100
2019-02-08,PETR4,24.799999237060547,25.280000686645508,24.729999542236328,25.1299991607666,6.567304611206055,40153900
2019-02-11,PETR4,25.170000076293945,25.170000076293945,24.540000915527344,24.84000015258789,6.491519927978516,39617300
2019-02-12,PETR4,25.31999969482422,25.850000381469727,25.229999542236328,25.719999313354492,6.72149133682251,72467200
2019-02-13,PETR4,26.020000457763672,26.209999084472656,25.850000381469727,26.049999237060547,6.807731628417969,69042200
2019-02-14,PETR4,26.170000076293945,26.950000762939453,26.0,26.950000762939453,7.042933940887451,81125500
2019-02-15,PETR4,26.860000610351562,27.020000457763672,26.709999084472656,26.84000015258789,7.014185428619385,63841800
2019-02-18,PETR4,26.59000015258789,26.790000915527344,26.40999984741211,26.760000228881836,6.993280410766602,43379000
2019-02-19,PETR4,26.860000610351562,27.399999618530273,26.84000015258789,27.3799991607666,7.155305862426758,58041900
2019-02-20,PETR4,27.5,27.65999984741211,26.8700008392334,27.040000915527344,7.066452503204346,55114500
2019-02-21,PETR4,27.18000030517578,27.489999771118164,26.81999969482422,27.399999618530273,7.1605329513549805,46559400
2019-02-22,PETR4,27.549999237060547,27.700000762939453,27.1299991607666,27.1299991607666,7.089972019195557,36602000
2019-02-25,PETR4,27.0,27.030000686645508,26.6299991607666,26.700000762939453,6.977601051330566,54190800
2019-02-26,PETR4,26.760000228881836,27.139999389648438,26.56999969482422,26.579999923706055,6.946239471435547,46504200
2019-02-27,PETR4,26.84000015258789,27.25,26.6299991607666,27.079999923706055,7.076906681060791,49131400
2019-02-28,PETR4,27.719999313354492,27.75,26.600000381469727,27.059999465942383,7.071680068969727,93065100
2019-03-01,PETR4,27.139999389648438,27.25,26.6299991607666,26.700000762939453,6.977601051330566,41978700
2019-03-06,PETR4,26.549999237060547,26.760000228881836,26.469999313354492,26.760000228881836,6.993280410766602,18423400
2019-03-07,PETR4,26.799999237060547,26.90999984741211,26.489999771118164,26.770000457763672,6.995891571044922,32835300
2019-03-08,PETR4,26.489999771118164,26.75,26.219999313354492,26.670000076293945,6.969760417938232,49564400
2019-03-11,PETR4,27.020000457763672,27.780000686645508,27.010000228881836,27.75,7.2519989013671875,66742800
2019-03-12,PETR4,27.790000915527344,27.959999084472656,27.25,27.5,7.186666011810303,64287300
2019-03-13,PETR4,27.59000015258789,28.1299991607666,27.520000457763672,28.100000381469727,7.343463897705078,61057200
2019-03-14,PETR4,28.149999618530273,28.200000762939453,27.90999984741211,28.190000534057617,7.366986274719238,42777800
2019-03-15,PETR4,28.15999984741211,28.389999389648438,28.110000610351562,28.25,7.382665157318115,61041100
2019-03-18,PETR4,28.350000381469727,28.790000915527344,28.260000228881836,28.739999771118164,7.510720729827881,91920600
2019-03-19,PETR4,28.850000381469727,29.5,28.600000381469727,29.200000762939453,7.63093376159668,69423600
2019-03-20,PETR4,29.200000762939453,29.600000381469727,28.899999618530273,28.969999313354492,7.570827007293701,68878000
2019-03-21,PETR4,28.84000015258789,28.969999313354492,27.920000076293945,28.559999465942383,7.463679313659668,80121300
2019-03-22,PETR4,27.940000534057617,28.139999389648438,27.0,27.0,7.0559983253479,104731100
2019-03-25,PETR4,26.829999923706055,27.59000015258789,26.81999969482422,27.34000015258789,7.144852638244629,104772900
2019-03-26,PETR4,27.739999771118164,28.68000030517578,27.719999313354492,28.6299991607666,7.481969356536865,91549100
2019-03-27,PETR4,28.209999084472656,28.209999084472656,27.34000015258789,27.34000015258789,7.144852638244629,66415400
2019-03-28,PETR4,27.25,28.059999465942383,26.950000762939453,28.059999465942383,7.333011627197266,69412700
2019-03-29,PETR4,28.450000762939453,28.530000686645508,27.739999771118164,28.059999465942383,7.333011627197266,51587400
2019-04-01,PETR4,28.399999618530273,28.420000076293945,27.8700008392334,28.0,7.3173322677612305,42289800
2019-04-02,PETR4,28.139999389648438,28.299999237060547,27.860000610351562,28.290000915527344,7.393121242523193,38460600
2019-04-03,PETR4,28.530000686645508,28.559999465942383,27.540000915527344,27.540000915527344,7.197119235992432,55120900
2019-04-04,PETR4,27.770000457763672,28.469999313354492,27.3700008392334,28.469999313354492,7.440157890319824,52248100
2019-04-05,PETR4,28.540000915527344,28.889999389648438,28.209999084472656,28.780000686645508,7.521172523498535,54708900
2019-04-08,PETR4,29.059999465942383,29.389999389648438,28.979999542236328,29.25,7.64400053024292,55270000
2019-04-09,PETR4,29.030000686645508,29.239999771118164,28.670000076293945,29.15999984741211,7.620479583740234,43863700
2019-04-10,PETR4,29.549999237060547,29.56999969482422,28.780000686645508,28.780000686645508,7.521172523498535,62005200
2019-04-11,PETR4,28.700000762939453,28.700000762939453,27.8700008392334,28.0,7.3173322677612305,56126400
2019-04-12,PETR4,26.469999313354492,26.969999313354492,25.56999969482422,25.829999923706055,6.75023889541626,227307600
2019-04-15,PETR4,26.350000381469727,26.579999923706055,25.549999237060547,25.93000030517578,6.776374340057373,117567200
2019-04-16,PETR4,25.950000762939453,27.059999465942383,25.6299991607666,26.719999313354492,6.98282527923584,95149300
2019-04-17,PETR4,27.1200008392334,27.34000015258789,26.219999313354492,26.75,6.990663528442383,103988400
2019-04-18,PETR4,27.360000610351562,27.889999389648438,27.25,27.600000381469727,7.212798118591309,100942100
2019-04-22,PETR4,27.690000534057617,27.889999389648438,27.31999969482422,27.440000534057617,7.170984745025635,45321900
2019-04-23,PETR4,27.719999313354492,28.0,27.68000030517578,27.68000030517578,7.233705997467041,52199500
2019-04-24,PETR4,27.719999313354492,27.889999389648438,27.209999084472656,27.600000381469727,7.212798118591309,57704700
2019-04-25,PETR4,27.450000762939453,28.06999969482422,27.43000030517578,27.799999237060547,7.265066623687744,55201700
2019-04-26,PETR4,27.68000030517578,27.770000457763672,27.059999465942383,27.25,7.1263298988342285,52616600
2019-04-29,PETR4,27.549999237060547,27.6200008392334,27.34000015258789,27.3700008392334,7.157712936401367,27689800
2019-04-30,PETR4,27.520000457763672,27.65999984741211,26.979999542236328,27.110000610351562,7.089716911315918,39570700
2019-05-02,PETR4,26.799999237060547,26.81999969482422,26.520000457763672,26.729999542236328,6.990340232849121,37820300
2019-05-03,PETR4,26.899999618530273,27.06999969482422,26.850000381469727,26.850000381469727,7.021724700927734,33334800
2019-05-06,PETR4,26.389999389648438,26.770000457763672,26.360000610351562,26.770000457763672,7.000803470611572,31715900
2019-05-07,PETR4,26.649999618530273,26.65999984741211,26.1200008392334,26.350000381469727,6.890964984893799,52454400
2019-05-08,PETR4,26.309999465942383,27.469999313354492,26.290000915527344,27.3700008392334,7.157712936401367,71780300
2019-05-09,PETR4,27.100000381469727,27.1200008392334,26.639999389648438,26.829999923706055,7.01649284362793,46663300
2019-05-10,PETR4,26.8700008392334,26.920000076293945,26.420000076293945,26.68000030517578,6.977266788482666,33336000
2019-05-13,PETR4,26.209999084472656,26.469999313354492,25.81999969482422,25.899999618530273,6.773280620574951,43146100
2019-05-14,PETR4,26.170000076293945,26.229999542236328,25.850000381469727,26.0,6.79943323135376,34968600
2019-05-15,PETR4,25.739999771118164,25.889999389648438,25.65999984741211,25.8799991607666,6.768051624298096,37053900
2019-05-16,PETR4,25.770000457763672,26.040000915527344,25.239999771118164,25.270000457763672,6.608527183532715,46502200
2019-05-17,PETR4,25.049999237060547,25.420000076293945,24.469999313354492,24.68000030517578,6.454230785369873,67291200
2019-05-20,PETR4,24.68000030517578,25.520000457763672,24.639999389648438,25.520000457763672,6.673906326293945,54472000
2019-05-21,PETR4,25.700000762939453,26.489999771118164,25.420000076293945,26.489999771118164,6.927577495574951,57846700
2019-05-22,PETR4,26.34000015258789,26.469999313354492,25.959999084472656,26.290000915527344,6.901326656341553,48439300
2019-05-23,PETR4,25.899999618530273,25.920000076293945,25.520000457763672,25.84000015258789,6.783199310302734,49527400
2019-05-24,PETR4,26.149999618530273,26.360000610351562,25.93000030517578,26.09000015258789,6.848824977874756,35915100
2019-05-27,PETR4,26.299999237060547,26.540000915527344,26.170000076293945,26.239999771118164,6.888200283050537,33892000
2019-05-28,PETR4,26.1299991607666,26.799999237060547,26.1299991607666,26.799999237060547,7.035204887390137,60774600
2019-05-29,PETR4,26.489999771118164,26.709999084472656,26.260000228881836,26.5,6.956453323364258,43124400
2019-05-30,PETR4,26.510000228881836,26.860000610351562,25.989999771118164,26.149999618530273,6.86457633972168,71847200
2019-05-31,PETR4,25.790000915527344,26.270000457763672,25.420000076293945,25.549999237060547,6.707069396972656,63137200
2019-06-03,PETR4,25.8799991607666,26.31999969482422,25.850000381469727,25.989999771118164,6.822573661804199,53470600
2019-06-04,PETR4,26.290000915527344,26.3700008392334,26.030000686645508,26.200000762939453,6.877702236175537,37331100
2019-06-05,PETR4,26.18000030517578,26.290000915527344,25.559999465942383,25.860000610351562,6.788447856903076,65282100
2019-06-06,PETR4,26.170000076293945,26.6299991607666,25.719999313354492,26.280000686645508,6.898701190948486,87836900
2019-06-07,PETR4,26.690000534057617,26.829999923706055,26.3700008392334,26.760000228881836,7.0247039794921875,52235500
2019-06-10,PETR4,26.600000381469727,26.889999389648438,26.520000457763672,26.649999618530273,6.995829105377197,39666800
2019-06-11,PETR4,26.889999389648438,27.290000915527344,26.709999084472656,27.15999984741211,7.129709243774414,52437000
2019-06-12,PETR4,27.020000457763672,27.1200008392334,26.639999389648438,26.850000381469727,7.048331260681152,43392200
2019-06-13,PETR4,27.149999618530273,27.389999389648438,27.079999923706055,27.18000030517578,7.134958267211914,48981600
2019-06-14,PETR4,27.200000762939453,27.25,26.899999618530273,27.059999465942383,7.103457927703857,42802400
2019-06-17,PETR4,27.079999923706055,27.43000030517578,26.959999084472656,27.110000610351562,7.116581439971924,49290000
2019-06-18,PETR4,27.299999237060547,27.520000457763672,27.25,27.450000762939453,7.205836772918701,31332800
2019-06-19,PETR4,27.350000381469727,27.59000015258789,27.219999313354492,27.520000457763672,7.224210739135742,33286300
2019-06-21,PETR4,27.950000762939453,28.389999389648438,27.950000762939453,28.280000686645508,7.423717021942139,58424700
2019-06-24,PETR4,28.31999969482422,28.3799991607666,28.1200008392334,28.25,7.4158406257629395,27365000
2019-06-25,PETR4,28.139999389648438,28.15999984741211,27.3799991607666,27.510000228881836,7.221585750579834,56472100
2019-06-26,PETR4,27.549999237060547,27.93000030517578,27.520000457763672,27.670000076293945,7.263586044311523,48901500
2019-06-27,PETR4,27.440000534057617,27.549999237060547,27.010000228881836,27.229999542236328,7.14808464050293,55219200
2019-06-28,PETR4,27.450000762939453,27.610000610351562,27.110000610351562,27.40999984741211,7.195333957672119,40262000
2019-07-01,PETR4,27.84000015258789,28.030000686645508,27.209999084472656,27.260000228881836,7.155957221984863,46759100
2019-07-02,PETR4,27.260000228881836,27.260000228881836,26.649999618530273,26.81999969482422,7.040454864501953,57954200
2019-07-03,PETR4,27.040000915527344,27.200000762939453,26.889999389648438,27.18000030517578,7.134958267211914,29291800
2019-07-04,PETR4,27.3799991607666,27.579999923706055,27.31999969482422,27.389999389648438,7.190083980560303,28577400
2019-07-05,PETR4,27.270000457763672,27.59000015258789,27.1299991607666,27.399999618530273,7.192709922790527,27414700
2019-07-08,PETR4,27.5,27.719999313354492,27.440000534057617,27.649999618530273,7.258335113525391,25318200
2019-07-10,PETR4,28.0,28.270000457763672,27.969999313354492,28.06999969482422,7.368589401245117,50715800
2019-07-11,PETR4,28.200000762939453,28.510000228881836,28.15999984741211,28.399999618530273,7.4552178382873535,48206900
2019-07-12,PETR4,28.540000915527344,28.739999771118164,28.40999984741211,28.530000686645508,7.489344596862793,40908900
2019-07-15,PETR4,28.59000015258789,28.649999618530273,28.18000030517578,28.18000030517578,7.397467136383057,36592400
2019-07-16,PETR4,28.280000686645508,28.329999923706055,27.600000381469727,27.829999923706055,7.305589199066162,54789300
2019-07-17,PETR4,27.989999771118164,28.0,27.639999389648438,27.68000030517578,7.266211032867432,28923500
2019-07-18,PETR4,27.760000228881836,27.809999465942383,27.43000030517578,27.510000228881836,7.221585750579834,35830700
2019-07-19,PETR4,27.5,27.600000381469727,27.3700008392334,27.440000534057617,7.203210353851318,28418900
2019-07-22,PETR4,27.6200008392334,27.75,27.360000610351562,27.489999771118164,7.216333866119385,22304400
2019-07-23,PETR4,27.510000228881836,27.6299991607666,27.399999618530273,27.520000457763672,7.224210739135742,21124400
2019-07-24,PETR4,27.59000015258789,27.639999389648438,27.299999237060547,27.350000381469727,7.179583549499512,27939600
2019-07-25,PETR4,27.469999313354492,27.5,26.809999465942383,26.889999389648438,7.058830261230469,26892300
2019-07-26,PETR4,26.799999237060547,26.799999237060547,26.100000381469727,26.139999389648438,6.8619489669799805,75644000
2019-07-29,PETR4,26.219999313354492,26.440000534057617,25.959999084472656,26.3799991607666,6.924951553344727,26493300
2019-07-30,PETR4,26.350000381469727,26.489999771118164,26.18000030517578,26.239999771118164,6.888200283050537,38201600
2019-07-31,PETR4,26.389999389648438,26.5,26.020000457763672,26.079999923706055,6.846199989318848,39890200
2019-08-01,PETR4,26.299999237060547,26.559999465942383,25.15999984741211,26.25,6.890826225280762,91345800
2019-08-02,PETR4,26.3700008392334,26.889999389648438,26.280000686645508,26.520000457763672,6.961703777313232,64112900
2019-08-05,PETR4,25.799999237060547,26.1299991607666,25.520000457763672,25.549999237060547,6.707069396972656,48277000
2019-08-06,PETR4,25.899999618530273,26.219999313354492,25.68000030517578,25.8799991607666,6.793699264526367,44208100
2019-08-07,PETR4,25.440000534057617,25.729999542236328,25.0,25.600000381469727,6.720195770263672,67698500
2019-08-08,PETR4,26.100000381469727,26.350000381469727,25.860000610351562,26.350000381469727,6.91707706451416,50256700
2019-08-09,PETR4,26.299999237060547,26.690000534057617,26.100000381469727,26.280000686645508,6.898701190948486,36641500
2019-08-12,PETR4,25.920000076293945,25.920000076293945,25.540000915527344,25.649999618530273,6.733322620391846,36122000
2019-08-13,PETR4,25.360000610351562,26.1299991607666,25.229999542236328,25.790000915527344,6.823276519775391,45330500
2019-08-14,PETR4,25.260000228881836,25.3799991607666,24.780000686645508,24.920000076293945,6.5930986404418945,54401100
2019-08-15,PETR4,24.989999771118164,25.0,24.139999389648438,24.229999542236328,6.410545825958252,53894500
2019-08-16,PETR4,24.719999313354492,24.770000457763672,23.889999389648438,23.90999984741211,6.325882911682129,56782000
2019-08-19,PETR4,24.299999237060547,24.5,23.850000381469727,24.030000686645508,6.357631206512451,50699300
2019-08-20,PETR4,23.90999984741211,24.190000534057617,23.68000030517578,24.020000457763672,6.354985237121582,37141700
2019-08-21,PETR4,24.350000381469727,25.989999771118164,24.18000030517578,25.450000762939453,6.733322620391846,87840800
2019-08-22,PETR4,25.5,25.719999313354492,25.15999984741211,25.219999313354492,6.672471523284912,40808800
2019-08-23,PETR4,24.780000686645508,25.3700008392334,24.229999542236328,24.280000686645508,6.423774242401123,58032300
2019-08-26,PETR4,24.579999923706055,24.68000030517578,23.770000457763672,23.959999084472656,6.339110374450684,39688800
2019-08-27,PETR4,24.170000076293945,24.81999969482422,23.809999465942383,24.34000015258789,6.439647674560547,70475200
2019-08-28,PETR4,24.200000762939453,24.700000762939453,24.1200008392334,24.59000015258789,6.5057902336120605,41981500
2019-08-29,PETR4,24.899999618530273,25.5,24.68000030517578,25.5,6.746551036834717,61008800
2019-08-30,PETR4,25.530000686645508,25.690000534057617,25.170000076293945,25.5,6.746551036834717,54958200
2019-09-02,PETR4,25.389999389648438,25.579999923706055,25.25,25.299999237060547,6.693634033203125,19049900
2019-09-03,PETR4,25.110000610351562,25.65999984741211,25.030000686645508,25.600000381469727,6.773007869720459,47829600
2019-09-04,PETR4,26.15999984741211,26.3700008392334,26.0,26.260000228881836,6.9476213455200195,56179000
2019-09-05,PETR4,26.600000381469727,26.790000915527344,26.34000015258789,26.389999389648438,6.982017517089844,48586800
2019-09-06,PETR4,26.399999618530273,26.860000610351562,26.200000762939453,26.520000457763672,7.01641321182251,48502200
2019-09-09,PETR4,26.75,27.020000457763672,26.700000762939453,26.93000030517578,7.124885559082031,37303000
2019-09-10,PETR4,27.049999237060547,27.350000381469727,26.780000686645508,27.100000381469727,7.169864654541016,44109400
2019-09-11,PETR4,27.350000381469727,27.350000381469727,26.829999923706055,26.8700008392334,7.109012126922607,51540400
2019-09-12,PETR4,26.860000610351562,27.139999389648438,26.639999389648438,27.059999465942383,7.159279823303223,41028300
2019-09-13,PETR4,27.1200008392334,27.200000762939453,26.81999969482422,26.8799991607666,7.11165714263916,24709400
2019-09-16,PETR4,28.1200008392334,28.239999771118164,27.690000534057617,28.059999465942383,7.423850059509277,167634600
2019-09-17,PETR4,27.65999984741211,27.75,27.15999984741211,27.690000534057617,7.325958251953125,67414800
2019-09-18,PETR4,27.3700008392334,27.489999771118164,27.219999313354492,27.219999313354492,7.201610565185547,40567100
2019-09-19,PETR4,27.829999923706055,27.850000381469727,27.219999313354492,27.290000915527344,7.2201313972473145,42155100
2019-09-20,PETR4,27.350000381469727,27.43000030517578,27.0,27.0,7.143405437469482,51946900
2019-09-23,PETR4,27.0,27.489999771118164,26.920000076293945,27.479999542236328,7.270398139953613,32643100
2019-09-24,PETR4,27.420000076293945,27.540000915527344,27.149999618530273,27.270000457763672,7.21483850479126,36643400
2019-09-25,PETR4,27.030000686645508,27.350000381469727,26.780000686645508,27.34000015258789,7.23336124420166,29038400
2019-09-26,PETR4,27.399999618530273,27.700000762939453,27.229999542236328,27.700000762939453,7.328606128692627,33705900
2019-09-27,PETR4,27.549999237060547,27.950000762939453,27.520000457763672,27.65999984741211,7.318020820617676,31886800
2019-09-30,PETR4,27.559999465942383,27.639999389648438,27.399999618530273,27.549999237060547,7.288919448852539,23143400
2019-10-01,PETR4,27.600000381469727,27.729999542236328,27.360000610351562,27.510000228881836,7.278336524963379,32423200
2019-10-02,PETR4,27.219999313354492,27.260000228881836,26.610000610351562,26.719999313354492,7.069326877593994,51261200
2019-10-03,PETR4,26.75,26.809999465942383,26.280000686645508,26.739999771118164,7.074617862701416,46076300
2019-10-04,PETR4,26.850000381469727,26.920000076293945,26.270000457763672,26.510000228881836,7.013766288757324,47951600
2019-10-07,PETR4,26.3700008392334,26.600000381469727,26.100000381469727,26.170000076293945,6.9238128662109375,26252500
2019-10-08,PETR4,26.170000076293945,26.440000534057617,25.950000762939453,26.020000457763672,6.884126663208008,30418900
2019-10-09,PETR4,26.350000381469727,26.709999084472656,26.149999618530273,26.520000457763672,7.01641321182251,35141400
2019-10-10,PETR4,26.59000015258789,26.8799991607666,26.540000915527344,26.739999771118164,7.074617862701416,31056500
2019-10-11,PETR4,26.93000030517578,27.360000610351562,26.93000030517578,27.260000228881836,7.212194442749023,37055300
2019-10-14,PETR4,27.040000915527344,27.329999923706055,26.940000534057617,27.309999465942383,7.22542142868042,20809900
2019-10-15,PETR4,27.309999465942383,27.8799991607666,27.309999465942383,27.600000381469727,7.302149772644043,30455300
2019-10-16,PETR4,27.549999237060547,27.969999313354492,27.360000610351562,27.93000030517578,7.3894572257995605,31381300
2019-10-17,PETR4,27.93000030517578,28.0,27.59000015258789,27.65999984741211,7.318020820617676,31405400
2019-10-18,PETR4,27.889999389648438,27.989999771118164,27.600000381469727,27.600000381469727,7.302149772644043,36070900
2019-10-21,PETR4,27.75,27.809999465942383,27.600000381469727,27.770000457763672,7.347125053405762,43337700
2019-10-22,PETR4,27.799999237060547,28.68000030517578,27.770000457763672,28.56999969482422,7.558780670166016,64228700
2019-10-23,PETR4,28.530000686645508,29.079999923706055,28.450000762939453,28.950000762939453,7.659318447113037,45930600
2019-10-24,PETR4,29.149999618530273,29.25,28.229999542236328,28.31999969482422,7.492640018463135,60529900
2019-10-25,PETR4,29.200000762939453,29.549999237060547,29.010000228881836,29.25,7.7386908531188965,74476900
2019-10-28,PETR4,29.219999313354492,29.65999984741211,29.1200008392334,29.600000381469727,7.831289291381836,37461800
2019-10-29,PETR4,29.399999618530273,29.940000534057617,29.260000228881836,29.81999969482422,7.889495849609375,49994200
2019-10-30,PETR4,29.770000457763672,30.09000015258789,29.469999313354492,30.079999923706055,7.95828104019165,63001200
2019-10-31,PETR4,29.860000610351562,30.459999084472656,29.639999389648438,30.389999389648438,8.040300369262695,67070400
2019-11-01,PETR4,30.59000015258789,31.229999542236328,29.84000015258789,30.43000030517578,8.050882339477539,101210200
2019-11-04,PETR4,30.889999389648438,31.219999313354492,29.959999084472656,30.360000610351562,8.032364845275879,81023400
2019-11-05,PETR4,30.40999984741211,30.600000381469727,29.579999923706055,29.649999618530273,7.844517230987549,92980900
2019-11-06,PETR4,30.049999237060547,30.700000762939453,28.100000381469727,29.709999084472656,7.8603925704956055,154003100
2019-11-07,PETR4,30.0,31.06999969482422,29.540000915527344,30.899999618530273,8.175232887268066,96329000
2019-11-08,PETR4,30.450000762939453,30.790000915527344,29.93000030517578,30.020000457763672,7.942408084869385,61567700
2019-11-11,PETR4,29.850000381469727,30.450000762939453,29.790000915527344,30.450000762939453,8.056173324584961,30570500
2019-11-12,PETR4,30.040000915527344,30.610000610351562,30.010000228881836,30.020000457763672,7.9951653480529785,41655600
2019-11-13,PETR4,29.950000762939453,30.1299991607666,29.610000610351562,29.899999618530273,7.963205337524414,41827700
2019-11-14,PETR4,29.8799991607666,30.100000381469727,29.270000457763672,29.299999237060547,7.803410530090332,44595200
2019-11-18,PETR4,29.700000762939453,29.850000381469727,29.06999969482422,29.079999923706055,7.74481725692749,54468100
2019-11-19,PETR4,29.25,29.489999771118164,28.729999542236328,28.780000686645508,7.664919853210449,33740200
2019-11-21,PETR4,28.93000030517578,29.850000381469727,28.8799991607666,29.850000381469727,7.94989013671875,53033100
2019-11-22,PETR4,29.760000228881836,30.34000015258789,29.559999465942383,29.979999542236328,7.984512805938721,34786000
2019-11-25,PETR4,29.920000076293945,30.100000381469727,29.6299991607666,29.729999542236328,7.917931079864502,29868400
2019-11-26,PETR4,29.6200008392334,29.729999542236328,29.100000381469727,29.190000534057617,7.77411413192749,54147800
2019-11-27,PETR4,29.350000381469727,29.649999618530273,29.139999389648438,29.329999923706055,7.811398983001709,33072500
2019-11-28,PETR4,29.31999969482422,29.540000915527344,28.809999465942383,29.530000686645508,7.86466646194458,46602800
2019-11-29,PETR4,29.489999771118164,29.559999465942383,29.010000228881836,29.149999618530273,7.763460636138916,37699000
2019-12-02,PETR4,29.399999618530273,29.5,29.06999969482422,29.06999969482422,7.742153167724609,31353600
2019-12-03,PETR4,29.170000076293945,29.190000534057617,28.729999542236328,28.979999542236328,7.718183517456055,29194000
2019-12-04,PETR4,29.260000228881836,29.65999984741211,29.110000610351562,29.65999984741211,7.899286270141602,44960000
2019-12-05,PETR4,29.639999389648438,30.389999389648438,29.520000457763672,30.049999237060547,8.003153800964355,50447000
2019-12-06,PETR4,30.149999618530273,30.59000015258789,30.1299991607666,30.350000381469727,8.083054542541504,44348600
2019-12-09,PETR4,30.299999237060547,30.479999542236328,30.1200008392334,30.209999084472656,8.045766830444336,34694100
2019-12-10,PETR4,30.100000381469727,30.440000534057617,29.899999618530273,30.440000534057617,8.10702133178711,27532700
2019-12-11,PETR4,30.510000228881836,30.709999084472656,30.260000228881836,30.399999618530273,8.096370697021484,38458300
2019-12-12,PETR4,30.639999389648438,31.049999237060547,30.479999542236328,30.969999313354492,8.248176574707031,47797800
2019-12-13,PETR4,30.889999389648438,30.969999313354492,29.8700008392334,29.979999542236328,7.984512805938721,105004400
2019-12-16,PETR4,30.049999237060547,30.170000076293945,29.40999984741211,29.40999984741211,7.832706451416016,68871000
2019-12-17,PETR4,29.639999389648438,29.899999618530273,29.43000030517578,29.850000381469727,7.94989013671875,40679900
2019-12-18,PETR4,29.75,30.56999969482422,29.700000762939453,30.540000915527344,8.133654594421387,64201600
2019-12-19,PETR4,30.450000762939453,30.75,30.420000076293945,30.610000610351562,8.152299880981445,39696000
2019-12-20,PETR4,30.600000381469727,30.600000381469727,30.020000457763672,30.260000228881836,8.05908489227295,93064900
2019-12-23,PETR4,30.190000534057617,30.5,30.030000686645508,30.5,8.123002052307129,21970200
2019-12-26,PETR4,30.59000015258789,30.93000030517578,30.5,30.90999984741211,8.232196807861328,24810500
2019-12-27,PETR4,30.690000534057617,30.920000076293945,30.290000915527344,30.520000457763672,8.240819931030273,24995100
2019-12-30,PETR4,30.549999237060547,30.709999084472656,30.149999618530273,30.18000030517578,8.149015426635742,22111600
2020-01-02,PETR4,30.510000228881836,30.700000762939453,30.309999465942383,30.700000762939453,8.289424896240234,37774500
2020-01-03,PETR4,30.8799991607666,31.239999771118164,30.450000762939453,30.450000762939453,8.221921920776367,71595600
2020-01-06,PETR4,30.43000030517578,30.940000534057617,29.950000762939453,30.809999465942383,8.319127082824707,81844000
2020-01-07,PETR4,30.81999969482422,30.8799991607666,30.469999313354492,30.690000534057617,8.286722183227539,32822000
2020-01-08,PETR4,30.690000534057617,30.770000457763672,30.239999771118164,30.5,8.235420227050781,48215600
2020-01-09,PETR4,30.469999313354492,30.6200008392334,30.25,30.399999618530273,8.208418846130371,36102700
2020-01-10,PETR4,30.389999389648438,30.440000534057617,30.1299991607666,30.270000457763672,8.173319816589355,25397500
2020-01-13,PETR4,30.350000381469727,30.43000030517578,30.209999084472656,30.329999923706055,8.189519882202148,30676800
2020-01-14,PETR4,30.229999542236328,30.270000457763672,29.770000457763672,30.0,8.10041618347168,39796500
2020-01-15,PETR4,29.899999618530273,29.93000030517578,29.540000915527344,29.549999237060547,7.978909015655518,34405700
2020-01-16,PETR4,29.600000381469727,29.700000762939453,29.329999923706055,29.520000457763672,7.9708075523376465,28997400
2020-01-17,PETR4,29.719999313354492,29.850000381469727,29.540000915527344,29.850000381469727,8.05991268157959,34908000
2020-01-20,PETR4,29.700000762939453,30.100000381469727,29.649999618530273,30.0,8.10041618347168,31241400
2020-01-21,PETR4,29.799999237060547,29.940000534057617,29.549999237060547,29.6200008392334,7.997808456420898,28577400
2020-01-22,PETR4,29.729999542236328,29.809999465942383,29.270000457763672,29.290000915527344,7.90870475769043,32491500
2020-01-23,PETR4,29.09000015258789,29.760000228881836,28.81999969482422,29.649999618530273,8.005908966064453,53752100
2020-01-24,PETR4,29.559999465942383,29.780000686645508,29.139999389648438,29.299999237060547,7.911405563354492,36898700
2020-01-27,PETR4,28.6299991607666,28.639999389648438,27.670000076293945,28.030000686645508,7.568487644195557,66105300
2020-01-28,PETR4,28.43000030517578,29.139999389648438,28.420000076293945,28.799999237060547,7.776400566101074,47259100
2020-01-29,PETR4,29.0,29.079999923706055,28.670000076293945,28.850000381469727,7.789897918701172,42297500
2020-01-30,PETR4,28.280000686645508,29.040000915527344,28.18000030517578,28.940000534057617,7.8142008781433105,44266800
2020-01-31,PETR4,28.6299991607666,28.84000015258789,28.309999465942383,28.450000762939453,7.681894779205322,55446700
2020-02-03,PETR4,28.520000457763672,28.729999542236328,28.15999984741211,28.18000030517578,7.608989238739014,39452800
2020-02-04,PETR4,28.649999618530273,29.040000915527344,28.559999465942383,28.6299991607666,7.730495452880859,57658400
2020-02-05,PETR4,29.049999237060547,29.219999313354492,28.389999389648438,28.389999389648438,7.665690898895264,67994500
2020-02-06,PETR4,28.700000762939453,29.510000228881836,28.1200008392334,29.18000030517578,7.879004955291748,126114000
2020-02-07,PETR4,29.0,29.350000381469727,28.729999542236328,28.93000030517578,7.8115010261535645,54514600
2020-02-10,PETR4,28.889999389648438,29.1299991607666,28.639999389648438,29.1299991607666,7.86550235748291,45328100
2020-02-11,PETR4,29.399999618530273,29.6299991607666,29.260000228881836,29.479999542236328,7.9600090980529785,37518200
2020-02-12,PETR4,29.639999389648438,30.280000686645508,29.6299991607666,30.1299991607666,8.135517120361328,64851000
2020-02-13,PETR4,29.770000457763672,30.209999084472656,29.639999389648438,29.719999313354492,8.024810791015625,55277100
2020-02-14,PETR4,29.860000610351562,29.959999084472656,29.34000015258789,29.420000076293945,7.94380521774292,30399900
2020-02-17,PETR4,29.6299991607666,29.770000457763672,29.309999465942383,29.360000610351562,7.927607536315918,38684900
2020-02-18,PETR4,29.059999465942383,29.770000457763672,28.950000762939453,29.75,8.03291130065918,33890900
2020-02-19,PETR4,29.8700008392334,30.549999237060547,29.760000228881836,30.549999237060547,8.248922348022461,44181800
2020-02-20,PETR4,30.799999237060547,30.889999389648438,29.75,29.920000076293945,8.078812599182129,73522900
2020-02-21,PETR4,29.510000228881836,29.68000030517578,29.030000686645508,29.139999389648438,7.868203163146973,47805100
2020-02-26,PETR4,27.040000915527344,27.389999389648438,26.030000686645508,26.209999084472656,7.077060222625732,89207100
2020-02-27,PETR4,25.719999313354492,26.530000686645508,24.889999389648438,25.299999237060547,6.831347942352295,100112100
2020-02-28,PETR4,25.15999984741211,25.559999465942383,24.6200008392334,25.34000015258789,6.842149257659912,89095300
2020-03-02,PETR4,25.5,26.75,25.479999542236328,26.530000686645508,7.163465976715088,71596400
2020-03-03,PETR4,26.56999969482422,27.479999542236328,25.760000228881836,26.049999237060547,7.033862113952637,86855700
2020-03-04,PETR4,26.90999984741211,26.940000534057617,26.239999771118164,26.889999389648438,7.260672092437744,42320500
2020-03-05,PETR4,26.329999923706055,26.670000076293945,24.709999084472656,25.290000915527344,6.828649520874023,69722300
2020-03-06,PETR4,24.100000381469727,24.1299991607666,22.549999237060547,22.829999923706055,6.1644158363342285,138597600
2020-03-09,PETR4,17.809999465942383,18.229999542236328,15.40999984741211,16.049999237060547,4.333721160888672,254813800
2020-03-10,PETR4,18.649999618530273,18.649999618530273,16.3700008392334,17.559999465942383,4.7414422035217285,170478000
2020-03-11,PETR4,16.700000762939453,17.1299991607666,15.0,15.850000381469727,4.279718399047852,132482400
2020-03-12,PETR4,13.65999984741211,13.859999656677246,11.079999923706055,12.600000381469727,3.402175188064575,151535900
2020-03-13,PETR4,15.100000381469727,15.399999618530273,12.699999809265137,15.399999618530273,4.158213138580322,174972600
2020-03-16,PETR4,12.90999984741211,14.100000381469727,12.550000190734863,13.09000015258789,3.5344810485839844,126432800
2020-03-17,PETR4,13.600000381469727,13.84000015258789,13.0,13.0,3.510179042816162,149228500
2020-03-18,PETR4,11.789999961853027,12.270000457763672,10.869999885559082,11.289999961853027,3.0484561920166016,162515200
2020-03-19,PETR4,11.069999694824219,13.069999694824219,10.850000381469727,12.210000038146973,3.2968685626983643,157065200
2020-03-20,PETR4,13.109999656677246,13.5,11.829999923706055,12.0,3.240166664123535,149029900
2020-03-23,PETR4,12.109999656677246,12.180000305175781,11.279999732971191,11.5,3.105158805847168,107092400
2020-03-24,PETR4,12.569999694824219,13.539999961853027,12.279999732971191,13.25,3.5776827335357666,114259200
2020-03-25,PETR4,13.239999771118164,14.789999961853027,12.829999923706055,14.319999694824219,3.8665969371795654,158286200
2020-03-26,PETR4,14.399999618530273,15.1899995803833,13.8100004196167,14.390000343322754,3.8854990005493164,130618400
2020-03-27,PETR4,13.300000190734863,13.6899995803833,13.25,13.300000190734863,3.5911831855773926,101405900
2020-03-30,PETR4,13.149999618530273,13.739999771118164,12.829999923706055,13.380000114440918,3.6127843856811523,110947200
2020-03-31,PETR4,13.600000381469727,14.539999961853027,13.600000381469727,13.989999771118164,3.7774932384490967,156116500
2020-04-01,PETR4,13.449999809265137,14.550000190734863,13.319999694824219,14.300000190734863,3.8611974716186523,114455000
2020-04-02,PETR4,15.399999618530273,16.549999237060547,15.010000228881836,15.510000228881836,4.18791389465332,234951200
2020-04-03,PETR4,16.299999237060547,16.360000610351562,14.930000305175781,15.34000015258789,4.142013072967529,142898700
2020-04-06,PETR4,16.049999237060547,16.100000381469727,15.180000305175781,15.770000457763672,4.258118629455566,123934200
2020-04-07,PETR4,16.610000610351562,17.06999969482422,16.34000015258789,16.399999618530273,4.428226947784424,140498900
2020-04-08,PETR4,16.5,17.530000686645508,16.399999618530273,17.31999969482422,4.676638603210449,116151600
2020-04-09,PETR4,17.940000534057617,18.690000534057617,16.5,16.81999969482422,4.541631698608398,185771300
2020-04-13,PETR4,16.81999969482422,17.09000015258789,16.329999923706055,16.93000030517578,4.5713348388671875,93724000
2020-04-14,PETR4,17.020000457763672,17.299999237060547,16.610000610351562,16.729999542236328,4.517330646514893,91017200
2020-04-15,PETR4,16.040000915527344,16.469999313354492,15.859999656677246,16.3799991607666,4.422825813293457,86749600
2020-04-16,PETR4,16.670000076293945,16.760000228881836,15.529999732971191,15.720000267028809,4.244617462158203,115633300
2020-04-17,PETR4,15.75,16.1299991607666,15.5600004196167,16.1299991607666,4.35532283782959,116733000
2020-04-20,PETR4,15.479999542236328,16.329999923706055,15.34000015258789,15.949999809265137,4.306719779968262,133739400
2020-04-22,PETR4,15.850000381469727,16.75,15.779999732971191,16.75,4.522731304168701,114967100
2020-04-23,PETR4,17.200000762939453,17.43000030517578,16.6200008392334,16.950000762939453,4.57673454284668,94759000
2020-04-24,PETR4,16.690000534057617,16.790000915527344,15.279999732971191,15.949999809265137,4.306719779968262,161188800
2020-04-27,PETR4,16.139999389648438,16.530000686645508,15.779999732971191,16.450000762939453,4.441727638244629,85944900
2020-04-28,PETR4,17.040000915527344,17.25,16.6299991607666,17.25,4.657738208770752,91613600
2020-04-29,PETR4,17.799999237060547,18.479999542236328,17.530000686645508,18.200000762939453,4.914252758026123,94528400
2020-04-30,PETR4,17.979999542236328,18.420000076293945,17.700000762939453,18.049999237060547,4.873749256134033,80263900
2020-05-04,PETR4,17.43000030517578,17.6200008392334,17.18000030517578,17.3799991607666,4.692840576171875,60268400
2020-05-05,PETR4,17.899999618530273,18.479999542236328,17.8700008392334,17.940000534057617,4.844048023223877,75043400
2020-05-06,PETR4,17.8700008392334,18.059999465942383,17.280000686645508,17.280000686645508,4.66583776473999,67937500
2020-05-07,PETR4,17.75,17.8700008392334,17.350000381469727,17.440000534057617,4.709041595458984,81265100
2020-05-08,PETR4,17.739999771118164,18.579999923706055,17.709999084472656,18.479999542236328,4.98985481262207,83232700
2020-05-11,PETR4,18.299999237060547,18.93000030517578,18.110000610351562,18.149999618530273,4.900750637054443,65061500
2020-05-12,PETR4,18.530000686645508,18.829999923706055,18.1299991607666,18.139999389648438,4.898050785064697,71837200
2020-05-13,PETR4,18.260000228881836,18.350000381469727,17.520000457763672,17.59000015258789,4.7495436668396,87222300
2020-05-14,PETR4,17.399999618530273,17.469999313354492,16.719999313354492,17.399999618530273,4.698239803314209,119653200
2020-05-15,PETR4,17.989999771118164,18.190000534057617,17.149999618530273,17.149999618530273,4.630736351013184,133733100
2020-05-18,PETR4,18.100000381469727,18.540000915527344,17.920000076293945,18.540000915527344,5.006056308746338,116999500
2020-05-19,PETR4,18.510000228881836,18.93000030517578,18.40999984741211,18.68000030517578,5.043859481811523,80131600
2020-05-20,PETR4,19.09000015258789,19.440000534057617,19.059999465942383,19.299999237060547,5.21126651763916,74595100
2020-05-21,PETR4,19.5,19.770000457763672,19.06999969482422,19.190000534057617,5.1815643310546875,81327000
2020-05-22,PETR4,18.799999237060547,18.899999618530273,18.350000381469727,18.670000076293945,5.0411577224731445,71259400
2020-05-25,PETR4,19.479999542236328,19.559999465942383,19.260000228881836,19.479999542236328,5.259869575500488,38033000
2020-05-26,PETR4,19.979999542236328,20.09000015258789,19.329999923706055,19.670000076293945,5.311171054840088,68716900
2020-05-27,PETR4,19.799999237060547,19.93000030517578,19.149999618530273,19.93000030517578,5.381375789642334,74790800
2020-05-28,PETR4,19.690000534057617,20.079999923706055,19.450000762939453,19.770000457763672,5.338172912597656,65023000
2020-05-29,PETR4,19.549999237060547,20.34000015258789,19.299999237060547,20.34000015258789,5.4920806884765625,128832600
2020-06-01,PETR4,20.149999618530273,20.559999465942383,20.0,20.329999923706055,5.489381790161133,86579500
2020-06-02,PETR4,20.75,21.399999618530273,20.600000381469727,21.399999618530273,5.778295516967773,77235100
2020-06-03,PETR4,21.860000610351562,21.90999984741211,21.40999984741211,21.469999313354492,5.7971978187561035,86219700
2020-06-04,PETR4,21.389999389648438,21.780000686645508,21.040000915527344,21.43000030517578,5.786396503448486,107401400
2020-06-05,PETR4,22.290000915527344,23.030000686645508,22.059999465942383,22.100000381469727,5.967306137084961,114137700
2020-06-08,PETR4,22.549999237060547,22.59000015258789,22.010000228881836,22.530000686645508,6.083412170410156,82444400
2020-06-09,PETR4,22.030000686645508,22.040000915527344,21.639999389648438,21.719999313354492,5.864699840545654,96488300
2020-06-10,PETR4,21.889999389648438,21.899999618530273,21.0,21.399999618530273,5.778295516967773,102551100
2020-06-12,PETR4,20.6200008392334,21.170000076293945,20.100000381469727,20.600000381469727,5.56228494644165,116746700
2020-06-15,PETR4,19.809999465942383,21.09000015258789,19.540000915527344,20.700000762939453,5.589285373687744,99931000
2020-06-16,PETR4,21.559999465942383,21.90999984741211,21.170000076293945,21.3700008392334,5.770195960998535,94510600
2020-06-17,PETR4,21.479999542236328,21.850000381469727,21.149999618530273,21.440000534057617,5.789095878601074,63268700
2020-06-18,PETR4,21.18000030517578,21.770000457763672,21.079999923706055,21.600000381469727,5.832298755645752,56893300
2020-06-19,PETR4,22.0,22.219999313354492,21.219999313354492,21.469999313354492,5.7971978187561035,91139800
2020-06-22,PETR4,21.600000381469727,21.600000381469727,20.899999618530273,20.950000762939453,5.656789302825928,45419000
2020-06-23,PETR4,21.219999313354492,22.06999969482422,21.139999389648438,21.649999618530273,5.845798969268799,78950900
2020-06-24,PETR4,21.489999771118164,21.559999465942383,20.709999084472656,21.0,5.670291423797607,65162400
2020-06-25,PETR4,20.90999984741211,21.469999313354492,20.729999542236328,21.469999313354492,5.7971978187561035,47263500
2020-06-26,PETR4,21.209999084472656,21.469999313354492,20.780000686645508,20.84000015258789,5.6270880699157715,55499300
2020-06-29,PETR4,21.100000381469727,21.65999984741211,20.93000030517578,21.65999984741211,5.8484978675842285,59809600
2020-06-30,PETR4,21.34000015258789,21.799999237060547,21.09000015258789,21.549999237060547,5.8187971115112305,65010600
2020-07-01,PETR4,21.75,22.25,21.520000457763672,21.709999084472656,5.862000465393066,78983900
2020-07-02,PETR4,22.100000381469727,22.209999084472656,21.860000610351562,22.059999465942383,5.956504821777344,56345900
2020-07-03,PETR4,21.950000762939453,22.18000030517578,21.799999237060547,21.979999542236328,5.934904098510742,24060000
2020-07-06,PETR4,22.389999389648438,22.860000610351562,22.309999465942383,22.510000228881836,6.078011512756348,58070900
2020-07-07,PETR4,22.34000015258789,22.469999313354492,22.139999389648438,22.229999542236328,6.002408027648926,46591300
2020-07-08,PETR4,22.450000762939453,22.760000228881836,22.399999618530273,22.649999618530273,6.115814208984375,49136300
2020-07-09,PETR4,22.780000686645508,22.809999465942383,22.059999465942383,22.139999389648438,5.9781060218811035,57151500
2020-07-10,PETR4,22.190000534057617,22.649999618530273,22.059999465942383,22.510000228881836,6.078011512756348,57428300
2020-07-13,PETR4,22.610000610351562,22.649999618530273,22.15999984741211,22.15999984741211,5.983504772186279,55425500
2020-07-14,PETR4,22.1299991607666,22.959999084472656,21.860000610351562,22.899999618530273,6.183318138122559,89380500
2020-07-15,PETR4,23.200000762939453,23.43000030517578,22.850000381469727,23.34000015258789,6.302121639251709,58390600
2020-07-16,PETR4,23.15999984741211,23.280000686645508,22.520000457763672,22.719999313354492,6.134714603424072,69698700
2020-07-17,PETR4,22.829999923706055,23.030000686645508,22.579999923706055,22.739999771118164,6.1401143074035645,49927600
2020-07-20,PETR4,22.700000762939453,22.90999984741211,22.520000457763672,22.739999771118164,6.1401143074035645,48679800
2020-07-21,PETR4,23.149999618530273,23.600000381469727,23.139999389648438,23.3700008392334,6.31022310256958,101769600
2020-07-22,PETR4,23.299999237060547,23.40999984741211,23.010000228881836,23.049999237060547,6.223816871643066,43085500
2020-07-23,PETR4,23.15999984741211,23.229999542236328,22.540000915527344,22.56999969482422,6.094332695007324,64072100
2020-07-24,PETR4,22.540000915527344,23.059999465942383,22.420000076293945,22.729999542236328,6.137537479400635,43380300
2020-07-27,PETR4,22.8700008392334,23.25,22.450000762939453,23.200000762939453,6.264445781707764,56539600
2020-07-28,PETR4,23.040000915527344,23.31999969482422,22.799999237060547,22.799999237060547,6.156437397003174,48353000
2020-07-29,PETR4,23.030000686645508,23.25,22.920000076293945,23.170000076293945,6.256346225738525,44011500
2020-07-30,PETR4,22.920000076293945,22.920000076293945,22.5,22.81999969482422,6.161839485168457,57859000
2020-07-31,PETR4,22.920000076293945,23.139999389648438,22.15999984741211,22.200000762939453,5.99442720413208,75397300
2020-08-03,PETR4,22.540000915527344,22.549999237060547,21.719999313354492,21.799999237060547,5.886419296264648,63598500
2020-08-04,PETR4,21.459999084472656,22.049999237060547,21.25,21.780000686645508,5.881018161773682,63011900
2020-08-05,PETR4,22.229999542236328,23.280000686645508,22.229999542236328,23.18000030517578,6.25904655456543,137214700
2020-08-06,PETR4,23.280000686645508,23.530000686645508,23.010000228881836,23.219999313354492,6.2698469161987305,56375100
2020-08-07,PETR4,22.860000610351562,22.90999984741211,22.549999237060547,22.790000915527344,6.153738021850586,56040200
2020-08-10,PETR4,22.899999618530273,23.450000762939453,22.639999389648438,23.450000762939453,6.331950664520264,52390100
2020-08-11,PETR4,23.709999084472656,23.8799991607666,23.059999465942383,23.079999923706055,6.2320427894592285,66342300
2020-08-12,PETR4,23.360000610351562,23.68000030517578,23.079999923706055,23.479999542236328,6.340051651000977,67008500
2020-08-13,PETR4,23.450000762939453,23.579999923706055,22.709999084472656,22.84000015258789,6.167240142822266,44588200
2020-08-14,PETR4,22.770000457763672,22.979999542236328,22.530000686645508,22.670000076293945,6.121335983276367,38422000
2020-08-17,PETR4,22.68000030517578,22.84000015258789,22.149999618530273,22.600000381469727,6.102434158325195,52064300
2020-08-18,PETR4,22.93000030517578,23.239999771118164,22.770000457763672,23.020000457763672,6.215841293334961,49361300
2020-08-19,PETR4,22.950000762939453,23.31999969482422,22.75,22.889999389648438,6.180740833282471,51982100
2020-08-20,PETR4,22.520000457763672,22.8700008392334,22.350000381469727,22.729999542236328,6.137537479400635,55251700
2020-08-21,PETR4,22.540000915527344,22.6299991607666,22.350000381469727,22.559999465942383,6.091634750366211,38668300
2020-08-24,PETR4,22.860000610351562,23.1299991607666,22.799999237060547,22.969999313354492,6.202341556549072,51841900
2020-08-25,PETR4,23.09000015258789,23.149999618530273,22.690000534057617,22.8700008392334,6.1753411293029785,37981400
2020-08-26,PETR4,22.780000686645508,22.899999618530273,22.040000915527344,22.219999313354492,5.999826908111572,69925300
2020-08-27,PETR4,22.31999969482422,22.469999313354492,22.040000915527344,22.149999618530273,5.980926513671875,35489800
2020-08-28,PETR4,22.25,22.540000915527344,22.059999465942383,22.540000915527344,6.086234092712402,31071000
2020-08-31,PETR4,22.31999969482422,22.43000030517578,21.889999389648438,21.889999389648438,5.910720348358154,48539700
2020-09-01,PETR4,22.200000762939453,22.889999389648438,22.1200008392334,22.8700008392334,6.1753411293029785,66299700
2020-09-02,PETR4,22.93000030517578,23.100000381469727,22.520000457763672,22.799999237060547,6.156437397003174,53618000
2020-09-03,PETR4,22.610000610351562,23.1200008392334,22.56999969482422,22.8799991607666,6.178040027618408,87642400
2020-09-04,PETR4,23.0,23.030000686645508,22.579999923706055,22.920000076293945,6.188841819763184,52351100
2020-09-08,PETR4,22.5,22.5,21.90999984741211,22.260000228881836,6.010629177093506,74490200
2020-09-09,PETR4,22.489999771118164,22.770000457763672,22.489999771118164,22.729999542236328,6.137537479400635,42143500
2020-09-10,PETR4,22.579999923706055,22.579999923706055,22.110000610351562,22.1200008392334,5.97282600402832,58350000
2020-09-11,PETR4,22.1200008392334,22.260000228881836,21.75,21.8799991607666,5.908020496368408,71013700
2020-09-14,PETR4,21.940000534057617,21.979999542236328,21.43000030517578,21.68000030517578,5.8540167808532715,46453300
2020-09-15,PETR4,21.979999542236328,22.079999923706055,21.549999237060547,21.670000076293945,5.851316452026367,58546700
2020-09-16,PETR4,21.850000381469727,21.989999771118164,21.600000381469727,21.729999542236328,5.867518424987793,50379500
2020-09-17,PETR4,21.510000228881836,22.170000076293945,21.459999084472656,22.149999618530273,5.980926513671875,60432200
2020-09-18,PETR4,21.989999771118164,22.149999618530273,21.549999237060547,21.649999618530273,5.845915794372559,64243500
2020-09-21,PETR4,21.290000915527344,21.459999084472656,20.809999465942383,20.899999618530273,5.643401622772217,73300000
2020-09-22,PETR4,20.959999084472656,21.350000381469727,20.75,20.799999237060547,5.616399765014648,47207700
2020-09-23,PETR4,20.799999237060547,20.959999084472656,20.200000762939453,20.229999542236328,5.462488651275635,57106300
2020-09-24,PETR4,20.239999771118164,20.709999084472656,20.059999465942383,20.399999618530273,5.508393287658691,76310000
2020-09-25,PETR4,20.149999618530273,20.260000228881836,19.8700008392334,20.1299991607666,5.435487270355225,40150400
2020-09-28,PETR4,20.329999923706055,20.559999465942383,19.6299991607666,19.6299991607666,5.300477027893066,48797400
2020-09-29,PETR4,19.6299991607666,19.860000610351562,19.25,19.309999465942383,5.214070796966553,52878100
2020-09-30,PETR4,19.5,20.040000915527344,19.43000030517578,19.610000610351562,5.295076370239258,69505000
2020-10-01,PETR4,19.639999389648438,20.059999465942383,19.1299991607666,19.850000381469727,5.359882354736328,77537300
2020-10-02,PETR4,19.729999542236328,19.739999771118164,19.020000457763672,19.020000457763672,5.13576602935791,85306000
2020-10-05,PETR4,19.360000610351562,20.15999984741211,19.239999771118164,20.030000686645508,5.40848445892334,73288500
2020-10-06,PETR4,20.469999313354492,20.700000762939453,19.93000030517578,19.93000030517578,5.3814826011657715,77064600
2020-10-07,PETR4,20.0,20.049999237060547,19.559999465942383,19.790000915527344,5.3436808586120605,53521000
2020-10-08,PETR4,20.040000915527344,20.59000015258789,19.860000610351562,20.440000534057617,5.519192695617676,78070400
2020-10-09,PETR4,20.34000015258789,20.389999389648438,19.799999237060547,19.799999237060547,5.346381664276123,67962300
2020-10-13,PETR4,19.90999984741211,20.1299991607666,19.729999542236328,20.1299991607666,5.435487270355225,55330600
2020-10-14,PETR4,20.09000015258789,20.3700008392334,19.969999313354492,19.969999313354492,5.392283916473389,44584300
2020-10-15,PETR4,19.6200008392334,19.770000457763672,19.440000534057617,19.75,5.332880020141602,56952100
2020-10-16,PETR4,19.670000076293945,19.709999084472656,19.31999969482422,19.329999923706055,5.2194719314575195,49929000
2020-10-19,PETR4,19.40999984741211,19.940000534057617,19.25,19.520000457763672,5.270775318145752,107419300
2020-10-20,PETR4,19.670000076293945,20.270000457763672,19.59000015258789,20.18000030517578,5.4489874839782715,68407700
2020-10-21,PETR4,20.15999984741211,20.329999923706055,19.829999923706055,20.15999984741211,5.443587303161621,60594900
2020-10-22,PETR4,20.100000381469727,20.84000015258789,20.049999237060547,20.84000015258789,5.627200603485107,98926900
2020-10-23,PETR4,20.940000534057617,21.139999389648438,20.540000915527344,20.56999969482422,5.554296970367432,61711200
2020-10-26,PETR4,20.329999923706055,20.530000686645508,20.030000686645508,20.25,5.467889308929443,58229100
2020-10-27,PETR4,20.260000228881836,20.3700008392334,19.809999465942383,19.8799991607666,5.36798095703125,48978400
2020-10-28,PETR4,19.350000381469727,19.440000534057617,18.670000076293945,18.670000076293945,5.041259765625,79247400
2020-10-29,PETR4,18.43000030517578,19.3700008392334,17.739999771118164,19.290000915527344,5.208670616149902,86794800
2020-10-30,PETR4,19.139999389648438,19.540000915527344,18.8700008392334,18.940000534057617,5.114163875579834,64185100
2020-11-03,PETR4,19.510000228881836,19.899999618530273,19.329999923706055,19.649999618530273,5.305877208709717,66292400
2020-11-04,PETR4,20.010000228881836,20.06999969482422,19.270000457763672,19.719999313354492,5.324779033660889,65777600
2020-11-05,PETR4,19.950000762939453,19.989999771118164,19.719999313354492,19.889999389648438,5.370682716369629,40874800
2020-11-06,PETR4,19.549999237060547,19.950000762939453,19.540000915527344,19.75,5.332880020141602,37273300
2020-11-09,PETR4,21.110000610351562,22.690000534057617,21.040000915527344,21.610000610351562,5.835115432739258,164904100
2020-11-10,PETR4,21.889999389648438,23.149999618530273,21.809999465942383,23.079999923706055,6.2320427894592285,163732600
2020-11-11,PETR4,23.350000381469727,23.360000610351562,22.399999618530273,22.8799991607666,6.178040027618408,93072900
2020-11-12,PETR4,22.739999771118164,22.81999969482422,21.770000457763672,21.90999984741211,5.916120529174805,77275000
2020-11-13,PETR4,22.020000457763672,22.799999237060547,21.889999389648438,22.6299991607666,6.110535144805908,66065200
2020-11-16,PETR4,23.200000762939453,23.6299991607666,23.1299991607666,23.290000915527344,6.288747310638428,101583300
2020-11-17,PETR4,23.049999237060547,24.139999389648438,22.979999542236328,23.690000534057617,6.396755695343018,94082100
2020-11-18,PETR4,23.989999771118164,24.1299991607666,23.549999237060547,23.549999237060547,6.35895299911499,68540400
2020-11-19,PETR4,23.549999237060547,23.940000534057617,23.3700008392334,23.81999969482422,6.431857585906982,65382100
2020-11-23,PETR4,24.049999237060547,25.100000381469727,24.040000915527344,25.100000381469727,6.777482986450195,125649000
2020-11-24,PETR4,25.639999389648438,26.670000076293945,25.639999389648438,26.219999313354492,7.079901695251465,153293500
2020-11-25,PETR4,26.200000762939453,26.5,25.670000076293945,26.25,7.088003635406494,73971200
2020-11-26,PETR4,25.940000534057617,25.950000762939453,25.559999465942383,25.81999969482422,6.971897125244141,41935900
2020-11-27,PETR4,25.920000076293945,26.059999465942383,25.450000762939453,25.5,6.885489463806152,49863500
2020-11-30,PETR4,25.260000228881836,25.8799991607666,24.84000015258789,24.899999618530273,6.723479747772217,90207700
2020-12-01,PETR4,25.399999618530273,25.770000457763672,25.290000915527344,25.600000381469727,6.912493705749512,58866000
2020-12-02,PETR4,25.600000381469727,26.5,25.329999923706055,25.90999984741211,6.996198654174805,88093300
2020-12-03,PETR4,26.149999618530273,26.889999389648438,26.049999237060547,26.639999389648438,7.193313121795654,62424500
2020-12-04,PETR4,27.190000534057617,27.56999969482422,27.059999465942383,27.530000686645508,7.433630466461182,61652400
2020-12-07,PETR4,27.270000457763672,27.790000915527344,26.670000076293945,27.0,7.290518760681152,72664200
2020-12-08,PETR4,26.809999465942383,27.139999389648438,26.459999084472656,26.65999984741211,7.198711395263672,46276700
2020-12-09,PETR4,26.6299991607666,26.969999313354492,26.399999618530273,26.940000534057617,7.274317741394043,52448300
2020-12-10,PETR4,27.190000534057617,28.200000762939453,27.1299991607666,27.81999969482422,7.511934757232666,97537100
2020-12-11,PETR4,27.489999771118164,27.84000015258789,27.280000686645508,27.56999969482422,7.444429874420166,48334300
2020-12-14,PETR4,28.030000686645508,28.270000457763672,27.6200008392334,27.6200008392334,7.457932472229004,53159500
2020-12-15,PETR4,27.6200008392334,27.989999771118164,27.6200008392334,27.850000381469727,7.520035266876221,47208200
2020-12-16,PETR4,27.850000381469727,28.239999771118164,27.469999313354492,28.190000534057617,7.611840724945068,59399200
2020-12-17,PETR4,28.299999237060547,28.389999389648438,28.06999969482422,28.239999771118164,7.62534236907959,39297700
2020-12-18,PETR4,28.100000381469727,28.31999969482422,28.020000457763672,28.100000381469727,7.5875396728515625,44707900
2020-12-21,PETR4,27.190000534057617,27.489999771118164,26.520000457763672,27.020000457763672,7.295920372009277,99988800
2020-12-22,PETR4,27.200000762939453,27.469999313354492,27.049999237060547,27.280000686645508,7.366124153137207,46513200
2020-12-23,PETR4,27.43000030517578,28.25,27.350000381469727,27.950000762939453,7.547038555145264,49038900
2020-12-28,PETR4,28.360000610351562,28.520000457763672,28.18000030517578,28.18000030517578,7.609142780303955,36313300
2020-12-29,PETR4,28.3799991607666,28.43000030517578,27.989999771118164,28.270000457763672,7.633443832397461,29891100
2020-12-30,PETR4,28.350000381469727,28.489999771118164,28.200000762939453,28.34000015258789,7.652345180511475,36968200
2021-01-04,PETR4,28.649999618530273,29.18000030517578,28.530000686645508,28.90999984741211,7.806256294250488,74719700
2021-01-05,PETR4,28.899999618530273,30.18000030517578,28.239999771118164,30.040000915527344,8.111377716064453,95181100
2021-01-06,PETR4,30.15999984741211,30.899999618530273,30.049999237060547,30.100000381469727,8.127577781677246,96562500
2021-01-07,PETR4,30.34000015258789,31.149999618530273,30.34000015258789,31.0,8.370595932006836,56171300
2021-01-08,PETR4,31.459999084472656,31.760000228881836,30.350000381469727,31.1200008392334,8.402999877929688,67136300
2021-01-11,PETR4,30.610000610351562,31.059999465942383,30.399999618530273,30.860000610351562,8.332794189453125,48744700
2021-01-12,PETR4,31.1200008392334,31.559999465942383,30.6299991607666,30.6299991607666,8.27069091796875,65691900
2021-01-13,PETR4,30.68000030517578,30.860000610351562,29.0,29.149999618530273,7.871062755584717,93826600
2021-01-14,PETR4,29.170000076293945,29.670000076293945,28.719999313354492,29.450000762939453,7.9520673751831055,50745400
2021-01-15,PETR4,29.049999237060547,29.079999923706055,28.030000686645508,28.1200008392334,7.592941761016846,80673300
2021-01-18,PETR4,28.309999465942383,28.850000381469727,28.010000228881836,28.06999969482422,7.579440593719482,68855700
2021-01-19,PETR4,28.479999542236328,28.860000610351562,27.639999389648438,28.690000534057617,7.746851921081543,61656000
2021-01-20,PETR4,28.950000762939453,29.1200008392334,28.110000610351562,28.209999084472656,7.617241859436035,60306200
2021-01-21,PETR4,28.020000457763672,28.399999618530273,27.510000228881836,27.549999237060547,7.439029693603516,41284900
2021-01-22,PETR4,26.93000030517578,27.239999771118164,26.559999465942383,27.09000015258789,7.314820766448975,51181900
2021-01-26,PETR4,27.25,27.969999313354492,26.81999969482422,27.0,7.290518760681152,64514600
2021-01-27,PETR4,26.809999465942383,28.170000076293945,26.530000686645508,27.399999618530273,7.398525714874268,68337800
2021-01-28,PETR4,27.31999969482422,28.450000762939453,27.309999465942383,27.760000228881836,7.495733737945557,67827000
2021-01-29,PETR4,27.520000457763672,27.68000030517578,26.690000534057617,26.690000534057617,7.206815242767334,67555300
2021-02-01,PETR4,27.260000228881836,27.68000030517578,26.829999923706055,27.530000686645508,7.433630466461182,44449500
2021-02-02,PETR4,28.399999618530273,29.139999389648438,28.200000762939453,28.65999984741211,7.7387495040893555,91663000
2021-02-03,PETR4,28.979999542236328,29.139999389648438,28.65999984741211,28.940000534057617,7.814357757568359,47486800
2021-02-04,PETR4,28.829999923706055,28.989999771118164,28.209999084472656,28.81999969482422,7.781952381134033,41444100
2021-02-05,PETR4,28.979999542236328,30.09000015258789,28.31999969482422,28.84000015258789,7.787355899810791,121098700
2021-02-08,PETR4,28.510000228881836,29.299999237060547,27.799999237060547,28.110000610351562,7.590239524841309,98821700
2021-02-09,PETR4,28.049999237060547,28.3700008392334,27.3799991607666,27.540000915527344,7.436329364776611,63662200
2021-02-10,PETR4,27.739999771118164,28.040000915527344,27.1200008392334,27.799999237060547,7.506534576416016,52949900
2021-02-11,PETR4,28.139999389648438,28.5,27.8700008392334,28.079999923706055,7.582141876220703,61158600
2021-02-12,PETR4,27.809999465942383,28.489999771118164,27.610000610351562,28.440000534057617,7.679347515106201,47801100
2021-02-17,PETR4,28.520000457763672,29.600000381469727,28.1299991607666,29.59000015258789,7.989867687225342,54973400
2021-02-18,PETR4,30.3799991607666,30.920000076293945,29.040000915527344,29.270000457763672,7.903463363647461,105539200
2021-02-19,PETR4,28.030000686645508,28.489999771118164,27.170000076293945,27.329999923706055,7.379624366760254,215834800
2021-02-22,PETR4,22.799999237060547,23.200000762939453,21.399999618530273,21.670000076293945,5.851316452026367,490230400
2021-02-23,PETR4,23.049999237060547,24.260000228881836,22.709999084472656,24.059999465942383,6.496662139892578,293503100
2021-02-24,PETR4,24.549999237060547,25.0,24.010000228881836,24.399999618530273,6.588467597961426,155246400
2021-02-25,PETR4,25.0,25.25,23.100000381469727,23.190000534057617,6.261745929718018,170233000
2021-02-26,PETR4,23.200000762939453,23.420000076293945,21.969999313354492,22.239999771118164,6.0052266120910645,159881000
2021-03-01,PETR4,22.799999237060547,23.040000915527344,21.920000076293945,22.0,5.940423965454102,90330100
2021-03-02,PETR4,21.84000015258789,22.329999923706055,20.670000076293945,21.989999771118164,5.937723159790039,147772300
2021-03-03,PETR4,21.799999237060547,21.889999389648438,20.479999542236328,21.190000534057617,5.721707344055176,185688500
2021-03-04,PETR4,21.299999237060547,22.399999618530273,21.1200008392334,22.219999313354492,5.999826908111572,127843200
2021-03-05,PETR4,22.440000534057617,23.219999313354492,22.290000915527344,22.389999389648438,6.045730113983154,126306300
2021-03-08,PETR4,21.940000534057617,22.280000686645508,20.959999084472656,21.100000381469727,5.697406768798828,141142800
2021-03-09,PETR4,21.360000610351562,21.950000762939453,20.860000610351562,21.59000015258789,5.829713821411133,122648000
2021-03-10,PETR4,21.940000534057617,22.34000015258789,21.579999923706055,22.34000015258789,6.032229900360107,111744100
2021-03-11,PETR4,22.6200008392334,23.489999771118164,22.610000610351562,23.290000915527344,6.288747310638428,130577500
2021-03-12,PETR4,23.149999618530273,23.3799991607666,22.860000610351562,23.170000076293945,6.256346225738525,68123200
2021-03-15,PETR4,23.110000610351562,23.670000076293945,23.100000381469727,23.649999618530273,6.385955333709717,68295000
2021-03-16,PETR4,23.6299991607666,23.68000030517578,23.229999542236328,23.280000686645508,6.286048412322998,43407900
2021-03-17,PETR4,23.139999389648438,24.1299991607666,23.110000610351562,24.079999923706055,6.502062797546387,77966400
2021-03-18,PETR4,23.8799991607666,23.899999618530273,23.06999969482422,23.239999771118164,6.275247097015381,77198900
2021-03-19,PETR4,23.270000457763672,24.040000915527344,23.18000030517578,24.0,6.480462551116943,90244500
2021-03-22,PETR4,23.690000534057617,23.780000686645508,23.229999542236328,23.520000457763672,6.350852012634277,44129300
2021-03-23,PETR4,23.170000076293945,23.6299991607666,22.799999237060547,22.799999237060547,6.156437397003174,57124700
2021-03-24,PETR4,23.190000534057617,23.540000915527344,22.81999969482422,22.81999969482422,6.161839485168457,63338300
2021-03-25,PETR4,22.700000762939453,23.299999237060547,22.15999984741211,23.200000762939453,6.264445781707764,79214500
2021-03-26,PETR4,23.479999542236328,23.8799991607666,23.110000610351562,23.459999084472656,6.334651470184326,60918600
2021-03-29,PETR4,23.34000015258789,23.829999923706055,23.280000686645508,23.829999923706055,6.434558868408203,50099700
2021-03-30,PETR4,23.639999389648438,23.989999771118164,23.56999969482422,23.829999923706055,6.434558868408203,41959100
2021-03-31,PETR4,23.799999237060547,24.229999542236328,23.780000686645508,24.100000381469727,6.507463455200195,68609400
2021-04-01,PETR4,24.290000915527344,24.389999389648438,23.780000686645508,23.889999389648438,6.450758457183838,47232900
2021-04-05,PETR4,24.1299991607666,24.200000762939453,23.68000030517578,24.040000915527344,6.491263389587402,40454400
2021-04-06,PETR4,24.18000030517578,24.3700008392334,23.90999984741211,24.020000457763672,6.485861301422119,45934300
2021-04-07,PETR4,23.940000534057617,24.34000015258789,23.93000030517578,24.0,6.480462551116943,55892200
2021-04-08,PETR4,23.979999542236328,24.040000915527344,23.3700008392334,23.700000762939453,6.39945650100708,63231300
2021-04-09,PETR4,23.5,23.780000686645508,23.3700008392334,23.649999618530273,6.385955333709717,47494400
2021-04-12,PETR4,23.959999084472656,24.3700008392334,23.780000686645508,23.889999389648438,6.450758457183838,50592900
2021-04-13,PETR4,23.979999542236328,24.110000610351562,23.690000534057617,23.969999313354492,6.472362041473389,53612300
2021-04-14,PETR4,24.200000762939453,24.579999923706055,23.979999542236328,24.350000381469727,6.5749688148498535,90836500
2021-04-15,PETR4,23.700000762939453,23.829999923706055,23.020000457763672,23.09000015258789,6.444579601287842,64193600
2021-04-16,PETR4,23.1299991607666,23.239999771118164,22.809999465942383,22.950000762939453,6.40550422668457,59567300
2021-04-19,PETR4,22.950000762939453,24.889999389648438,22.770000457763672,24.280000686645508,6.776717185974121,196519100
2021-04-20,PETR4,24.329999923706055,24.59000015258789,23.760000228881836,23.81999969482422,6.6483259201049805,94965400
2021-04-22,PETR4,24.139999389648438,24.190000534057617,23.649999618530273,23.709999084472656,6.617624759674072,46600100
2021-04-23,PETR4,23.8799991607666,23.940000534057617,23.510000228881836,23.690000534057617,6.612043857574463,60341000
2021-04-26,PETR4,23.850000381469727,24.049999237060547,23.610000610351562,23.780000686645508,6.6371636390686035,33281000
2021-04-27,PETR4,23.81999969482422,24.170000076293945,23.100000381469727,23.100000381469727,6.4473700523376465,76684900
2021-04-28,PETR4,23.399999618530273,24.09000015258789,23.360000610351562,23.940000534057617,6.681820869445801,66374200
2021-04-29,PETR4,24.1200008392334,24.290000915527344,23.420000076293945,23.6200008392334,6.59250545501709,49775900
2021-04-30,PETR4,23.399999618530273,23.93000030517578,23.280000686645508,23.6200008392334,6.59250545501709,61039200
2021-05-03,PETR4,23.799999237060547,23.809999465942383,23.299999237060547,23.43000030517578,6.539475917816162,49039900
2021-05-04,PETR4,23.540000915527344,23.639999389648438,22.8799991607666,22.889999389648438,6.388757705688477,44765000
2021-05-05,PETR4,23.170000076293945,23.950000762939453,23.1200008392334,23.829999923706055,6.651119232177734,75611900
2021-05-06,PETR4,23.709999084472656,23.850000381469727,23.399999618530273,23.5,6.559011936187744,54091600
2021-05-07,PETR4,23.639999389648438,24.450000762939453,23.459999084472656,24.3799991607666,6.804626941680908,74118200
2021-05-10,PETR4,24.799999237060547,24.979999542236328,24.579999923706055,24.700000762939453,6.893942356109619,73804500
2021-05-11,PETR4,24.440000534057617,25.170000076293945,24.31999969482422,25.149999618530273,7.019540309906006,73729900
2021-05-12,PETR4,24.950000762939453,25.530000686645508,24.690000534057617,24.780000686645508,6.916268825531006,89980700
2021-05-13,PETR4,24.760000228881836,25.100000381469727,24.43000030517578,24.989999771118164,6.974883079528809,77282100
2021-05-14,PETR4,25.799999237060547,26.3799991607666,25.549999237060547,26.299999237060547,7.340512752532959,196135500
2021-05-17,PETR4,26.299999237060547,26.65999984741211,26.200000762939453,26.65999984741211,7.440989971160889,83512600
2021-05-18,PETR4,26.700000762939453,26.799999237060547,26.270000457763672,26.350000381469727,7.35446834564209,63510600
2021-05-19,PETR4,25.850000381469727,26.350000381469727,25.799999237060547,26.149999618530273,7.298645496368408,84700500
2021-05-20,PETR4,26.149999618530273,26.280000686645508,25.719999313354492,25.93000030517578,7.237242221832275,71371100
2021-05-21,PETR4,26.079999923706055,26.309999465942383,25.940000534057617,25.950000762939453,7.24282693862915,82884500
2021-05-24,PETR4,26.280000686645508,26.520000457763672,25.989999771118164,26.389999389648438,7.365631103515625,63029600
2021-05-25,PETR4,26.479999542236328,26.6200008392334,25.780000686645508,25.84000015258789,7.212123870849609,63672000
2021-05-26,PETR4,25.90999984741211,26.18000030517578,25.649999618530273,26.09000015258789,7.281900405883789,46646900
2021-05-27,PETR4,26.079999923706055,26.25,25.770000457763672,25.90999984741211,7.231659889221191,48877800
2021-05-28,PETR4,26.200000762939453,27.020000457763672,26.149999618530273,26.989999771118164,7.533097267150879,129526400
2021-05-31,PETR4,26.959999084472656,27.200000762939453,26.780000686645508,26.8700008392334,7.499603271484375,46298900
2021-06-01,PETR4,27.399999618530273,27.700000762939453,27.010000228881836,27.290000915527344,7.616827487945557,90744900
2021-06-02,PETR4,27.350000381469727,28.06999969482422,27.260000228881836,27.8700008392334,7.778711318969727,103985100
2021-06-04,PETR4,28.059999465942383,28.6200008392334,27.920000076293945,28.5,7.954547882080078,102757300
2021-06-07,PETR4,28.5,28.549999237060547,28.010000228881836,28.290000915527344,7.895935535430908,74548900
2021-06-08,PETR4,28.170000076293945,28.799999237060547,27.959999084472656,28.65999984741211,7.999204158782959,88398600
2021-06-09,PETR4,28.719999313354492,29.079999923706055,28.520000457763672,28.65999984741211,7.999204158782959,60724200
2021-06-10,PETR4,28.829999923706055,29.030000686645508,28.56999969482422,28.68000030517578,8.004786491394043,35871000
2021-06-11,PETR4,28.799999237060547,28.850000381469727,28.260000228881836,28.56999969482422,7.974081993103027,54894400
2021-06-14,PETR4,28.899999618530273,29.350000381469727,28.610000610351562,28.75,8.024324417114258,64286600
2021-06-15,PETR4,28.959999084472656,29.059999465942383,28.6299991607666,29.030000686645508,8.102474212646484,42597100
2021-06-16,PETR4,29.079999923706055,29.290000915527344,28.770000457763672,29.139999389648438,8.133176803588867,77432900
2021-06-17,PETR4,29.010000228881836,29.200000762939453,27.90999984741211,28.1299991607666,7.851277828216553,95264600
2021-06-18,PETR4,28.0,28.420000076293945,27.639999389648438,28.31999969482422,7.904306888580322,115250700
2021-06-21,PETR4,28.399999618530273,29.0,28.399999618530273,28.950000762939453,8.080144882202148,50709600
2021-06-22,PETR4,29.0,29.270000457763672,28.670000076293945,29.100000381469727,8.1220121383667,41602700
2021-06-23,PETR4,29.25,29.520000457763672,29.0,29.299999237060547,8.177834510803223,57278500
2021-06-24,PETR4,29.489999771118164,29.649999618530273,29.219999313354492,29.649999618530273,8.275520324707031,51447000
2021-06-25,PETR4,29.690000534057617,29.790000915527344,28.950000762939453,29.100000381469727,8.1220121383667,84950900
2021-06-28,PETR4,29.18000030517578,29.270000457763672,28.670000076293945,29.049999237060547,8.108057022094727,40341200
2021-06-29,PETR4,29.09000015258789,29.18000030517578,28.739999771118164,29.18000030517578,8.144339561462402,43215200
2021-06-30,PETR4,29.030000686645508,29.56999969482422,28.920000076293945,29.43000030517578,8.214117050170898,71367600
2021-07-01,PETR4,29.739999771118164,29.8799991607666,28.920000076293945,29.059999465942383,8.110846519470215,65084000
2021-07-02,PETR4,29.299999237060547,29.3799991607666,28.729999542236328,29.18000030517578,8.144339561462402,37336700
2021-07-05,PETR4,29.010000228881836,29.15999984741211,28.3700008392334,28.850000381469727,8.052234649658203,56028600
2021-07-06,PETR4,28.700000762939453,28.799999237060547,27.670000076293945,27.670000076293945,7.722890853881836,97839700
2021-07-07,PETR4,28.149999618530273,28.149999618530273,27.40999984741211,28.049999237060547,7.8289475440979,73793500
2021-07-08,PETR4,27.399999618530273,27.68000030517578,27.270000457763672,27.489999771118164,7.672648906707764,80574200
2021-07-12,PETR4,27.579999923706055,27.780000686645508,27.280000686645508,27.729999542236328,7.739634990692139,53001200
2021-07-13,PETR4,27.559999465942383,27.969999313354492,27.3799991607666,27.899999618530273,7.787081718444824,41594300
2021-07-14,PETR4,28.100000381469727,28.200000762939453,27.540000915527344,27.670000076293945,7.722890853881836,51654600
2021-07-15,PETR4,27.489999771118164,27.6299991607666,26.920000076293945,27.079999923706055,7.558215618133545,67982600
2021-07-16,PETR4,27.229999542236328,27.3799991607666,26.579999923706055,26.68000030517578,7.446573734283447,69024100
2021-07-19,PETR4,25.969999313354492,26.450000762939453,25.860000610351562,26.239999771118164,7.323765277862549,80087700
2021-07-20,PETR4,26.190000534057617,26.940000534057617,25.90999984741211,26.59000015258789,7.421452522277832,63408800
2021-07-21,PETR4,26.790000915527344,27.239999771118164,26.59000015258789,26.959999084472656,7.524720191955566,51116600
2021-07-22,PETR4,27.0,27.219999313354492,26.709999084472656,26.899999618530273,7.50797700881958,37736500
2021-07-23,PETR4,27.100000381469727,27.170000076293945,26.68000030517578,26.739999771118164,7.46331787109375,34025500
2021-07-26,PETR4,26.739999771118164,27.469999313354492,26.719999313354492,27.469999313354492,7.66706657409668,46802600
2021-07-27,PETR4,27.350000381469727,27.399999618530273,26.899999618530273,27.149999618530273,7.577753067016602,51901800
2021-07-28,PETR4,27.43000030517578,27.899999618530273,27.200000762939453,27.709999084472656,7.734052658081055,46727100
2021-07-29,PETR4,27.799999237060547,27.920000076293945,27.5,27.809999465942383,7.761962890625,43916600
2021-07-30,PETR4,27.600000381469727,27.829999923706055,26.829999923706055,26.90999984741211,7.51076602935791,74150400
2021-08-02,PETR4,27.200000762939453,27.40999984741211,26.3700008392334,26.40999984741211,7.371213912963867,70528800
2021-08-03,PETR4,26.360000610351562,26.8700008392334,25.790000915527344,26.850000381469727,7.494019508361816,71850400
2021-08-04,PETR4,26.549999237060547,26.770000457763672,25.950000762939453,26.280000686645508,7.334930419921875,87970600
2021-08-05,PETR4,28.75,28.979999542236328,28.059999465942383,28.350000381469727,7.912682056427002,223915900
2021-08-06,PETR4,28.5,28.540000915527344,28.020000457763672,28.389999389648438,7.923844814300537,51106100
2021-08-09,PETR4,27.950000762939453,28.209999084472656,27.670000076293945,28.190000534057617,7.86802339553833,75381900
2021-08-10,PETR4,28.299999237060547,28.780000686645508,28.239999771118164,28.280000686645508,7.893144607543945,84380900
2021-08-11,PETR4,28.15999984741211,28.989999771118164,27.969999313354492,28.670000076293945,8.001996040344238,97863500
2021-08-12,PETR4,28.65999984741211,29.190000534057617,28.5,29.100000381469727,8.1220121383667,95319300
2021-08-13,PETR4,29.059999465942383,29.610000610351562,29.020000457763672,29.350000381469727,8.191789627075195,85201800
2021-08-16,PETR4,29.200000762939453,29.239999771118164,28.239999771118164,28.639999389648438,7.993623733520508,101262100
2021-08-17,PETR4,26.84000015258789,27.6299991607666,26.450000762939453,27.030000686645508,7.993596076965332,93623700
2021-08-18,PETR4,27.030000686645508,27.309999465942383,26.649999618530273,26.790000915527344,7.9226226806640625,86103100
2021-08-19,PETR4,26.260000228881836,26.8700008392334,26.1299991607666,26.639999389648438,7.878262519836426,80808200
2021-08-20,PETR4,26.399999618530273,26.6299991607666,26.170000076293945,26.600000381469727,7.86643123626709,88445600
2021-08-23,PETR4,26.940000534057617,27.309999465942383,26.770000457763672,27.020000457763672,7.990638256072998,70161500
2021-08-24,PETR4,27.290000915527344,27.6299991607666,27.239999771118164,27.579999923706055,8.156249046325684,49831400
2021-08-25,PETR4,27.6299991607666,27.829999923706055,27.3799991607666,27.729999542236328,8.200607299804688,46031200
2021-08-26,PETR4,27.579999923706055,27.8799991607666,27.469999313354492,27.489999771118164,8.129631996154785,41061300
2021-08-27,PETR4,27.700000762939453,28.489999771118164,27.670000076293945,28.489999771118164,8.425361633300781,76465300
2021-08-30,PETR4,28.399999618530273,28.709999084472656,28.260000228881836,28.299999237060547,8.36917495727539,61054000
2021-08-31,PETR4,28.200000762939453,28.229999542236328,26.989999771118164,27.190000534057617,8.040913581848145,110574300
2021-09-01,PETR4,27.31999969482422,27.34000015258789,26.329999923706055,27.040000915527344,7.99655294418335,69430400
2021-09-02,PETR4,27.0,27.350000381469727,26.459999084472656,26.600000381469727,7.86643123626709,56052000
2021-09-03,PETR4,26.649999618530273,26.780000686645508,26.100000381469727,26.329999923706055,7.786584854125977,58182700
2021-09-06,PETR4,26.209999084472656,26.709999084472656,26.149999618530273,26.459999084472656,7.825027942657471,26770700
2021-09-08,PETR4,26.290000915527344,26.350000381469727,24.790000915527344,24.969999313354492,7.384391784667969,80378400
2021-09-09,PETR4,25.079999923706055,25.8799991607666,24.139999389648438,25.5,7.541128635406494,156617100
2021-09-10,PETR4,26.020000457763672,26.139999389648438,25.329999923706055,25.34000015258789,7.493811130523682,78379900
2021-09-13,PETR4,25.799999237060547,26.389999389648438,25.639999389648438,26.229999542236328,7.7570109367370605,63317900
2021-09-14,PETR4,25.950000762939453,26.25,25.719999313354492,25.8799991607666,7.653505802154541,65497300
2021-09-15,PETR4,26.0,26.459999084472656,25.8700008392334,26.329999923706055,7.786584854125977,67274100
2021-09-16,PETR4,26.079999923706055,26.239999771118164,25.510000228881836,26.100000381469727,7.718567371368408,65567700
2021-09-17,PETR4,25.969999313354492,26.020000457763672,24.770000457763672,24.93000030517578,7.372560977935791,131694100
2021-09-20,PETR4,24.079999923706055,24.649999618530273,23.790000915527344,24.649999618530273,7.289755821228027,80260600
2021-09-21,PETR4,25.079999923706055,25.290000915527344,24.530000686645508,25.209999084472656,7.455366611480713,64570200
2021-09-22,PETR4,25.530000686645508,26.219999313354492,25.520000457763672,25.850000381469727,7.644632816314697,70231800
2021-09-23,PETR4,25.950000762939453,26.950000762939453,25.90999984741211,26.84000015258789,7.937408447265625,84480600
2021-09-24,PETR4,26.549999237060547,27.059999465942383,26.469999313354492,26.899999618530273,7.955151557922363,44821500
2021-09-27,PETR4,27.139999389648438,27.459999084472656,26.5,27.139999389648438,8.02612590789795,89178700
2021-09-28,PETR4,27.190000534057617,27.889999389648438,26.719999313354492,26.959999084472656,7.972893714904785,117874300
2021-09-29,PETR4,27.209999084472656,27.530000686645508,26.81999969482422,27.389999389648438,8.100057601928711,58731700
2021-09-30,PETR4,27.530000686645508,27.579999923706055,27.170000076293945,27.229999542236328,8.052742004394531,65744000
2021-10-01,PETR4,27.1200008392334,28.0,27.06999969482422,28.0,8.280454635620117,60983200
2021-10-04,PETR4,27.760000228881836,28.809999465942383,27.719999313354492,28.790000915527344,8.514080047607422,106937000
2021-10-05,PETR4,29.0,29.469999313354492,28.899999618530273,29.420000076293945,8.70039176940918,100469100
2021-10-06,PETR4,28.950000762939453,29.170000076293945,28.469999313354492,28.639999389648438,8.469721794128418,84599400
2021-10-07,PETR4,28.700000762939453,28.979999542236328,28.25,28.600000381469727,8.457892417907715,60551100
2021-10-08,PETR4,29.0,29.610000610351562,28.709999084472656,29.1200008392334,8.611672401428223,84170500
2021-10-11,PETR4,29.5,29.850000381469727,29.149999618530273,29.31999969482422,8.670820236206055,76466700
2021-10-13,PETR4,29.170000076293945,29.700000762939453,29.079999923706055,29.6299991607666,8.762493133544922,55605400
2021-10-14,PETR4,29.860000610351562,30.219999313354492,29.5,29.68000030517578,8.777283668518066,76172700
2021-10-15,PETR4,29.799999237060547,29.84000015258789,29.510000228881836,29.600000381469727,8.753623008728027,72479900
2021-10-18,PETR4,29.399999618530273,29.639999389648438,28.989999771118164,29.450000762939453,8.70926570892334,68971300
2021-10-19,PETR4,29.239999771118164,29.31999969482422,27.860000610351562,28.010000228881836,8.28341293334961,111484000
2021-10-20,PETR4,28.270000457763672,28.799999237060547,27.950000762939453,28.5,8.42832088470459,56063300
2021-10-21,PETR4,27.860000610351562,28.18000030517578,26.920000076293945,27.450000762939453,8.117803573608398,101567700
2021-10-22,PETR4,27.100000381469727,27.760000228881836,25.770000457763672,27.18000030517578,8.037956237792969,138384700
2021-10-25,PETR4,27.760000228881836,29.309999465942383,27.649999618530273,29.040000915527344,8.588016510009766,135830600
2021-10-26,PETR4,28.799999237060547,29.229999542236328,28.600000381469727,28.760000228881836,8.505208969116211,57865600
2021-10-27,PETR4,28.829999923706055,29.059999465942383,28.469999313354492,28.690000534057617,8.484508514404297,57579200
2021-10-28,PETR4,28.530000686645508,29.25,28.25,28.959999084472656,8.564355850219727,89578000
2021-10-29,PETR4,29.1299991607666,29.190000534057617,26.969999313354492,27.149999618530273,8.029084205627441,157340000
2021-11-01,PETR4,27.709999084472656,28.31999969482422,27.3700008392334,28.0,8.280454635620117,102157200
2021-11-03,PETR4,27.709999084472656,27.850000381469727,26.799999237060547,26.850000381469727,7.940364360809326,83475800
2021-11-04,PETR4,27.020000457763672,27.239999771118164,25.850000381469727,26.0,7.688992977142334,92603400
2021-11-05,PETR4,26.290000915527344,26.540000915527344,25.780000686645508,25.850000381469727,7.644632816314697,86264000
2021-11-08,PETR4,25.809999465942383,26.65999984741211,25.719999313354492,26.1200008392334,7.724480152130127,59704100
2021-11-09,PETR4,26.200000762939453,26.950000762939453,26.200000762939453,26.639999389648438,7.878262519836426,73021700
2021-11-10,PETR4,26.600000381469727,26.93000030517578,26.15999984741211,26.43000030517578,7.816158294677734,68176300
2021-11-11,PETR4,26.8799991607666,26.8799991607666,26.239999771118164,26.450000762939453,7.822072982788086,60848900
2021-11-12,PETR4,26.309999465942383,27.15999984741211,26.0,26.989999771118164,7.981767654418945,85962500
2021-11-16,PETR4,27.260000228881836,27.559999465942383,26.6299991607666,27.270000457763672,8.064571380615234,60978200
2021-11-17,PETR4,27.389999389648438,27.440000534057617,26.489999771118164,26.579999923706055,7.860518455505371,82106800
2021-11-18,PETR4,26.690000534057617,26.75,26.049999237060547,26.540000915527344,7.848688125610352,63993000
2021-11-19,PETR4,26.100000381469727,26.280000686645508,25.780000686645508,26.100000381469727,7.718567371368408,85893800
2021-11-22,PETR4,26.299999237060547,27.1299991607666,26.290000915527344,26.360000610351562,7.795455455780029,59195200
2021-11-23,PETR4,26.610000610351562,28.049999237060547,26.5,27.799999237060547,8.221307754516602,108382300
2021-11-24,PETR4,27.780000686645508,28.440000534057617,27.510000228881836,28.3700008392334,8.389875411987305,64263300
2021-11-25,PETR4,29.049999237060547,29.790000915527344,28.559999465942383,29.6200008392334,8.759539604187012,104052200
2021-11-26,PETR4,28.389999389648438,29.15999984741211,28.06999969482422,28.469999313354492,8.419447898864746,108871800
2021-11-29,PETR4,29.360000610351562,29.81999969482422,28.809999465942383,29.469999313354492,8.715178489685059,84672200
2021-11-30,PETR4,29.299999237060547,29.639999389648438,28.860000610351562,29.43000030517578,8.703350067138672,129384600
2021-12-01,PETR4,29.84000015258789,30.670000076293945,29.479999542236328,29.600000381469727,8.753623008728027,135078600
2021-12-02,PETR4,26.989999771118164,28.489999771118164,26.200000762939453,28.360000610351562,9.42153263092041,191410300
2021-12-03,PETR4,28.479999542236328,28.940000534057617,28.219999313354492,28.760000228881836,9.554414749145508,105133000
2021-12-06,PETR4,28.780000686645508,29.270000457763672,28.68000030517578,28.889999389648438,9.597604751586914,66142300
2021-12-07,PETR4,29.280000686645508,29.56999969482422,28.799999237060547,29.360000610351562,9.753741264343262,98989300
2021-12-08,PETR4,29.360000610351562,30.06999969482422,29.219999313354492,29.350000381469727,9.750421524047852,71167700
2021-12-09,PETR4,29.100000381469727,29.489999771118164,28.790000915527344,29.290000915527344,9.730488777160645,67668200
2021-12-10,PETR4,29.5,30.100000381469727,29.479999542236328,29.649999618530273,9.85008430480957,38517500
2021-12-13,PETR4,29.670000076293945,30.049999237060547,29.290000915527344,29.469999313354492,9.790287017822266,45448700
2021-12-14,PETR4,29.610000610351562,29.850000381469727,29.010000228881836,29.1200008392334,9.674012184143066,56833800
2021-12-15,PETR4,29.100000381469727,29.299999237060547,28.59000015258789,29.299999237060547,9.733810424804688,55085100
2021-12-16,PETR4,29.6200008392334,29.979999542236328,29.5,29.690000534057617,9.86337661743164,56545700
2021-12-17,PETR4,29.31999969482422,29.639999389648438,28.780000686645508,28.989999771118164,9.630823135375977,93593700
2021-12-20,PETR4,28.440000534057617,28.549999237060547,27.68000030517578,28.15999984741211,9.355088233947754,106282500
2021-12-21,PETR4,28.549999237060547,28.719999313354492,28.1200008392334,28.200000762939453,9.368377685546875,40454500
2021-12-22,PETR4,28.399999618530273,28.399999618530273,27.969999313354492,28.15999984741211,9.355088233947754,33734500
2021-12-23,PETR4,28.329999923706055,28.420000076293945,28.149999618530273,28.329999923706055,9.411565780639648,28713600
2021-12-27,PETR4,28.31999969482422,28.780000686645508,28.149999618530273,28.75,9.551093101501465,44227900
2021-12-28,PETR4,29.010000228881836,29.280000686645508,28.700000762939453,28.780000686645508,9.561059951782227,30688100
2021-12-29,PETR4,28.700000762939453,28.899999618530273,28.420000076293945,28.540000915527344,9.481329917907715,35508400
2021-12-30,PETR4,28.549999237060547,28.700000762939453,28.389999389648438,28.450000762939453,9.45142936706543,43229100
2022-01-03,PETR4,28.540000915527344,29.219999313354492,28.530000686645508,29.09000015258789,9.664046287536621,52704700
2022-01-04,PETR4,29.15999984741211,29.399999618530273,28.90999984741211,29.200000762939453,9.70058822631836,51739200
2022-01-05,PETR4,29.190000534057617,29.270000457763672,27.940000534057617,28.06999969482422,9.325188636779785,78459800
2022-01-06,PETR4,28.290000915527344,28.649999618530273,27.84000015258789,28.049999237060547,9.3185453414917,61163100
2022-01-07,PETR4,28.110000610351562,28.290000915527344,27.81999969482422,28.18000030517578,9.361735343933105,47507600
2022-01-10,PETR4,27.989999771118164,28.239999771118164,27.719999313354492,28.010000228881836,9.305257797241211,37455200
2022-01-11,PETR4,28.100000381469727,29.06999969482422,27.850000381469727,28.84000015258789,9.580994606018066,73623800
2022-01-12,PETR4,28.950000762939453,29.90999984741211,28.950000762939453,29.719999313354492,9.873337745666504,81378200
2022-01-13,PETR4,29.530000686645508,30.6299991607666,29.5,30.31999969482422,10.072665214538574,76717500
2022-01-14,PETR4,30.280000686645508,31.600000381469727,30.239999771118164,31.450000762939453,10.448068618774414,96458800
2022-01-17,PETR4,31.399999618530273,31.809999465942383,31.25,31.5,10.464674949645996,35675900
2022-01-18,PETR4,31.559999465942383,31.979999542236328,30.969999313354492,31.639999389648438,10.511183738708496,78198800
2022-01-19,PETR4,31.899999618530273,32.209999084472656,31.440000534057617,31.489999771118164,10.461356163024902,77480200
2022-01-20,PETR4,31.5,32.0,31.110000610351562,31.719999313354492,10.537763595581055,85353100
2022-01-21,PETR4,31.56999969482422,31.8799991607666,31.530000686645508,31.770000457763672,10.554372787475586,61345400
2022-01-24,PETR4,31.690000534057617,32.25,31.040000915527344,31.950000762939453,10.61417293548584,79117100
2022-01-25,PETR4,31.700000762939453,33.22999954223633,31.579999923706055,32.9900016784668,10.959673881530762,98358500
2022-01-26,PETR4,33.29999923706055,34.27000045776367,33.29999923706055,33.869998931884766,11.252019882202148,98679900
2022-01-27,PETR4,34.25,34.63999938964844,33.16999816894531,33.880001068115234,11.255341529846191,90631000
2022-01-28,PETR4,33.79999923706055,34.349998474121094,32.220001220703125,32.540000915527344,10.810178756713867,117400500
2022-01-31,PETR4,32.5,33.0,32.06999969482422,32.349998474121094,10.747057914733887,62450300
2022-02-01,PETR4,32.349998474121094,33.31999969482422,31.950000762939453,33.0,10.962998390197754,57315200
2022-02-02,PETR4,33.40999984741211,33.4900016784668,32.36000061035156,32.52000045776367,10.803534507751465,36271700
2022-02-03,PETR4,32.349998474121094,32.91999816894531,31.6200008392334,32.06999969482422,10.654035568237305,51087800
2022-02-04,PETR4,32.40999984741211,33.22999954223633,31.8799991607666,32.630001068115234,10.840076446533203,59346800
2022-02-07,PETR4,32.54999923706055,32.779998779296875,32.130001068115234,32.150001525878906,10.680614471435547,48868100
2022-02-08,PETR4,31.899999618530273,31.950000762939453,31.260000228881836,31.829999923706055,10.574308395385742,62590000
2022-02-09,PETR4,31.739999771118164,32.689998626708984,31.649999618530273,31.950000762939453,10.61417293548584,50960500
2022-02-10,PETR4,32.29999923706055,32.900001525878906,31.940000534057617,32.439998626708984,10.776954650878906,49534600
2022-02-11,PETR4,32.77000045776367,33.90999984741211,32.630001068115234,33.7599983215332,11.215476036071777,88013400
2022-02-14,PETR4,33.86000061035156,33.939998626708984,32.81999969482422,33.0,10.962998390197754,55687000
2022-02-15,PETR4,32.65999984741211,32.68000030517578,31.889999389648438,32.47999954223633,10.790243148803711,65689000
2022-02-16,PETR4,32.83000183105469,33.70000076293945,32.77000045776367,32.93000030517578,10.939741134643555,65811600
2022-02-17,PETR4,32.849998474121094,33.290000915527344,32.54999923706055,32.79999923706055,10.896551132202148,43255200
2022-02-18,PETR4,32.56999969482422,33.09000015258789,32.27000045776367,33.0,10.962998390197754,60304700
2022-02-21,PETR4,33.04999923706055,34.0,33.0,33.849998474121094,11.245375633239746,51263800
2022-02-22,PETR4,34.220001220703125,34.68000030517578,33.209999084472656,33.7400016784668,11.208832740783691,80206700
2022-02-23,PETR4,34.18000030517578,34.599998474121094,33.79999923706055,34.220001220703125,11.368291854858398,86530100
2022-02-24,PETR4,34.79999923706055,35.290000915527344,32.68000030517578,33.38999938964844,11.092557907104492,139674100
2022-02-25,PETR4,33.45000076293945,34.0,32.900001525878906,34.0,11.295207977294922,86189100
2022-03-02,PETR4,35.2599983215332,35.290000915527344,34.38999938964844,34.66999816894531,11.51778793334961,58071800
2022-03-03,PETR4,34.81999969482422,34.93000030517578,34.15999984741211,34.2400016784668,11.37493896484375,69237400
2022-03-04,PETR4,34.08000183105469,34.68000030517578,33.81999969482422,34.22999954223633,11.371613502502441,55418000
2022-03-07,PETR4,34.5,34.599998474121094,31.6299991607666,31.799999237060547,10.564342498779297,110954100
2022-03-08,PETR4,32.0,32.970001220703125,31.510000228881836,32.459999084472656,10.783597946166992,111633500
2022-03-09,PETR4,32.599998474121094,32.81999969482422,31.739999771118164,32.560001373291016,10.816821098327637,87779300
2022-03-10,PETR4,32.599998474121094,34.599998474121094,32.52000045776367,33.70000076293945,11.19554328918457,136437700
2022-03-11,PETR4,33.90999984741211,34.380001068115234,32.06999969482422,32.4900016784668,10.793566703796387,92153700
2022-03-14,PETR4,32.43000030517578,32.88999938964844,31.520000457763672,31.8700008392334,10.58759593963623,52274100
2022-03-15,PETR4,31.139999389648438,31.540000915527344,30.469999313354492,31.100000381469727,10.331793785095215,66272000
2022-03-16,PETR4,31.5,31.540000915527344,30.3700008392334,30.829999923706055,10.242094039916992,72034900
2022-03-17,PETR4,31.25,31.399999618530273,29.5,30.010000228881836,9.969680786132812,178319300
2022-03-18,PETR4,30.09000015258789,30.81999969482422,29.860000610351562,30.610000610351562,10.169005393981934,93097100
2022-03-21,PETR4,30.90999984741211,32.09000015258789,30.639999389648438,31.760000228881836,10.551053047180176,67700800
2022-03-22,PETR4,31.989999771118164,32.099998474121094,31.350000381469727,31.6200008392334,10.504541397094727,56128600
2022-03-23,PETR4,31.93000030517578,32.470001220703125,31.690000534057617,32.04999923706055,10.647394180297852,52956100
2022-03-24,PETR4,32.04999923706055,32.599998474121094,31.670000076293945,32.41999816894531,10.77031135559082,49402800
2022-03-25,PETR4,32.150001525878906,32.54999923706055,31.920000076293945,32.29999923706055,10.730446815490723,51780100
2022-03-28,PETR4,32.060001373291016,32.08000183105469,30.979999542236328,31.600000381469727,10.497897148132324,68610500
2022-03-29,PETR4,32.130001068115234,32.7599983215332,31.920000076293945,32.29999923706055,10.730446815490723,93809000
2022-03-30,PETR4,32.5,32.9900016784668,32.380001068115234,32.9900016784668,10.959673881530762,69648400
2022-03-31,PETR4,32.56999969482422,33.56999969482422,32.5,33.45000076293945,11.112491607666016,94269500
2022-04-01,PETR4,33.54999923706055,33.790000915527344,32.90999984741211,33.0099983215332,10.966314315795898,72545400
2022-04-04,PETR4,32.900001525878906,32.900001525878906,32.25,32.70000076293945,10.863333702087402,56053000
2022-04-05,PETR4,32.65999984741211,33.060001373291016,32.38999938964844,32.38999938964844,10.760346412658691,45847200
2022-04-06,PETR4,32.599998474121094,32.779998779296875,32.040000915527344,32.36000061035156,10.750378608703613,56947100
2022-04-07,PETR4,32.63999938964844,34.060001373291016,32.5,34.040000915527344,11.30849552154541,118469400
2022-04-08,PETR4,34.06999969482422,34.40999984741211,33.849998474121094,34.209999084472656,11.364971160888672,60772700
2022-04-11,PETR4,33.900001525878906,34.099998474121094,33.779998779296875,33.95000076293945,11.278597831726074,48125400
2022-04-12,PETR4,34.400001525878906,34.68000030517578,33.79999923706055,33.849998474121094,11.245375633239746,68522800
2022-04-13,PETR4,34.369998931884766,34.79999923706055,34.099998474121094,34.56999969482422,11.48456859588623,101438800
2022-04-14,PETR4,31.600000381469727,32.06999969482422,31.15999984741211,31.270000457763672,11.364723205566406,119382100
2022-04-18,PETR4,31.15999984741211,31.389999389648438,30.469999313354492,30.719999313354492,11.164833068847656,76350600
2022-04-19,PETR4,31.15999984741211,32.0,31.1200008392334,31.649999618530273,11.502829551696777,88494100
2022-04-20,PETR4,31.649999618530273,31.950000762939453,31.329999923706055,31.799999237060547,11.557347297668457,34694700
2022-04-22,PETR4,31.049999237060547,31.299999237060547,30.31999969482422,30.559999465942383,11.106680870056152,74560900
2022-04-25,PETR4,29.969999313354492,30.440000534057617,29.540000915527344,30.110000610351562,10.943134307861328,66413900
2022-04-26,PETR4,30.110000610351562,30.579999923706055,29.889999389648438,30.059999465942383,10.924962043762207,48764100
2022-04-27,PETR4,30.3700008392334,30.559999465942383,29.950000762939453,30.059999465942383,10.924962043762207,41881300
2022-04-28,PETR4,30.450000762939453,30.6200008392334,30.25,30.260000228881836,10.997652053833008,43298500
2022-04-29,PETR4,30.75,31.59000015258789,30.280000686645508,30.280000686645508,11.004920959472656,76243900
2022-05-02,PETR4,30.170000076293945,30.329999923706055,29.329999923706055,29.979999542236328,10.895889282226562,72456200
2022-05-03,PETR4,30.1200008392334,30.389999389648438,29.81999969482422,30.25,10.99401569366455,52531000
2022-05-04,PETR4,30.600000381469727,32.16999816894531,30.399999618530273,32.06999969482422,11.655472755432129,109417000
2022-05-05,PETR4,31.809999465942383,32.5,31.020000457763672,32.0099983215332,11.633667945861816,99439900
2022-05-06,PETR4,32.689998626708984,33.119998931884766,31.899999618530273,33.060001373291016,12.015276908874512,129570200
2022-05-09,PETR4,32.70000076293945,33.040000915527344,32.060001373291016,32.15999984741211,11.68818473815918,92314500
2022-05-10,PETR4,32.36000061035156,32.849998474121094,32.20000076293945,32.439998626708984,11.789945602416992,60330600
2022-05-11,PETR4,32.779998779296875,33.90999984741211,32.689998626708984,33.56999969482422,12.200632095336914,108895400
2022-05-12,PETR4,33.2599983215332,34.08000183105469,33.2599983215332,33.83000183105469,12.295129776000977,114415900
2022-05-13,PETR4,34.099998474121094,34.439998626708984,33.900001525878906,34.27000045776367,12.455042839050293,67000100
2022-05-16,PETR4,34.25,34.880001068115234,34.0099983215332,34.61000061035156,12.578608512878418,92075300
2022-05-17,PETR4,35.0,35.13999938964844,34.13999938964844,34.15999984741211,12.415060043334961,90914700
2022-05-18,PETR4,34.18000030517578,34.560001373291016,33.43000030517578,33.599998474121094,12.21153450012207,80986200
2022-05-19,PETR4,33.52000045776367,34.290000915527344,33.33000183105469,34.16999816894531,12.418695449829102,63983100
2022-05-20,PETR4,34.59000015258789,34.83000183105469,34.25,34.83000183105469,12.658562660217285,79589900
2022-05-23,PETR4,35.18000030517578,36.310001373291016,35.150001525878906,36.20000076293945,13.156473159790039,93807400
2022-05-24,PETR4,31.200000762939453,32.09000015258789,30.709999084472656,31.600000381469727,12.79824161529541,154453100
2022-05-25,PETR4,31.700000762939453,32.279998779296875,31.260000228881836,32.04999923706055,12.98049545288086,69991900
2022-05-26,PETR4,32.02000045776367,32.560001373291016,31.950000762939453,32.130001068115234,13.012898445129395,78303600
2022-05-27,PETR4,32.150001525878906,32.150001525878906,30.56999969482422,30.600000381469727,12.393238067626953,118295600
2022-05-30,PETR4,30.84000015258789,30.8700008392334,29.1200008392334,29.989999771118164,12.146181106567383,98110100
2022-05-31,PETR4,30.40999984741211,30.6200008392334,29.809999465942383,30.059999465942383,12.174530029296875,83598000
2022-06-01,PETR4,29.899999618530273,30.329999923706055,29.850000381469727,30.020000457763672,12.158331871032715,46353200
2022-06-02,PETR4,29.969999313354492,30.049999237060547,29.549999237060547,29.760000228881836,12.053027153015137,50738300
2022-06-03,PETR4,29.709999084472656,30.440000534057617,29.530000686645508,30.280000686645508,12.263632774353027,60396900
2022-06-06,PETR4,30.5,30.530000686645508,29.90999984741211,30.299999237060547,12.271730422973633,39213900
2022-06-07,PETR4,30.190000534057617,31.299999237060547,30.15999984741211,30.65999984741211,12.417531967163086,80333700
2022-06-08,PETR4,30.420000076293945,31.149999618530273,30.329999923706055,30.510000228881836,12.356782913208008,65923900
2022-06-09,PETR4,30.510000228881836,30.65999984741211,29.979999542236328,30.06999969482422,12.178579330444336,53879000
2022-06-10,PETR4,30.010000228881836,30.010000228881836,29.059999465942383,29.649999618530273,12.00847339630127,63101700
2022-06-13,PETR4,29.020000457763672,29.579999923706055,28.670000076293945,29.270000457763672,11.854573249816895,64507100
2022-06-14,PETR4,29.65999984741211,30.25,29.239999771118164,29.600000381469727,11.988229751586914,68816900
2022-06-15,PETR4,30.0,30.020000457763672,28.84000015258789,29.079999923706055,11.777621269226074,72785700
2022-06-17,PETR4,28.170000076293945,28.450000762939453,26.1299991607666,27.309999465942383,11.060757637023926,184606500
2022-06-20,PETR4,26.020000457763672,28.25,25.90999984741211,27.6200008392334,11.186310768127441,92581800
2022-06-21,PETR4,27.799999237060547,28.15999984741211,26.690000534057617,27.06999969482422,10.963558197021484,85179500
2022-06-22,PETR4,26.579999923706055,27.549999237060547,26.389999389648438,26.989999771118164,10.931156158447266,57874700
2022-06-23,PETR4,26.979999542236328,27.3799991607666,26.1200008392334,26.489999771118164,10.728652954101562,69262300
2022-06-24,PETR4,26.760000228881836,27.09000015258789,26.18000030517578,26.290000915527344,10.647650718688965,53413400
2022-06-27,PETR4,26.81999969482422,28.06999969482422,26.65999984741211,27.979999542236328,11.332111358642578,90417700
2022-06-28,PETR4,28.579999923706055,28.829999923706055,28.020000457763672,28.329999923706055,11.473867416381836,51388000
2022-06-29,PETR4,28.479999542236328,28.81999969482422,27.84000015258789,28.079999923706055,11.372612953186035,52048800
2022-06-30,PETR4,27.649999618530273,28.059999465942383,27.399999618530273,27.93000030517578,11.311863899230957,49910100
2022-07-01,PETR4,28.079999923706055,28.850000381469727,27.520000457763672,28.530000686645508,11.5548677444458,64948200
2022-07-04,PETR4,28.540000915527344,29.280000686645508,28.540000915527344,29.139999389648438,11.801921844482422,37324200
2022-07-05,PETR4,28.899999618530273,28.950000762939453,27.549999237060547,28.030000686645508,11.352363586425781,78428500
2022-07-06,PETR4,28.15999984741211,28.479999542236328,26.90999984741211,27.670000076293945,11.206561088562012,57617200
2022-07-07,PETR4,28.0,28.920000076293945,28.0,28.479999542236328,11.534618377685547,52147300
2022-07-08,PETR4,28.530000686645508,28.969999313354492,28.3700008392334,28.799999237060547,11.664219856262207,43097800
2022-07-11,PETR4,28.31999969482422,28.790000915527344,28.25,28.65999984741211,11.60751724243164,39577600
2022-07-12,PETR4,28.299999237060547,28.43000030517578,27.969999313354492,28.229999542236328,11.433367729187012,46462000
2022-07-13,PETR4,28.1299991607666,28.479999542236328,27.979999542236328,28.25,11.441466331481934,35497200
2022-07-14,PETR4,28.0,28.0,27.239999771118164,27.489999771118164,11.133660316467285,47151000
2022-07-15,PETR4,27.700000762939453,28.049999237060547,27.489999771118164,27.959999084472656,11.324014663696289,38610800
2022-07-18,PETR4,28.389999389648438,28.690000534057617,28.299999237060547,28.600000381469727,11.583219528198242,46782300
2022-07-19,PETR4,28.549999237060547,29.239999771118164,28.399999618530273,29.18000030517578,11.818124771118164,48562300
2022-07-20,PETR4,29.06999969482422,29.219999313354492,28.829999923706055,29.170000076293945,11.814071655273438,43520800
2022-07-21,PETR4,28.979999542236328,29.1299991607666,28.200000762939453,29.020000457763672,11.753323554992676,58843200
2022-07-22,PETR4,29.040000915527344,29.469999313354492,28.850000381469727,29.329999923706055,11.878875732421875,55676200
2022-07-25,PETR4,29.610000610351562,30.75,29.610000610351562,30.700000762939453,12.433734893798828,79106600
2022-07-26,PETR4,31.200000762939453,31.6200008392334,30.59000015258789,31.010000228881836,12.559287071228027,78360100
2022-07-27,PETR4,31.299999237060547,31.469999313354492,30.6200008392334,31.350000381469727,12.696989059448242,56097200
2022-07-28,PETR4,31.59000015258789,32.630001068115234,31.43000030517578,32.290000915527344,13.07769775390625,114996500
2022-07-29,PETR4,33.599998474121094,34.65999984741211,32.83000183105469,34.150001525878906,13.831013679504395,181480600
2022-08-01,PETR4,34.0,34.150001525878906,33.220001220703125,33.68000030517578,13.640660285949707,81365100
2022-08-02,PETR4,33.77000045776367,34.5,33.47999954223633,33.83000183105469,13.701411247253418,69147100
2022-08-03,PETR4,34.0099983215332,34.15999984741211,33.560001373291016,33.849998474121094,13.709508895874023,65544500
2022-08-04,PETR4,34.08000183105469,34.400001525878906,33.58000183105469,34.209999084472656,13.85531234741211,54387500
2022-08-05,PETR4,34.150001525878906,35.060001373291016,34.119998931884766,34.869998931884766,14.122618675231934,77882600
2022-08-08,PETR4,35.13999938964844,36.77000045776367,35.130001068115234,36.630001068115234,14.835432052612305,109484600
2022-08-09,PETR4,37.0099983215332,37.459999084472656,36.849998474121094,37.22999954223633,15.078436851501465,79051200
2022-08-10,PETR4,37.650001525878906,37.650001525878906,36.61000061035156,37.11000061035156,15.029831886291504,78369600
2022-08-11,PETR4,37.45000076293945,37.86000061035156,36.25,36.25,14.681526184082031,128896500
2022-08-12,PETR4,29.100000381469727,31.829999923706055,29.079999923706055,31.709999084472656,15.771775245666504,171288300
2022-08-15,PETR4,30.8799991607666,32.22999954223633,30.549999237060547,31.719999313354492,15.77674674987793,96759000
2022-08-16,PETR4,31.719999313354492,32.06999969482422,31.5,32.0099983215332,15.920985221862793,64218800
2022-08-17,PETR4,31.649999618530273,32.81999969482422,31.600000381469727,32.7599983215332,16.294021606445312,72924700
2022-08-18,PETR4,33.099998474121094,33.65999984741211,32.869998931884766,33.41999816894531,16.62228775024414,84552500
2022-08-19,PETR4,32.91999816894531,33.150001525878906,31.329999923706055,31.729999542236328,15.78172492980957,125178200
2022-08-22,PETR4,31.739999771118164,32.58000183105469,30.479999542236328,32.40999984741211,16.11993980407715,92400300
2022-08-23,PETR4,32.630001068115234,33.5,32.619998931884766,33.439998626708984,16.632234573364258,73215800
2022-08-24,PETR4,33.540000915527344,34.119998931884766,33.25,33.63999938964844,16.73171043395996,61067900
2022-08-25,PETR4,34.099998474121094,34.36000061035156,32.66999816894531,33.279998779296875,16.552650451660156,99511600
2022-08-26,PETR4,33.279998779296875,33.66999816894531,32.56999969482422,33.63999938964844,16.73171043395996,63545400
2022-08-29,PETR4,33.54999923706055,35.08000183105469,33.45000076293945,34.47999954223633,17.149503707885742,73339500
2022-08-30,PETR4,34.0,34.220001220703125,32.27000045776367,32.43000030517578,16.129884719848633,99361100
2022-08-31,PETR4,32.06999969482422,33.439998626708984,31.81999969482422,33.22999954223633,16.527788162231445,114235400
2022-09-01,PETR4,33.36000061035156,33.95000076293945,32.7599983215332,33.849998474121094,16.836156845092773,69184700
2022-09-02,PETR4,34.439998626708984,34.56999969482422,33.2599983215332,33.41999816894531,16.62228775024414,81792300
2022-09-05,PETR4,33.849998474121094,34.11000061035156,33.150001525878906,33.34000015258789,16.58249855041504,76337600
2022-09-06,PETR4,32.27000045776367,32.59000015258789,31.510000228881836,32.099998474121094,15.965750694274902,111813500
2022-09-08,PETR4,32.310001373291016,32.779998779296875,31.399999618530273,31.799999237060547,15.816540718078613,63159800
2022-09-09,PETR4,32.4900016784668,32.66999816894531,31.700000762939453,31.790000915527344,15.811570167541504,49871900
2022-09-12,PETR4,32.150001525878906,32.72999954223633,31.459999084472656,31.479999542236328,15.657377243041992,71374500
2022-09-13,PETR4,30.940000534057617,31.440000534057617,30.520000457763672,30.649999618530273,15.24455738067627,88327800
2022-09-14,PETR4,30.75,31.43000030517578,30.6299991607666,31.1200008392334,15.478322982788086,49039700
2022-09-15,PETR4,30.920000076293945,31.229999542236328,30.799999237060547,31.059999465942383,15.448482513427734,45553200
2022-09-16,PETR4,30.860000610351562,30.950000762939453,30.34000015258789,30.780000686645508,15.309215545654297,107303600
2022-09-19,PETR4,30.5,31.3799991607666,29.8799991607666,31.270000457763672,15.55293083190918,65559900
2022-09-20,PETR4,31.420000076293945,31.600000381469727,30.84000015258789,31.09000015258789,15.46340274810791,67798200
2022-09-21,PETR4,31.350000381469727,31.469999313354492,30.889999389648438,31.170000076293945,15.503192901611328,58812200
2022-09-22,PETR4,31.479999542236328,32.08000183105469,31.030000686645508,31.940000534057617,15.886175155639648,69764300
2022-09-23,PETR4,31.31999969482422,31.389999389648438,29.770000457763672,29.940000534057617,14.8914213180542,138630800
2022-09-26,PETR4,29.719999313354492,30.079999923706055,29.270000457763672,29.290000915527344,14.568127632141113,42934600
2022-09-27,PETR4,29.65999984741211,29.8799991607666,29.579999923706055,29.670000076293945,14.757126808166504,71087600
2022-09-28,PETR4,29.670000076293945,29.81999969482422,28.579999923706055,29.270000457763672,14.558181762695312,104670700
2022-09-29,PETR4,28.989999771118164,29.399999618530273,28.600000381469727,29.309999465942383,14.578075408935547,87536500
2022-09-30,PETR4,29.219999313354492,30.489999771118164,29.0,29.799999237060547,14.82178783416748,121637100
2022-10-03,PETR4,31.90999984741211,32.63999938964844,31.65999984741211,32.18000030517578,16.005542755126953,179694100
2022-10-04,PETR4,32.900001525878906,32.97999954223633,31.06999969482422,31.3700008392334,15.602666854858398,115917200
2022-10-05,PETR4,31.40999984741211,32.81999969482422,31.200000762939453,32.54999923706055,16.189571380615234,92893700
2022-10-06,PETR4,33.0,33.790000915527344,32.439998626708984,33.65999984741211,16.741655349731445,82671900
2022-10-07,PETR4,33.58000183105469,34.31999969482422,33.220001220703125,33.630001068115234,16.726736068725586,73500100
2022-10-10,PETR4,33.650001525878906,33.88999938964844,33.0,33.25,16.53773307800293,52222600
2022-10-11,PETR4,32.88999938964844,33.33000183105469,32.61000061035156,33.0,16.41339111328125,58332400
2022-10-13,PETR4,32.5,34.4900016784668,32.40999984741211,33.939998626708984,16.88092041015625,91143900
2022-10-14,PETR4,33.970001220703125,34.13999938964844,33.29999923706055,33.41999816894531,16.62228775024414,62246100
2022-10-17,PETR4,33.2400016784668,34.150001525878906,32.84000015258789,33.38999938964844,16.60736656188965,100936400
2022-10-18,PETR4,33.900001525878906,34.22999954223633,33.15999984741211,34.209999084472656,17.015216827392578,82313200
2022-10-19,PETR4,34.130001068115234,35.560001373291016,34.02000045776367,35.41999816894531,17.617042541503906,113700900
2022-10-20,PETR4,36.099998474121094,36.54999923706055,35.77000045776367,36.470001220703125,18.139286041259766,114347400
2022-10-21,PETR4,36.45000076293945,38.38999938964844,36.38999938964844,37.720001220703125,18.76099967956543,139601400
2022-10-24,PETR4,36.5,36.81999969482422,34.22999954223633,34.25,17.035114288330078,142110900
2022-10-25,PETR4,34.040000915527344,34.5,33.209999084472656,33.529998779296875,16.676998138427734,113161200
2022-10-26,PETR4,32.599998474121094,33.529998779296875,31.899999618530273,32.709999084472656,16.269153594970703,121334800
2022-10-27,PETR4,32.810001373291016,33.540000915527344,32.66999816894531,32.959999084472656,16.393495559692383,111008800
2022-10-28,PETR4,32.70000076293945,33.119998931884766,31.860000610351562,32.56999969482422,16.199520111083984,129745400
2022-10-31,PETR4,30.610000610351562,31.600000381469727,29.15999984741211,29.809999465942383,14.826761245727539,262409400
2022-11-01,PETR4,30.56999969482422,30.670000076293945,29.559999465942383,29.860000610351562,14.851629257202148,115944200
2022-11-03,PETR4,29.799999237060547,30.389999389648438,29.440000534057617,29.950000762939453,14.896394729614258,139062100
2022-11-04,PETR4,30.799999237060547,30.899999618530273,28.18000030517578,28.299999237060547,14.075723648071289,195361000
2022-11-07,PETR4,27.959999084472656,28.299999237060547,27.06999969482422,27.149999618530273,13.503740310668945,117206600
2022-11-08,PETR4,27.059999465942383,27.530000686645508,26.75,27.350000381469727,13.603218078613281,94745400
2022-11-09,PETR4,27.149999618530273,27.950000762939453,26.639999389648438,26.899999618530273,13.379400253295898,103303500
2022-11-10,PETR4,26.079999923706055,26.889999389648438,25.610000610351562,26.1200008392334,12.991446495056152,145470100
2022-11-11,PETR4,25.799999237060547,27.360000610351562,25.700000762939453,26.989999771118164,13.424166679382324,146365800
2022-11-14,PETR4,27.260000228881836,28.18000030517578,27.09000015258789,27.700000762939453,13.777301788330078,66639500
2022-11-16,PETR4,27.809999465942383,28.110000610351562,26.93000030517578,27.149999618530273,13.503740310668945,85549900
2022-11-17,PETR4,27.0,27.299999237060547,26.549999237060547,27.15999984741211,13.50871753692627,101525800
2022-11-18,PETR4,27.399999618530273,27.600000381469727,26.219999313354492,26.700000762939453,13.279924392700195,127683500
2022-11-21,PETR4,27.1200008392334,27.56999969482422,26.049999237060547,26.780000686645508,13.319714546203613,164898100
2022-11-22,PETR4,23.0,23.43000030517578,22.299999237060547,23.329999923706055,12.41441822052002,164261300
2022-11-23,PETR4,23.0,23.649999618530273,22.799999237060547,23.440000534057617,12.472953796386719,77317300
2022-11-24,PETR4,23.520000457763672,24.6299991607666,23.25,24.25,12.903970718383789,94233800
2022-11-25,PETR4,24.260000228881836,24.329999923706055,23.600000381469727,23.860000610351562,12.696442604064941,58635900
2022-11-28,PETR4,23.649999618530273,24.549999237060547,23.540000915527344,24.360000610351562,12.962505340576172,56067400
2022-11-29,PETR4,24.600000381469727,25.8799991607666,24.479999542236328,25.3799991607666,13.505270004272461,96151500
2022-11-30,PETR4,25.600000381469727,26.65999984741211,25.5,26.65999984741211,14.186385154724121,120774700
2022-12-01,PETR4,26.579999923706055,26.790000915527344,25.559999465942383,25.59000015258789,13.617013931274414,71259400
2022-12-02,PETR4,25.690000534057617,26.450000762939453,25.309999465942383,25.90999984741211,13.787296295166016,66301000
2022-12-05,PETR4,26.0,26.579999923706055,25.549999237060547,25.6200008392334,13.632981300354004,56065400
2022-12-06,PETR4,25.81999969482422,26.389999389648438,25.420000076293945,25.639999389648438,13.643620491027832,74991200
2022-12-07,PETR4,25.34000015258789,26.06999969482422,25.270000457763672,25.350000381469727,13.48930549621582,57008400
2022-12-08,PETR4,25.549999237060547,25.790000915527344,24.639999389648438,24.780000686645508,13.185999870300293,55567700
2022-12-09,PETR4,24.989999771118164,25.049999237060547,24.489999771118164,24.709999084472656,13.148750305175781,61586200
2022-12-12,PETR4,24.579999923706055,24.65999984741211,23.1299991607666,23.90999984741211,12.723051071166992,111293100
2022-12-13,PETR4,24.100000381469727,24.200000762939453,23.309999465942383,23.31999969482422,12.409098625183105,102533100
2022-12-14,PETR4,22.5,22.600000381469727,20.770000457763672,21.469999313354492,11.424670219421387,319501600
2022-12-15,PETR4,21.0,22.3700008392334,20.829999923706055,22.040000915527344,11.727980613708496,132385600
2022-12-16,PETR4,21.959999084472656,22.110000610351562,21.510000228881836,22.049999237060547,11.733301162719727,90767300
2022-12-19,PETR4,22.100000381469727,22.510000228881836,21.639999389648438,22.3799991607666,11.908902168273926,63074100
2022-12-20,PETR4,22.389999389648438,23.239999771118164,22.209999084472656,23.06999969482422,12.276067733764648,71875500
2022-12-21,PETR4,23.5,23.719999313354492,22.850000381469727,23.56999969482422,12.542129516601562,74252800
2022-12-22,PETR4,23.899999618530273,24.559999465942383,23.700000762939453,23.989999771118164,12.765619277954102,81894800
2022-12-23,PETR4,24.1299991607666,25.219999313354492,24.1299991607666,25.1200008392334,13.36691951751709,68387900
2022-12-26,PETR4,25.1200008392334,25.299999237060547,24.81999969482422,24.940000534057617,13.271137237548828,28765200
2022-12-27,PETR4,25.25,25.309999465942383,24.549999237060547,25.110000610351562,13.361598014831543,50803200
2022-12-28,PETR4,25.100000381469727,25.31999969482422,24.75,24.799999237060547,13.196640014648438,57293500
2022-12-29,PETR4,24.989999771118164,25.049999237060547,24.43000030517578,24.5,13.03700065612793,57901800
2023-01-02,PETR4,23.540000915527344,23.809999465942383,22.799999237060547,22.920000076293945,12.196250915527344,78424700
2023-01-03,PETR4,22.940000534057617,23.100000381469727,22.1299991607666,22.34000015258789,11.887619018554688,96750300
2023-01-04,PETR4,21.959999084472656,23.59000015258789,21.829999923706055,23.049999237060547,12.265424728393555,129504000
2023-01-05,PETR4,23.34000015258789,24.040000915527344,23.149999618530273,23.8799991607666,12.707087516784668,73886000
2023-01-06,PETR4,23.940000534057617,24.31999969482422,23.549999237060547,23.739999771118164,12.632588386535645,51851500
2023-01-09,PETR4,23.5,24.0,23.25,23.8700008392334,12.701765060424805,46385200
2023-01-10,PETR4,23.950000762939453,24.110000610351562,23.3700008392334,24.09000015258789,12.818831443786621,52741100
2023-01-11,PETR4,24.149999618530273,24.6200008392334,24.049999237060547,24.280000686645508,12.919936180114746,53536500
2023-01-12,PETR4,24.290000915527344,24.649999618530273,24.110000610351562,24.6299991607666,13.106178283691406,58130000
2023-01-13,PETR4,24.440000534057617,24.65999984741211,24.25,24.56999969482422,13.074252128601074,40002700
2023-01-16,PETR4,24.40999984741211,24.5,23.829999923706055,24.040000915527344,12.792228698730469,31973700
2023-01-17,PETR4,24.110000610351562,25.6200008392334,24.110000610351562,25.520000457763672,13.579767227172852,91797500
2023-01-18,PETR4,25.84000015258789,26.030000686645508,25.0,25.06999969482422,13.340312957763672,69692900
2023-01-19,PETR4,25.0,25.950000762939453,24.790000915527344,25.889999389648438,13.776652336120605,75553300
2023-01-20,PETR4,25.889999389648438,26.600000381469727,25.420000076293945,26.3700008392334,14.032072067260742,114219500
2023-01-23,PETR4,26.270000457763672,27.600000381469727,26.1299991607666,26.790000915527344,14.255563735961914,87678100
2023-01-24,PETR4,27.469999313354492,27.530000686645508,26.3700008392334,26.600000381469727,14.154462814331055,65794000
2023-01-25,PETR4,26.549999237060547,27.079999923706055,26.010000228881836,26.940000534057617,14.335384368896484,51832900
2023-01-26,PETR4,27.09000015258789,27.200000762939453,25.799999237060547,26.25,13.968214988708496,73344800
2023-01-27,PETR4,26.18000030517578,26.229999542236328,25.440000534057617,25.6200008392334,13.632981300354004,47681900
2023-01-30,PETR4,25.850000381469727,26.06999969482422,25.510000228881836,25.75,13.70215892791748,40683200
2023-01-31,PETR4,25.6299991607666,26.209999084472656,25.520000457763672,26.06999969482422,13.872434616088867,54048900
2023-02-01,PETR4,26.06999969482422,26.479999542236328,25.450000762939453,25.709999084472656,13.680870056152344,56349200
2023-02-02,PETR4,25.510000228881836,25.809999465942383,24.420000076293945,24.520000457763672,13.047647476196289,83823000
2023-02-03,PETR4,24.540000915527344,25.3799991607666,24.420000076293945,24.790000915527344,13.19131851196289,71170700
2023-02-06,PETR4,24.8700008392334,25.8700008392334,24.75,25.780000686645508,13.718119621276855,82794500
2023-02-07,PETR4,25.90999984741211,26.139999389648438,25.459999084472656,25.6200008392334,13.632981300354004,55311800
2023-02-08,PETR4,25.799999237060547,26.149999618530273,25.559999465942383,26.049999237060547,13.861791610717773,48713100
2023-02-09,PETR4,26.049999237060547,26.31999969482422,25.790000915527344,25.93000030517578,13.79793930053711,38198300
2023-02-10,PETR4,25.979999542236328,26.790000915527344,25.93000030517578,26.719999313354492,14.218316078186035,54683100
2023-02-13,PETR4,26.690000534057617,26.889999389648438,26.3700008392334,26.799999237060547,14.260885238647461,36726900
2023-02-14,PETR4,26.850000381469727,27.059999465942383,26.600000381469727,26.700000762939453,14.207671165466309,35839000
2023-02-15,PETR4,26.579999923706055,26.799999237060547,26.299999237060547,26.739999771118164,14.228955268859863,72554100
2023-02-16,PETR4,26.600000381469727,26.950000762939453,26.489999771118164,26.850000381469727,14.287492752075195,44115700
2023-02-17,PETR4,26.670000076293945,26.670000076293945,26.3700008392334,26.440000534057617,14.06932258605957,61085700
2023-02-22,PETR4,26.0,26.110000610351562,25.690000534057617,25.760000228881836,13.707475662231445,38608500
2023-02-23,PETR4,25.770000457763672,26.790000915527344,25.770000457763672,26.549999237060547,14.127854347229004,73913400
2023-02-24,PETR4,26.670000076293945,26.700000762939453,25.8700008392334,25.899999618530273,13.781973838806152,64409100
2023-02-27,PETR4,25.84000015258789,26.739999771118164,25.809999465942383,26.149999618530273,13.915005683898926,76250600
2023-02-28,PETR4,26.209999084472656,26.920000076293945,25.239999771118164,25.239999771118164,13.43077278137207,130248100
2023-03-01,PETR4,25.309999465942383,25.43000030517578,24.190000534057617,25.299999237060547,13.462698936462402,109257700
2023-03-02,PETR4,25.420000076293945,25.670000076293945,24.3700008392334,24.639999389648438,13.11149787902832,124516200
2023-03-03,PETR4,24.829999923706055,25.739999771118164,24.450000762939453,25.700000762939453,13.675552368164062,87591800
2023-03-06,PETR4,25.700000762939453,26.1200008392334,25.3700008392334,25.959999084472656,13.81390380859375,50227400
2023-03-07,PETR4,25.719999313354492,25.780000686645508,24.93000030517578,25.100000381469727,13.35627555847168,59052500
2023-03-08,PETR4,25.149999618530273,25.920000076293945,25.1299991607666,25.420000076293945,13.526556015014648,66220400
2023-03-09,PETR4,25.350000381469727,26.229999542236328,25.280000686645508,25.309999465942383,13.468023300170898,68042300
2023-03-10,PETR4,25.15999984741211,25.579999923706055,24.940000534057617,24.979999542236328,13.292421340942383,48118600
2023-03-13,PETR4,24.549999237060547,24.860000610351562,24.100000381469727,24.190000534057617,12.87204360961914,58605500
2023-03-14,PETR4,24.280000686645508,24.729999542236328,23.600000381469727,23.760000228881836,12.643232345581055,58916700
2023-03-15,PETR4,23.329999923706055,23.479999542236328,22.799999237060547,23.34000015258789,12.419740676879883,93708800
2023-03-16,PETR4,23.399999618530273,23.520000457763672,22.969999313354492,23.260000228881836,12.377169609069824,66821000
2023-03-17,PETR4,23.100000381469727,23.510000228881836,22.860000610351562,23.510000228881836,12.51020336151123,93502700
2023-03-20,PETR4,23.510000228881836,23.649999618530273,22.889999389648438,22.93000030517578,12.201569557189941,57575200
2023-03-21,PETR4,23.200000762939453,23.600000381469727,23.079999923706055,23.399999618530273,12.451666831970215,43391200
2023-03-22,PETR4,23.389999389648438,23.6200008392334,23.040000915527344,23.329999923706055,12.41441822052002,46435600
2023-03-23,PETR4,23.3700008392334,23.670000076293945,22.59000015258789,22.799999237060547,12.132392883300781,74711200
2023-03-24,PETR4,22.709999084472656,23.1299991607666,22.479999542236328,22.790000915527344,12.12707233428955,52556800
2023-03-27,PETR4,23.110000610351562,23.360000610351562,22.829999923706055,23.18000030517578,12.334600448608398,39148700
2023-03-28,PETR4,23.219999313354492,23.639999389648438,23.149999618530273,23.59000015258789,12.552769660949707,29091100
2023-03-29,PETR4,23.709999084472656,24.040000915527344,23.469999313354492,23.899999618530273,12.717728614807129,49148600
2023-03-30,PETR4,24.25,24.280000686645508,23.68000030517578,23.969999313354492,12.754980087280273,56116900
2023-03-31,PETR4,24.0,24.219999313354492,23.209999084472656,23.450000762939453,12.478273391723633,59547800
2023-04-03,PETR4,24.09000015258789,24.5,23.799999237060547,24.489999771118164,13.031681060791016,73931200
2023-04-04,PETR4,24.6299991607666,24.760000228881836,24.100000381469727,24.270000457763672,12.914615631103516,57505700
2023-04-05,PETR4,24.190000534057617,24.530000686645508,23.270000457763672,24.350000381469727,12.957182884216309,93626400
2023-04-06,PETR4,24.34000015258789,24.420000076293945,23.950000762939453,24.0,12.770942687988281,29565400
2023-04-10,PETR4,24.030000686645508,24.65999984741211,24.030000686645508,24.510000228881836,13.042323112487793,41455900
2023-04-11,PETR4,24.700000762939453,25.700000762939453,24.6299991607666,25.65999984741211,13.654263496398926,80565000
2023-04-12,PETR4,25.979999542236328,26.149999618530273,25.18000030517578,25.850000381469727,13.755369186401367,71563400
2023-04-13,PETR4,25.850000381469727,26.09000015258789,25.799999237060547,26.030000686645508,13.851151466369629,38852800
2023-04-14,PETR4,25.799999237060547,26.399999618530273,25.719999313354492,26.299999237060547,13.994821548461914,38421100
2023-04-17,PETR4,26.239999771118164,26.799999237060547,26.209999084472656,26.709999084472656,14.212991714477539,49427100
2023-04-18,PETR4,26.709999084472656,27.6200008392334,26.520000457763672,27.389999389648438,14.574838638305664,99478800
2023-04-19,PETR4,27.15999984741211,27.309999465942383,26.450000762939453,26.510000228881836,14.106568336486816,73217800
2023-04-20,PETR4,26.520000457763672,26.979999542236328,26.290000915527344,26.690000534057617,14.202349662780762,54738400
2023-04-24,PETR4,26.600000381469727,27.260000228881836,26.5,27.200000762939453,14.473732948303223,43820900
2023-04-25,PETR4,27.15999984741211,27.5,26.719999313354492,27.09000015258789,14.415199279785156,53854100
2023-04-26,PETR4,27.1200008392334,27.219999313354492,26.75,26.75,14.23427963256836,40249400
2023-04-27,PETR4,26.850000381469727,27.18000030517578,25.90999984741211,26.100000381469727,13.888398170471191,115632700
2023-04-28,PETR4,23.600000381469727,24.049999237060547,23.149999618530273,23.700000762939453,14.20618724822998,81138500
2023-05-02,PETR4,23.700000762939453,23.739999771118164,22.639999389648438,22.739999771118164,13.630745887756348,67911100
2023-05-03,PETR4,22.600000381469727,22.989999771118164,22.420000076293945,22.65999984741211,13.582793235778809,51133700
2023-05-04,PETR4,22.889999389648438,23.3799991607666,22.610000610351562,23.020000457763672,13.798584938049316,57854400
2023-05-05,PETR4,23.299999237060547,24.170000076293945,23.18000030517578,24.0,14.386014938354492,83365200
2023-05-08,PETR4,24.450000762939453,24.6299991607666,24.209999084472656,24.510000228881836,14.6917142868042,59352300
2023-05-09,PETR4,24.40999984741211,24.799999237060547,24.239999771118164,24.59000015258789,14.73967170715332,33978200
2023-05-10,PETR4,24.59000015258789,24.81999969482422,24.329999923706055,24.530000686645508,14.703702926635742,41500700
2023-05-11,PETR4,24.1299991607666,25.479999542236328,23.93000030517578,25.43000030517578,15.243180274963379,136878100
2023-05-12,PETR4,25.579999923706055,26.739999771118164,25.479999542236328,26.25,15.734701156616211,117237500
2023-05-15,PETR4,26.059999465942383,26.149999618530273,25.399999618530273,25.65999984741211,15.381043434143066,81996700
2023-05-16,PETR4,26.110000610351562,27.030000686645508,26.079999923706055,26.299999237060547,15.76467227935791,117782700
2023-05-17,PETR4,26.600000381469727,26.760000228881836,25.510000228881836,25.65999984741211,15.381043434143066,107129200
2023-05-18,PETR4,25.59000015258789,25.850000381469727,25.350000381469727,25.809999465942383,15.470961570739746,63010500
2023-05-19,PETR4,26.079999923706055,26.18000030517578,25.639999389648438,25.770000457763672,15.446981430053711,69245500
2023-05-22,PETR4,25.8799991607666,26.010000228881836,25.5,25.6200008392334,15.35706901550293,38010200
2023-05-23,PETR4,25.649999618530273,26.43000030517578,25.520000457763672,26.25,15.734701156616211,58285300
2023-05-24,PETR4,26.25,26.899999618530273,26.049999237060547,26.649999618530273,15.974471092224121,54796400
2023-05-25,PETR4,26.799999237060547,26.84000015258789,26.190000534057617,26.450000762939453,15.854585647583008,49182700
2023-05-26,PETR4,26.809999465942383,26.90999984741211,26.530000686645508,26.799999237060547,16.064376831054688,39866600
2023-05-29,PETR4,26.75,26.81999969482422,26.559999465942383,26.690000534057617,15.998445510864258,17977100
2023-05-30,PETR4,26.719999313354492,26.799999237060547,26.260000228881836,26.389999389648438,15.818620681762695,45736700
2023-05-31,PETR4,26.270000457763672,26.360000610351562,25.8700008392334,26.1200008392334,15.656777381896973,49207600
2023-06-01,PETR4,26.299999237060547,27.0,26.15999984741211,26.959999084472656,16.16028594970703,63148200
2023-06-02,PETR4,27.43000030517578,27.600000381469727,27.110000610351562,27.18000030517578,16.292160034179688,39919300
2023-06-05,PETR4,27.540000915527344,27.559999465942383,27.229999542236328,27.469999313354492,16.465986251831055,39321700
2023-06-06,PETR4,27.450000762939453,28.25,27.209999084472656,28.049999237060547,16.81365203857422,75426600
2023-06-07,PETR4,28.649999618530273,29.059999465942383,28.43000030517578,28.8700008392334,17.30517578125,82330400
2023-06-09,PETR4,29.100000381469727,30.389999389648438,29.020000457763672,30.280000686645508,18.15035629272461,80442400
2023-06-12,PETR4,30.219999313354492,30.989999771118164,30.040000915527344,30.809999465942383,18.468046188354492,119350400
2023-06-13,PETR4,29.239999771118164,29.239999771118164,28.59000015258789,28.860000610351562,18.432008743286133,79174900
2023-06-14,PETR4,28.940000534057617,30.100000381469727,28.8799991607666,30.100000381469727,19.223957061767578,98326000
2023-06-15,PETR4,30.200000762939453,30.850000381469727,29.280000686645508,29.389999389648438,18.770503997802734,120579500
2023-06-16,PETR4,29.229999542236328,29.920000076293945,29.040000915527344,29.639999389648438,18.9301700592041,94572000
2023-06-19,PETR4,29.6299991607666,30.459999084472656,29.549999237060547,30.420000076293945,19.42833137512207,34573900
2023-06-20,PETR4,30.299999237060547,30.75,29.899999618530273,30.56999969482422,19.524133682250977,55605300
2023-06-21,PETR4,30.93000030517578,32.0,30.850000381469727,31.850000381469727,20.341630935668945,89294300
2023-06-22,PETR4,31.459999084472656,31.690000534057617,31.079999923706055,31.450000762939453,20.086162567138672,43455800
2023-06-23,PETR4,31.200000762939453,31.280000686645508,29.889999389648438,30.15999984741211,19.262277603149414,76023400
2023-06-26,PETR4,30.1200008392334,31.049999237060547,30.1200008392334,30.84000015258789,19.69657325744629,53635000
2023-06-27,PETR4,30.93000030517578,31.200000762939453,30.34000015258789,30.600000381469727,19.543291091918945,48399600
2023-06-28,PETR4,30.579999923706055,31.18000030517578,30.549999237060547,30.889999389648438,19.728506088256836,36794600
2023-06-29,PETR4,31.0,31.1200008392334,30.760000228881836,31.030000686645508,19.817922592163086,32071800
2023-06-30,PETR4,31.0,31.079999923706055,29.31999969482422,29.530000686645508,18.859914779663086,104262900
2023-07-03,PETR4,29.719999313354492,30.18000030517578,29.719999313354492,30.079999923706055,19.211185455322266,31266900
2023-07-04,PETR4,29.959999084472656,30.389999389648438,29.959999084472656,30.149999618530273,19.255889892578125,18308000
2023-07-05,PETR4,30.15999984741211,30.549999237060547,29.65999984741211,30.110000610351562,19.230342864990234,53585500
2023-07-06,PETR4,29.850000381469727,30.0,29.149999618530273,29.649999618530273,18.936555862426758,47685700
2023-07-07,PETR4,29.760000228881836,30.200000762939453,29.360000610351562,29.5,18.840757369995117,55533500
2023-07-10,PETR4,29.110000610351562,29.670000076293945,29.010000228881836,29.549999237060547,18.872692108154297,25590200
2023-07-11,PETR4,29.530000686645508,29.530000686645508,29.0,29.149999618530273,18.617219924926758,40877000
2023-07-12,PETR4,29.200000762939453,29.770000457763672,29.139999389648438,29.170000076293945,18.62999725341797,40181800
2023-07-13,PETR4,29.06999969482422,29.719999313354492,29.040000915527344,29.6299991607666,18.923784255981445,35886500
2023-07-14,PETR4,29.5,29.579999923706055,28.860000610351562,29.049999237060547,18.55335235595703,34451100
2023-07-17,PETR4,28.40999984741211,29.09000015258789,27.950000762939453,28.989999771118164,18.515033721923828,52160800
2023-07-18,PETR4,29.0,29.200000762939453,28.709999084472656,28.829999923706055,18.412845611572266,35640400
2023-07-19,PETR4,28.809999465942383,29.1299991607666,28.56999969482422,29.100000381469727,18.585289001464844,46517700
2023-07-20,PETR4,29.06999969482422,29.350000381469727,28.8799991607666,29.1299991607666,18.604448318481445,33177100
2023-07-21,PETR4,29.149999618530273,29.860000610351562,29.1299991607666,29.68000030517578,18.955717086791992,52059200
2023-07-24,PETR4,29.799999237060547,30.40999984741211,29.760000228881836,30.299999237060547,19.351688385009766,45268100
2023-07-25,PETR4,30.5,31.049999237060547,30.200000762939453,31.0,19.79875946044922,56261000
2023-07-26,PETR4,30.950000762939453,31.219999313354492,30.6299991607666,31.0,19.79875946044922,45880200
2023-07-27,PETR4,30.850000381469727,30.889999389648438,29.3799991607666,29.389999389648438,18.770503997802734,86471900
2023-07-28,PETR4,29.43000030517578,29.950000762939453,29.31999969482422,29.760000228881836,19.006811141967773,43608600
2023-07-31,PETR4,30.299999237060547,31.149999618530273,30.299999237060547,31.110000610351562,19.869014739990234,91290800
2023-08-01,PETR4,31.09000015258789,31.09000015258789,29.950000762939453,30.600000381469727,19.543291091918945,75752400
2023-08-02,PETR4,30.510000228881836,30.579999923706055,29.799999237060547,30.530000686645508,19.49858856201172,62068400
2023-08-03,PETR4,30.93000030517578,31.1299991607666,30.6200008392334,30.920000076293945,19.747669219970703,57304400
2023-08-04,PETR4,30.700000762939453,31.139999389648438,29.739999771118164,30.0,19.160091400146484,120685800
2023-08-07,PETR4,29.860000610351562,30.5,29.860000610351562,30.190000534057617,19.281436920166016,44984900
2023-08-08,PETR4,29.90999984741211,30.389999389648438,29.719999313354492,30.219999313354492,19.300600051879883,34771300
2023-08-09,PETR4,30.209999084472656,30.719999313354492,30.15999984741211,30.459999084472656,19.45387840270996,48561500
2023-08-10,PETR4,30.299999237060547,30.860000610351562,30.1200008392334,30.6299991607666,19.562450408935547,54020200
2023-08-11,PETR4,30.610000610351562,31.040000915527344,30.15999984741211,30.559999465942383,19.517744064331055,39403200
2023-08-14,PETR4,30.479999542236328,30.739999771118164,30.270000457763672,30.639999389648438,19.568838119506836,27992700
2023-08-15,PETR4,32.04999923706055,32.150001525878906,30.850000381469727,30.860000610351562,19.709346771240234,87366200
2023-08-16,PETR4,31.0,31.979999542236328,30.8799991607666,31.540000915527344,20.14364242553711,74461000
2023-08-17,PETR4,31.75,32.189998626708984,31.309999465942383,31.440000534057617,20.079776763916016,57570600
2023-08-18,PETR4,31.40999984741211,31.68000030517578,31.18000030517578,31.520000457763672,20.13086700439453,45579700
2023-08-21,PETR4,31.700000762939453,32.029998779296875,30.969999313354492,31.299999237060547,19.9903621673584,42236900
2023-08-22,PETR4,30.5,30.610000610351562,30.239999771118164,30.610000610351562,20.29488754272461,31372200
2023-08-23,PETR4,31.200000762939453,32.2400016784668,31.09000015258789,32.2400016784668,21.375600814819336,95507400
2023-08-24,PETR4,32.27000045776367,32.720001220703125,31.84000015258789,32.189998626708984,21.34244728088379,49332300
2023-08-25,PETR4,32.380001068115234,32.470001220703125,31.799999237060547,31.969999313354492,21.19658660888672,34079000
2023-08-28,PETR4,32.099998474121094,32.34000015258789,31.860000610351562,32.33000183105469,21.435272216796875,24956100
2023-08-29,PETR4,32.400001525878906,32.5,31.989999771118164,32.400001525878906,21.48168182373047,40607500
2023-08-30,PETR4,32.40999984741211,32.70000076293945,32.29999923706055,32.619998931884766,21.627544403076172,34637900
2023-08-31,PETR4,32.709999084472656,32.790000915527344,31.8799991607666,31.940000534057617,21.17669677734375,48971500
2023-09-01,PETR4,32.209999084472656,32.689998626708984,31.959999084472656,32.630001068115234,21.63417625427246,50089200
2023-09-04,PETR4,32.68000030517578,32.720001220703125,32.209999084472656,32.290000915527344,21.408750534057617,21667400
2023-09-05,PETR4,32.27000045776367,33.4900016784668,32.220001220703125,33.369998931884766,22.12480926513672,75082900
2023-09-06,PETR4,33.349998474121094,33.79999923706055,33.220001220703125,33.52000045776367,22.224258422851562,57856500
2023-09-08,PETR4,33.47999954223633,33.66999816894531,33.2599983215332,33.400001525878906,22.144695281982422,39074100
2023-09-11,PETR4,33.470001220703125,33.689998626708984,33.33000183105469,33.369998931884766,22.12480926513672,30276200
2023-09-12,PETR4,33.54999923706055,33.779998779296875,33.4900016784668,33.529998779296875,22.23089027404785,31963000
2023-09-13,PETR4,33.650001525878906,33.70000076293945,33.029998779296875,33.029998779296875,21.899381637573242,47685700
2023-09-14,PETR4,33.099998474121094,34.0,33.099998474121094,33.869998931884766,22.456315994262695,46502100
2023-09-15,PETR4,33.869998931884766,33.9900016784668,33.61000061035156,33.88999938964844,22.469573974609375,54801500
2023-09-18,PETR4,34.0,34.709999084472656,33.849998474121094,34.130001068115234,22.628698348999023,52363400
2023-09-19,PETR4,34.209999084472656,34.619998931884766,34.06999969482422,34.209999084472656,22.68174171447754,43247200
2023-09-20,PETR4,34.150001525878906,34.61000061035156,34.0099983215332,34.290000915527344,22.73478126525879,39102300
2023-09-21,PETR4,34.0,34.290000915527344,33.630001068115234,33.7599983215332,22.383384704589844,60109400
2023-09-22,PETR4,34.02000045776367,34.189998626708984,33.810001373291016,34.029998779296875,22.562397003173828,31020500
2023-09-25,PETR4,33.95000076293945,34.33000183105469,33.93000030517578,34.25,22.708263397216797,26767200
2023-09-26,PETR4,34.0,34.09000015258789,33.459999084472656,33.459999084472656,22.184478759765625,60687500
2023-09-27,PETR4,33.86000061035156,34.52000045776367,33.779998779296875,34.52000045776367,22.887277603149414,53708700
2023-09-28,PETR4,34.45000076293945,34.540000915527344,34.209999084472656,34.45000076293945,22.840864181518555,30765000
2023-09-29,PETR4,34.5,34.689998626708984,34.25,34.63999938964844,22.966833114624023,40227600
2023-10-02,PETR4,34.54999923706055,34.77000045776367,33.93000030517578,34.119998931884766,22.622068405151367,34403400
2023-10-03,PETR4,33.970001220703125,34.22999954223633,33.630001068115234,33.970001220703125,22.52261734008789,37947300
2023-10-04,PETR4,33.599998474121094,33.709999084472656,32.38999938964844,32.619998931884766,21.627544403076172,88895900
2023-10-05,PETR4,32.5099983215332,32.939998626708984,32.290000915527344,32.72999954223633,21.700477600097656,35342000
2023-10-06,PETR4,32.599998474121094,33.81999969482422,32.33000183105469,33.5099983215332,22.217626571655273,48132800
2023-10-09,PETR4,34.150001525878906,35.08000183105469,34.099998474121094,34.95000076293945,23.172367095947266,77528400
2023-10-10,PETR4,34.900001525878906,35.34000015258789,34.7400016784668,35.209999084472656,23.344755172729492,48326500
2023-10-11,PETR4,35.13999938964844,35.25,34.4900016784668,35.119998931884766,23.285085678100586,41578500
2023-10-13,PETR4,35.790000915527344,36.36000061035156,35.779998779296875,36.279998779296875,24.05417823791504,66943700
2023-10-16,PETR4,36.400001525878906,36.79999923706055,35.959999084472656,36.68000030517578,24.31939125061035,49626600
2023-10-17,PETR4,36.70000076293945,37.66999816894531,36.630001068115234,37.66999816894531,24.975770950317383,68814800
2023-10-18,PETR4,37.9900016784668,38.61000061035156,37.90999984741211,38.52000045776367,25.539331436157227,85931700
2023-10-19,PETR4,38.36000061035156,38.470001220703125,37.91999816894531,38.34000015258789,25.419992446899414,56016600
2023-10-20,PETR4,38.689998626708984,38.86000061035156,37.38999938964844,37.849998474121094,25.095117568969727,66242400
2023-10-23,PETR4,36.59000015258789,36.79999923706055,35.2599983215332,35.349998474121094,23.437578201293945,104499100
2023-10-24,PETR4,35.650001525878906,36.189998626708984,35.16999816894531,35.880001068115234,23.788976669311523,78634900
2023-10-25,PETR4,36.08000183105469,36.279998779296875,35.75,36.06999969482422,23.91495132446289,32846500
2023-10-26,PETR4,35.849998474121094,35.93000030517578,35.150001525878906,35.70000076293945,23.669633865356445,47858600
2023-10-27,PETR4,36.209999084472656,36.459999084472656,35.16999816894531,35.439998626708984,23.497251510620117,45843100
2023-10-30,PETR4,35.58000183105469,35.720001220703125,34.86000061035156,35.08000183105469,23.25856590270996,31346900
2023-10-31,PETR4,35.0099983215332,35.18000030517578,34.4900016784668,34.7400016784668,23.033138275146484,36965200
2023-11-01,PETR4,35.02000045776367,35.540000915527344,34.900001525878906,35.119998931884766,23.285085678100586,46335300
2023-11-03,PETR4,35.790000915527344,35.88999938964844,35.04999923706055,35.540000915527344,23.563552856445312,30959700
2023-11-06,PETR4,35.7400016784668,36.130001068115234,35.5099983215332,35.5099983215332,23.543655395507812,33583600
2023-11-07,PETR4,35.06999969482422,35.41999816894531,34.65999984741211,34.91999816894531,23.152475357055664,48919900
2023-11-08,PETR4,34.599998474121094,34.79999923706055,33.90999984741211,34.16999816894531,22.655216217041016,59742900
2023-11-09,PETR4,34.5,35.150001525878906,34.36000061035156,34.880001068115234,23.125959396362305,56231100
2023-11-10,PETR4,34.65999984741211,35.060001373291016,34.5099983215332,34.720001220703125,23.01987648010254,40004800
2023-11-13,PETR4,34.68000030517578,35.75,34.66999816894531,35.689998626708984,23.663007736206055,44120000
2023-11-14,PETR4,35.689998626708984,36.2400016784668,35.4900016784668,36.18000030517578,23.987878799438477,50888600
2023-11-16,PETR4,35.97999954223633,36.4900016784668,35.5,35.54999923706055,23.57017707824707,72361200
2023-11-17,PETR4,35.83000183105469,36.91999816894531,35.81999969482422,36.709999084472656,24.339277267456055,87666300
2023-11-20,PETR4,36.77000045776367,37.220001220703125,36.27000045776367,36.7400016784668,24.359169006347656,67796900
2023-11-21,PETR4,36.540000915527344,36.540000915527344,35.90999984741211,36.36000061035156,24.107219696044922,49597800
2023-11-22,PETR4,34.900001525878906,35.15999984741211,34.25,35.15999984741211,24.22521209716797,58578300
2023-11-23,PETR4,35.130001068115234,35.25,34.810001373291016,35.16999816894531,24.23209571838379,24068100
2023-11-24,PETR4,34.97999954223633,35.81999969482422,34.709999084472656,35.27000045776367,24.301002502441406,53456200
2023-11-27,PETR4,35.0,35.400001525878906,34.75,35.06999969482422,24.1632022857666,36996000
2023-11-28,PETR4,35.16999816894531,35.619998931884766,35.150001525878906,35.599998474121094,24.528369903564453,36875900
2023-11-29,PETR4,35.900001525878906,36.029998779296875,34.939998626708984,35.22999954223633,24.2734432220459,37528600
2023-11-30,PETR4,35.459999084472656,35.91999816894531,35.2400016784668,35.90999984741211,24.741962432861328,58808800
2023-12-01,PETR4,35.720001220703125,36.0,35.529998779296875,35.66999816894531,24.576601028442383,36388100
2023-12-04,PETR4,35.439998626708984,35.54999923706055,34.849998474121094,34.90999984741211,24.052961349487305,35601900
2023-12-05,PETR4,34.91999816894531,35.16999816894531,34.68000030517578,34.75,23.942724227905273,43234200
2023-12-06,PETR4,34.54999923706055,34.79999923706055,33.5,33.5,23.081470489501953,64179200
2023-12-07,PETR4,33.650001525878906,34.18000030517578,33.040000915527344,33.41999816894531,23.026351928710938,64723900
2023-12-08,PETR4,33.709999084472656,34.540000915527344,33.47999954223633,34.4900016784668,23.76358413696289,53290700
2023-12-11,PETR4,34.459999084472656,34.689998626708984,34.2400016784668,34.36000061035156,23.67401123046875,30613300
2023-12-12,PETR4,34.54999923706055,34.599998474121094,33.79999923706055,34.08000183105469,23.481094360351562,30371500
2023-12-13,PETR4,34.209999084472656,34.619998931884766,34.13999938964844,34.56999969482422,23.818702697753906,38992900
2023-12-14,PETR4,35.0,35.7400016784668,34.84000015258789,35.31999969482422,24.33544921875,57950000
2023-12-15,PETR4,35.279998779296875,35.790000915527344,35.0,35.400001525878906,24.390573501586914,56570100
2023-12-18,PETR4,35.75,36.29999923706055,35.58000183105469,35.84000015258789,24.693735122680664,44474300
2023-12-19,PETR4,35.959999084472656,36.25,35.810001373291016,36.25,24.976224899291992,32183000
2023-12-20,PETR4,36.369998931884766,36.7400016784668,36.290000915527344,36.380001068115234,25.0657901763916,38947900
2023-12-21,PETR4,36.66999816894531,36.68000030517578,36.06999969482422,36.38999938964844,25.072677612304688,30511900
2023-12-22,PETR4,36.5,36.79999923706055,36.369998931884766,36.7400016784668,25.313833236694336,31234700
2023-12-26,PETR4,36.86000061035156,37.369998931884766,36.83000183105469,37.33000183105469,25.72034454345703,23466800
2023-12-27,PETR4,37.31999969482422,37.43000030517578,37.130001068115234,37.36000061035156,25.741010665893555,19588500
2023-12-28,PETR4,37.22999954223633,37.36000061035156,37.040000915527344,37.2400016784668,25.65833282470703,21421900
2024-01-02,PETR4,37.439998626708984,37.88999938964844,37.400001525878906,37.779998779296875,26.030391693115234,24043800
2024-01-03,PETR4,37.79999923706055,39.119998931884766,37.66999816894531,38.959999084472656,26.843408584594727,52300200
2024-01-04,PETR4,39.119998931884766,39.349998474121094,38.5099983215332,38.630001068115234,26.61603546142578,45344900
2024-01-05,PETR4,38.869998931884766,39.13999938964844,38.40999984741211,38.720001220703125,26.678049087524414,35783700
2024-01-08,PETR4,38.380001068115234,38.43000030517578,37.61000061035156,38.43000030517578,26.47823715209961,35158100
2024-01-09,PETR4,38.66999816894531,38.75,38.029998779296875,38.099998474121094,26.250869750976562,27279000
2024-01-10,PETR4,38.099998474121094,38.27000045776367,37.5099983215332,37.75,26.00971794128418,27382000
2024-01-11,PETR4,37.97999954223633,38.150001525878906,37.70000076293945,38.06999969482422,26.230199813842773,26564400
2024-01-12,PETR4,38.5,38.72999954223633,38.16999816894531,38.16999816894531,26.29909896850586,24479500
2024-01-15,PETR4,37.9900016784668,38.619998931884766,37.86000061035156,38.58000183105469,26.581588745117188,13818300
2024-01-16,PETR4,38.61000061035156,38.790000915527344,38.08000183105469,38.099998474121094,26.250869750976562,31277700
2024-01-17,PETR4,37.970001220703125,38.150001525878906,37.81999969482422,37.880001068115234,26.099288940429688,27577300
2024-01-18,PETR4,38.13999938964844,38.13999938964844,37.560001373291016,37.72999954223633,25.995943069458008,22987200
2024-01-19,PETR4,37.810001373291016,37.900001525878906,37.22999954223633,37.529998779296875,25.858139038085938,31745200
2024-01-22,PETR4,37.5,37.810001373291016,37.22999954223633,37.70000076293945,25.97526741027832,22753700
2024-01-23,PETR4,37.84000015258789,38.369998931884766,37.43000030517578,38.16999816894531,26.29909896850586,32498500
2024-01-24,PETR4,38.290000915527344,38.540000915527344,37.77000045776367,37.880001068115234,26.099288940429688,25415300
2024-01-25,PETR4,38.2599983215332,39.279998779296875,38.130001068115234,39.279998779296875,27.063892364501953,48655300
2024-01-26,PETR4,39.099998474121094,40.09000015258789,38.90999984741211,39.959999084472656,27.53240966796875,41378200
2024-01-29,PETR4,40.0,40.59000015258789,39.83000183105469,40.56999969482422,27.95269775390625,30547500
2024-01-30,PETR4,40.16999816894531,40.7400016784668,40.04999923706055,40.31999969482422,27.78044891357422,34829000
2024-01-31,PETR4,40.22999954223633,41.2400016784668,40.18000030517578,40.7599983215332,28.083608627319336,57978900
2024-02-01,PETR4,40.779998779296875,41.880001068115234,40.66999816894531,41.56999969482422,28.641698837280273,61629200
2024-02-02,PETR4,41.58000183105469,41.779998779296875,41.02000045776367,41.029998779296875,28.269638061523438,36485600
2024-02-05,PETR4,41.0099983215332,41.68000030517578,40.93000030517578,41.209999084472656,28.393657684326172,27703000
2024-02-06,PETR4,41.45000076293945,42.349998474121094,41.27000045776367,41.59000015258789,28.655481338500977,35474600
2024-02-07,PETR4,41.52000045776367,42.20000076293945,41.41999816894531,42.20000076293945,29.075769424438477,30648100
2024-02-08,PETR4,42.29999923706055,42.45000076293945,41.86000061035156,41.86000061035156,28.841506958007812,25589100
2024-02-09,PETR4,42.13999938964844,42.33000183105469,41.29999923706055,41.29999923706055,28.455663681030273,30388000
2024-02-14,PETR4,41.099998474121094,41.400001525878906,40.86000061035156,40.9900016784668,28.24207878112793,18315300
2024-02-15,PETR4,41.0099983215332,42.29999923706055,40.849998474121094,42.29999923706055,29.14466667175293,33246400
2024-02-16,PETR4,42.09000015258789,42.88999938964844,42.060001373291016,42.689998626708984,29.413375854492188,37268900
2024-02-19,PETR4,42.7599983215332,42.939998626708984,42.560001373291016,42.900001525878906,29.558069229125977,12826700
2024-02-20,PETR4,42.77000045776367,42.81999969482422,42.099998474121094,42.45000076293945,29.248016357421875,42375400
2024-02-21,PETR4,42.45000076293945,42.720001220703125,42.130001068115234,42.5099983215332,29.289356231689453,20873800
2024-02-22,PETR4,42.66999816894531,42.68000030517578,41.79999923706055,42.189998626708984,29.068876266479492,32162800
2024-02-23,PETR4,42.13999938964844,42.2400016784668,41.61000061035156,41.900001525878906,28.869068145751953,43924500
2024-02-26,PETR4,41.900001525878906,42.72999954223633,41.83000183105469,42.689998626708984,29.413375854492188,25885700
2024-02-27,PETR4,42.70000076293945,42.81999969482422,42.380001068115234,42.630001068115234,29.37204360961914,27678100
2024-02-28,PETR4,42.52000045776367,42.939998626708984,39.83000183105469,40.43000030517578,27.856239318847656,112322000
2024-02-29,PETR4,40.59000015258789,41.2400016784668,39.849998474121094,40.13999938964844,27.656423568725586,61899800
2024-03-01,PETR4,40.349998474121094,40.849998474121094,40.13999938964844,40.18000030517578,27.683988571166992,31248500
2024-03-04,PETR4,40.27000045776367,40.75,40.02000045776367,40.08000183105469,27.615087509155273,21988000
2024-03-05,PETR4,40.099998474121094,40.369998931884766,39.61000061035156,39.959999084472656,27.53240966796875,30293300
2024-03-06,PETR4,40.20000076293945,40.84000015258789,40.11000061035156,40.84000015258789,28.138731002807617,45481000
2024-03-07,PETR4,40.63999938964844,40.939998626708984,40.279998779296875,40.38999938964844,27.82868003845215,50199800
2024-03-08,PETR4,35.900001525878906,37.060001373291016,35.099998474121094,36.70000076293945,25.286273956298828,230369800
2024-03-11,PETR4,35.66999816894531,37.7400016784668,35.29999923706055,35.650001525878906,24.562820434570312,127528700
2024-03-12,PETR4,36.349998474121094,37.22999954223633,36.15999984741211,36.81999969482422,25.36895179748535,76139100
2024-03-13,PETR4,36.900001525878906,37.33000183105469,36.310001373291016,36.380001068115234,25.0657901763916,45140600
2024-03-14,PETR4,36.7400016784668,36.91999816894531,36.150001525878906,36.220001220703125,24.955554962158203,39983400
2024-03-15,PETR4,36.29999923706055,36.45000076293945,35.939998626708984,36.31999969482422,25.024450302124023,59362500
2024-03-18,PETR4,36.40999984741211,36.720001220703125,35.5,36.34000015258789,25.038227081298828,35326100
2024-03-19,PETR4,36.38999938964844,36.849998474121094,35.560001373291016,36.06999969482422,24.852205276489258,48540800
2024-03-20,PETR4,36.22999954223633,36.7400016784668,35.810001373291016,36.70000076293945,25.286273956298828,39017900
2024-03-21,PETR4,36.849998474121094,37.060001373291016,35.68000030517578,35.70000076293945,24.597272872924805,47220200
2024-03-22,PETR4,35.900001525878906,36.220001220703125,35.43000030517578,36.04999923706055,24.83841896057129,34426800
2024-03-25,PETR4,36.18000030517578,36.83000183105469,36.15999984741211,36.599998474121094,25.217370986938477,26951500
2024-03-26,PETR4,36.66999816894531,36.66999816894531,36.16999816894531,36.2599983215332,24.983110427856445,24837800
2024-03-27,PETR4,36.279998779296875,36.65999984741211,36.119998931884766,36.54999923706055,25.18292236328125,19995700
2024-03-28,PETR4,36.5,37.52000045776367,36.470001220703125,37.36000061035156,25.741010665893555,31958200
2024-04-01,PETR4,37.5,37.709999084472656,37.209999084472656,37.650001525878906,25.940820693969727,23697800
2024-04-02,PETR4,37.81999969482422,38.650001525878906,37.77000045776367,38.619998931884766,26.609146118164062,45930700
2024-04-03,PETR4,38.70000076293945,39.0099983215332,38.220001220703125,38.41999816894531,26.47135353088379,31437200
2024-04-04,PETR4,38.470001220703125,39.47999954223633,37.43000030517578,37.97999954223633,26.168193817138672,165566800
2024-04-05,PETR4,37.900001525878906,38.56999969482422,37.16999816894531,38.099998474121094,26.250869750976562,65469200
2024-04-08,PETR4,38.029998779296875,39.060001373291016,37.72999954223633,38.630001068115234,26.61603546142578,36384400
2024-04-09,PETR4,38.900001525878906,39.13999938964844,38.060001373291016,38.72999954223633,26.684938430786133,36989300
2024-04-10,PETR4,38.72999954223633,39.72999954223633,38.65999984741211,39.59000015258789,27.277475357055664,55821500
2024-04-11,PETR4,39.599998474121094,39.7599983215332,39.20000076293945,39.29999923706055,27.077669143676758,33195300
2024-04-12,PETR4,39.720001220703125,40.04999923706055,38.70000076293945,38.939998626708984,26.829631805419922,39613500
2024-04-15,PETR4,38.939998626708984,39.45000076293945,38.630001068115234,39.310001373291016,27.084558486938477,28692000
2024-04-16,PETR4,39.0099983215332,39.709999084472656,38.95000076293945,39.4900016784668,27.20857810974121,37303000
2024-04-17,PETR4,39.4900016784668,39.95000076293945,39.34000015258789,39.779998779296875,27.408388137817383,39221700
2024-04-18,PETR4,40.0,40.59000015258789,39.650001525878906,39.849998474121094,27.456619262695312,45078800
2024-04-19,PETR4,40.04999923706055,41.06999969482422,39.84000015258789,40.529998779296875,27.92513656616211,80546900
2024-04-22,PETR4,40.7599983215332,41.59000015258789,40.52000045776367,41.5,28.59346580505371,51775500
2024-04-23,PETR4,41.400001525878906,41.630001068115234,40.959999084472656,41.41999816894531,28.538345336914062,35456900
2024-04-24,PETR4,41.54999923706055,41.9900016784668,41.209999084472656,41.22999954223633,28.407440185546875,45388300
2024-04-25,PETR4,41.400001525878906,42.47999954223633,41.08000183105469,42.220001220703125,29.089550018310547,66372400
2024-04-26,PETR4,41.290000915527344,41.779998779296875,41.06999969482422,41.650001525878906,29.5003719329834,31899100
2024-04-29,PETR4,41.47999954223633,42.150001525878906,41.31999969482422,42.150001525878906,29.85451889038086,27886000
2024-04-30,PETR4,42.0,42.209999084472656,41.619998931884766,42.02000045776367,29.76244354248047,36635400
2024-05-02,PETR4,42.25,42.380001068115234,41.84000015258789,42.18000030517578,29.87577247619629,33244700
2024-05-03,PETR4,40.689998626708984,40.689998626708984,39.45000076293945,39.88999938964844,29.495716094970703,45114200
2024-05-06,PETR4,39.869998931884766,40.36000061035156,39.720001220703125,40.15999984741211,29.69536590576172,22977200
2024-05-07,PETR4,40.150001525878906,40.650001525878906,40.0,40.650001525878906,30.05768585205078,23808600
2024-05-08,PETR4,40.349998474121094,41.33000183105469,40.310001373291016,41.27000045776367,30.516130447387695,25352000
2024-05-09,PETR4,41.060001373291016,41.84000015258789,40.939998626708984,41.66999816894531,30.81189727783203,27206400
2024-05-10,PETR4,41.84000015258789,42.09000015258789,41.5,41.58000183105469,30.745346069335938,27968700
2024-05-13,PETR4,41.7400016784668,41.970001220703125,41.5099983215332,41.619998931884766,30.77492332458496,18394300
2024-05-14,PETR4,40.7599983215332,41.29999923706055,40.15999984741211,40.869998931884766,30.220359802246094,53613200
2024-05-15,PETR4,37.599998474121094,38.810001373291016,37.5,38.400001525878906,28.39397621154785,131281100
2024-05-16,PETR4,38.29999923706055,38.650001525878906,37.2400016784668,37.279998779296875,27.565820693969727,83168500
2024-05-17,PETR4,37.349998474121094,37.41999816894531,36.5099983215332,36.689998626708984,27.12955093383789,67207900
2024-05-20,PETR4,36.72999954223633,37.2400016784668,36.630001068115234,36.75,27.17392349243164,40400400
2024-05-21,PETR4,36.790000915527344,37.09000015258789,36.56999969482422,36.68000030517578,27.122163772583008,27967400
2024-05-22,PETR4,36.5,37.459999084472656,36.40999984741211,37.18000030517578,27.491872787475586,36528800
2024-05-23,PETR4,37.439998626708984,37.709999084472656,36.56999969482422,36.810001373291016,27.218286514282227,47987800
2024-05-24,PETR4,37.06999969482422,37.189998626708984,36.56999969482422,36.61000061035156,27.07040023803711,23684700
2024-05-27,PETR4,36.720001220703125,37.08000183105469,36.689998626708984,37.0099983215332,27.36617660522461,13623300
2024-05-28,PETR4,37.439998626708984,38.290000915527344,37.40999984741211,37.79999923706055,27.9503173828125,46437700
2024-05-29,PETR4,37.709999084472656,37.91999816894531,37.439998626708984,37.75,27.913345336914062,29246800
2024-05-31,PETR4,37.93000030517578,38.88999938964844,37.900001525878906,38.790000915527344,28.68235206604004,53929400
