Date,Adj_Close,Close,High,Low,Open,Volume,Ticker
2020-01-01,4.016786098480225,4.016786098480225,4.018199920654297,4.016300201416016,4.016786098480225,0,USDBRL
2020-01-02,4.016300201416016,4.016300201416016,4.038700103759766,4.000820159912109,4.016300201416016,0,USDBRL
2020-01-03,4.023399829864502,4.023399829864502,4.067005157470703,4.021124839782715,4.02370023727417,0,USDBRL
2020-01-06,4.057000160217285,4.057000160217285,4.066199779510498,4.0449419021606445,4.057000160217285,0,USDBRL
2020-01-07,4.060400009155273,4.060400009155273,4.09060001373291,4.043024063110352,4.060500144958496,0,USDBRL
2020-01-08,4.066199779510498,4.066199779510498,4.076399803161621,4.044099807739258,4.066199779510498,0,USDBRL
2020-01-09,4.06279993057251,4.06279993057251,4.084700107574463,4.037520885467529,4.06279993057251,0,USDBRL
2020-01-10,4.092100143432617,4.092100143432617,4.09250020980835,4.061030864715576,4.092199802398682,0,USDBRL
2020-01-13,4.070499897003174,4.070499897003174,4.138800144195557,4.0880279541015625,4.090400218963623,0,USDBRL
2020-01-14,4.1458001136779785,4.1458001136779785,4.15749979019165,4.126049995422363,4.145899772644043,0,USDBRL
2020-01-15,4.13129997253418,4.13129997253418,4.1819000244140625,4.110199928283691,4.13129997253418,0,USDBRL
2020-01-16,4.174200057983398,4.174200057983398,4.190499782562256,4.15939998626709,4.1743998527526855,0,USDBRL
2020-01-17,4.183599948883057,4.183599948883057,4.188700199127197,4.171506881713867,4.183700084686279,0,USDBRL
2020-01-20,4.161600112915039,4.161600112915039,4.186200141906738,4.157400131225586,4.161600112915039,0,USDBRL
2020-01-21,4.188499927520752,4.188499927520752,4.2052001953125,4.166776180267334,4.188700199127197,0,USDBRL
2020-01-22,4.210899829864502,4.210899829864502,4.211299896240234,4.1793999671936035,4.210899829864502,0,USDBRL
2020-01-23,4.181300163269043,4.181300163269043,4.18779993057251,4.155600070953369,4.181399822235107,0,USDBRL
2020-01-24,4.169099807739258,4.169099807739258,4.187600135803223,4.14739990234375,4.168799877166748,0,USDBRL
2020-01-27,4.1595001220703125,4.1595001220703125,4.229700088500977,4.1595001220703125,4.1595001220703125,0,USDBRL
2020-01-28,4.206099987030029,4.206099987030029,4.215700149536133,4.1869001388549805,4.206099987030029,0,USDBRL
2020-01-29,4.193399906158447,4.193399906158447,4.221099853515625,4.181700229644775,4.193299770355225,0,USDBRL
2020-01-30,4.228899955749512,4.228899955749512,4.269199848175049,4.22669792175293,4.228799819946289,0,USDBRL
2020-01-31,4.242199897766113,4.242199897766113,4.284200191497803,4.240011215209961,4.242199897766113,0,USDBRL
2020-02-03,4.282599925994873,4.282599925994873,4.282599925994873,4.228579044342041,4.282599925994873,0,USDBRL
2020-02-04,4.246799945831299,4.246799945831299,4.247499942779541,4.223199844360352,4.246500015258789,0,USDBRL
2020-02-05,4.253699779510498,4.253699779510498,4.258600234985352,4.223810195922852,4.253900051116943,0,USDBRL
2020-02-06,4.23360013961792,4.23360013961792,4.270899772644043,4.2072248458862305,4.23360013961792,0,USDBRL
2020-02-07,4.280799865722656,4.280799865722656,4.3221001625061035,4.277200222015381,4.280900001525879,0,USDBRL
2020-02-10,4.320400238037109,4.320400238037109,4.325500011444092,4.304379940032959,4.320400238037109,0,USDBRL
2020-02-11,4.320974826812744,4.320974826812744,4.3354997634887695,4.296500205993652,4.323200225830078,0,USDBRL
2020-02-12,4.327530860900879,4.327530860900879,4.347300052642822,4.323500156402588,4.327530860900879,0,USDBRL
2020-02-13,4.354499816894531,4.354499816894531,4.380099773406982,4.309545040130615,4.354599952697754,0,USDBRL
2020-02-14,4.346766948699951,4.346766948699951,4.348899841308594,4.30049991607666,4.346646785736084,0,USDBRL
2020-02-17,4.296999931335449,4.296999931335449,4.323699951171875,4.294353008270264,4.296999931335449,0,USDBRL
2020-02-18,4.326499938964844,4.326499938964844,4.353899955749512,4.321497917175293,4.326600074768066,0,USDBRL
2020-02-19,4.354800224304199,4.354800224304199,4.375400066375732,4.35247802734375,4.354899883270264,0,USDBRL
2020-02-20,4.363999843597412,4.363999843597412,4.395599842071533,4.329676151275635,4.3643999099731445,0,USDBRL
2020-02-21,4.392300128936768,4.392300128936768,4.403200149536133,4.371099948883057,4.390740871429443,0,USDBRL
2020-02-24,4.389800071716309,4.389800071716309,4.399499893188477,4.365235805511475,4.389800071716309,0,USDBRL
2020-02-25,4.386600017547607,4.386600017547607,4.388700008392334,4.366821765899658,4.3867998123168945,0,USDBRL
2020-02-26,4.3867998123168945,4.3867998123168945,4.432199954986572,4.35047721862793,4.3867998123168945,0,USDBRL
2020-02-27,4.449100017547607,4.449100017547607,4.497900009155273,4.446160793304443,4.44950008392334,0,USDBRL
2020-02-28,4.484799861907959,4.484799861907959,4.51230001449585,4.4615478515625,4.482665061950684,0,USDBRL
2020-03-02,4.441299915313721,4.441299915313721,4.502600193023682,4.441299915313721,4.441299915313721,0,USDBRL
2020-03-03,4.472400188446045,4.472400188446045,4.5071001052856445,4.448660850524902,4.472499847412109,0,USDBRL
2020-03-04,4.513199806213379,4.513199806213379,4.555799961090088,4.501889228820801,4.513199806213379,0,USDBRL
2020-03-05,4.583399772644043,4.583399772644043,4.653299808502197,4.5809807777404785,4.583399772644043,0,USDBRL
2020-03-06,4.606200218200684,4.606200218200684,4.669099807739258,4.6028032302856445,4.604031085968018,0,USDBRL
2020-03-09,4.589799880981445,4.589799880981445,4.788899898529053,4.621180057525635,4.625500202178955,0,USDBRL
2020-03-10,4.722899913787842,4.722899913787842,4.724899768829346,4.655200004577637,4.7230000495910645,0,USDBRL
2020-03-11,4.642099857330322,4.642099857330322,4.68310022354126,4.615200042724609,4.642499923706055,0,USDBRL
2020-03-12,4.813799858093262,4.813799858093262,5.015699863433838,4.810665130615234,4.813399791717529,0,USDBRL
2020-03-13,4.790200233459473,4.790200233459473,4.791399955749512,4.6483001708984375,4.79040002822876,0,USDBRL
2020-03-16,4.85260009765625,4.85260009765625,4.988125801086426,4.85260009765625,4.85260009765625,0,USDBRL
2020-03-17,4.999000072479248,4.999000072479248,5.0777997970581055,4.996050834655762,4.9994001388549805,0,USDBRL
2020-03-18,5.009699821472168,5.009699821472168,5.19890022277832,4.983500003814697,5.009900093078613,0,USDBRL
2020-03-19,5.103961944580078,5.103961944580078,5.2104997634887695,5.102208137512207,5.1038289070129395,0,USDBRL
2020-03-20,5.094200134277344,5.094200134277344,5.0970001220703125,4.990200042724609,5.094799995422363,0,USDBRL
2020-03-23,5.045499801635742,5.045499801635742,5.133200168609619,5.00600004196167,5.045499801635742,0,USDBRL
2020-03-24,5.14169979095459,5.14169979095459,5.142899990081787,5.03879976272583,5.14169979095459,0,USDBRL
2020-03-25,5.098100185394287,5.098100185394287,5.103209972381592,5.051000118255615,5.098599910736084,0,USDBRL
2020-03-26,5.033699989318848,5.033699989318848,5.060155868530273,4.973899841308594,5.031477928161621,0,USDBRL
2020-03-27,5.022600173950195,5.022600173950195,5.116199970245361,4.981573104858398,5.0218000411987305,0,USDBRL
2020-03-30,5.104629039764404,5.104629039764404,5.175600051879883,5.077653884887695,5.100299835205078,0,USDBRL
2020-03-31,5.192699909210205,5.192699909210205,5.203999996185303,5.166500091552734,5.190701007843018,0,USDBRL
2020-04-01,5.203499794006348,5.203499794006348,5.248899936676025,5.198390007019043,5.20389986038208,0,USDBRL
2020-04-02,5.248199939727783,5.248199939727783,5.275899887084961,5.220799922943115,5.248000144958496,0,USDBRL
2020-04-03,5.255300045013428,5.255300045013428,5.3206000328063965,5.25204610824585,5.255000114440918,0,USDBRL
2020-04-06,5.348499774932861,5.348499774932861,5.348700046539307,5.223999977111816,5.340400218963623,0,USDBRL
2020-04-07,5.285299777984619,5.285299777984619,5.286399841308594,5.185842037200928,5.284900188446045,0,USDBRL
2020-04-08,5.221700191497803,5.221700191497803,5.244699954986572,5.161300182342529,5.22160005569458,0,USDBRL
2020-04-09,5.123499870300293,5.123499870300293,5.1504998207092285,5.050000190734863,5.121799945831299,0,USDBRL
2020-04-10,5.105800151824951,5.105800151824951,5.105899810791016,5.071152210235596,5.105800151824951,0,USDBRL
2020-04-13,5.105500221252441,5.105500221252441,5.20389986038208,5.104800224304199,5.105599880218506,0,USDBRL
2020-04-14,5.198500156402588,5.198500156402588,5.208499908447266,5.071872234344482,5.198599815368652,0,USDBRL
2020-04-15,5.1620001792907715,5.1620001792907715,5.264400005340576,5.1597089767456055,5.160036087036133,0,USDBRL
2020-04-16,5.236999988555908,5.236999988555908,5.260300159454346,5.202499866485596,5.2382001876831055,0,USDBRL
2020-04-17,5.230899810791016,5.230899810791016,5.27209997177124,5.19950008392334,5.232500076293945,0,USDBRL
2020-04-20,5.232699871063232,5.232699871063232,5.298500061035156,5.233071804046631,5.233699798583984,0,USDBRL
2020-04-21,5.315400123596191,5.315400123596191,5.317299842834473,5.312490940093994,5.315999984741211,0,USDBRL
2020-04-22,5.315000057220459,5.315000057220459,5.397500038146973,5.303800106048584,5.315499782562256,0,USDBRL
2020-04-23,5.456900119781494,5.456900119781494,5.480999946594238,5.401000022888184,5.456600189208984,0,USDBRL
2020-04-24,5.533100128173828,5.533100128173828,5.713500022888184,5.501200199127197,5.533599853515625,0,USDBRL
2020-04-27,5.5725998878479,5.5725998878479,5.682499885559082,5.538300037384033,5.592100143432617,0,USDBRL
2020-04-28,5.652599811553955,5.652599811553955,5.6539998054504395,5.5472002029418945,5.653200149536133,0,USDBRL
2020-04-29,5.497399806976318,5.497399806976318,5.520564079284668,5.373030185699463,5.496600151062012,0,USDBRL
2020-04-30,5.334799766540527,5.334799766540527,5.441699981689453,5.3310651779174805,5.33489990234375,0,USDBRL
2020-05-01,5.486000061035156,5.486000061035156,5.489500045776367,5.484799861907959,5.486000061035156,0,USDBRL
2020-05-04,5.4770002365112305,5.4770002365112305,5.599100112915039,5.481904983520508,5.485300064086914,0,USDBRL
2020-05-05,5.540599822998047,5.540599822998047,5.562699794769287,5.481327056884766,5.539295196533203,0,USDBRL
2020-05-06,5.578100204467773,5.578100204467773,5.686500072479248,5.575520038604736,5.578199863433838,0,USDBRL
2020-05-07,5.715199947357178,5.715199947357178,5.870999813079834,5.711520195007324,5.714399814605713,0,USDBRL
2020-05-08,5.828719139099121,5.828719139099121,5.831900119781494,5.721250057220459,5.8308000564575195,0,USDBRL
2020-05-11,5.4770002365112305,5.4770002365112305,5.814599990844727,5.729078769683838,5.730800151824951,0,USDBRL
2020-05-12,5.8171000480651855,5.8171000480651855,5.821000099182129,5.743199825286865,5.8171000480651855,0,USDBRL
2020-05-13,5.884799957275391,5.884799957275391,5.928699970245361,5.8180999755859375,5.885000228881836,0,USDBRL
2020-05-14,5.88640022277832,5.88640022277832,5.966484069824219,5.882761001586914,5.886300086975098,0,USDBRL
2020-05-15,5.8094000816345215,5.8094000816345215,5.864699840545654,5.761099815368652,5.8094000816345215,0,USDBRL
2020-05-18,5.855199813842773,5.855199813842773,5.855100154876709,5.706500053405762,5.854700088500977,0,USDBRL
2020-05-19,5.718999862670898,5.718999862670898,5.759300231933594,5.683304786682129,5.719200134277344,0,USDBRL
2020-05-20,5.755199909210205,5.755199909210205,5.757400035858154,5.671999931335449,5.754899978637695,0,USDBRL
2020-05-21,5.690499782562256,5.690499782562256,5.699413776397705,5.566443920135498,5.692200183868408,0,USDBRL
2020-05-22,5.5524001121521,5.5524001121521,5.618199825286865,5.548600196838379,5.5524001121521,0,USDBRL
2020-05-25,5.52869987487793,5.52869987487793,5.53380012512207,5.44068717956543,5.477099895477295,0,USDBRL
2020-05-26,5.443399906158447,5.443399906158447,5.444900035858154,5.3454999923706055,5.443299770355225,0,USDBRL
2020-05-27,5.343999862670898,5.343999862670898,5.35230016708374,5.268927097320557,5.344699859619141,0,USDBRL
2020-05-28,5.27269983291626,5.27269983291626,5.356400012969971,5.268989086151123,5.27269983291626,0,USDBRL
2020-05-29,5.403600215911865,5.403600215911865,5.457499980926514,5.338137149810791,5.40310001373291,0,USDBRL
2020-06-01,5.334799766540527,5.334799766540527,5.395100116729736,5.311857223510742,5.33489990234375,0,USDBRL
2020-06-02,5.366499900817871,5.366499900817871,5.368500232696533,5.211940765380859,5.366000175476074,0,USDBRL
2020-06-03,5.1992998123168945,5.1992998123168945,5.200500011444092,5.0177998542785645,5.199100017547607,0,USDBRL
2020-06-04,5.061600208282471,5.061600208282471,5.13700008392334,5.023722171783447,5.061800003051758,0,USDBRL
2020-06-05,5.117199897766113,5.117199897766113,5.118299961090088,4.9334001541137695,5.117000102996826,0,USDBRL
2020-06-08,4.959499835968018,4.959499835968018,4.971700191497803,4.882454872131348,4.959400177001953,0,USDBRL
2020-06-09,4.821599960327148,4.821599960327148,4.932199954986572,4.818515777587891,4.821499824523926,0,USDBRL
2020-06-10,4.898399829864502,4.898399829864502,4.911499977111816,4.847562789916992,4.899499893188477,0,USDBRL
2020-06-11,4.9721999168396,4.9721999168396,4.975599765777588,4.952904224395752,4.972599983215332,0,USDBRL
2020-06-12,4.974999904632568,4.974999904632568,5.104800224304199,4.972449779510498,4.975100040435791,0,USDBRL
2020-06-15,5.047800064086914,5.047800064086914,5.361299991607666,5.046599864959717,5.361299991607666,0,USDBRL
2020-06-16,5.153206825256348,5.153206825256348,5.206399917602539,5.047800064086914,5.152804851531982,0,USDBRL
2020-06-17,5.243599891662598,5.243599891662598,5.268099784851074,5.184100151062012,5.242800235748291,0,USDBRL
2020-06-18,5.22790002822876,5.22790002822876,5.373000144958496,5.224580764770508,5.227399826049805,0,USDBRL
2020-06-19,5.377200126647949,5.377200126647949,5.38070011138916,5.323400020599365,5.376399993896484,0,USDBRL
2020-06-22,5.309999942779541,5.309999942779541,5.313199996948242,5.140500068664551,5.140500068664551,0,USDBRL
2020-06-23,5.2519001960754395,5.2519001960754395,5.25439977645874,5.1458001136779785,5.2519001960754395,0,USDBRL
2020-06-24,5.151000022888184,5.151000022888184,5.317800045013428,5.148539066314697,5.151000022888184,0,USDBRL
2020-06-25,5.34660005569458,5.34660005569458,5.369699954986572,5.2657999992370605,5.347700119018555,0,USDBRL
2020-06-26,5.359499931335449,5.359499931335449,5.489799976348877,5.356801986694336,5.3597002029418945,0,USDBRL
2020-06-29,5.480899810791016,5.480899810791016,5.485199928283691,5.391564846038818,5.484729766845703,0,USDBRL
2020-06-30,5.402100086212158,5.402100086212158,5.504799842834473,5.396722793579102,5.402400016784668,0,USDBRL
2020-07-01,5.461699962615967,5.461699962615967,5.465569019317627,5.340000152587891,5.461400032043457,0,USDBRL
2020-07-02,5.316199779510498,5.316199779510498,5.340700149536133,5.267600059509277,5.3165998458862305,0,USDBRL
2020-07-03,5.35890007019043,5.35890007019043,5.376999855041504,5.3144001960754395,5.358500003814697,0,USDBRL
2020-07-06,5.311399936676025,5.311399936676025,5.346700191497803,5.140500068664551,5.140500068664551,0,USDBRL
2020-07-07,5.354300022125244,5.354300022125244,5.395174026489258,5.285299777984619,5.354100227355957,0,USDBRL
2020-07-08,5.377799987792969,5.377799987792969,5.39109992980957,5.318399906158447,5.377699851989746,0,USDBRL
2020-07-09,5.342599868774414,5.342599868774414,5.344900131225586,5.241000175476074,5.342599868774414,0,USDBRL
2020-07-10,5.337800025939941,5.337800025939941,5.389500141143799,5.322079181671143,5.335637092590332,0,USDBRL
2020-07-13,5.326900005340576,5.326900005340576,5.36929988861084,5.314785957336426,5.323599815368652,0,USDBRL
2020-07-14,5.401500225067139,5.401500225067139,5.4496002197265625,5.346399784088135,5.401400089263916,0,USDBRL
2020-07-15,5.366799831390381,5.366799831390381,5.369100093841553,5.290160179138184,5.367000102996826,0,USDBRL
2020-07-16,5.366948127746582,5.366948127746582,5.383999824523926,5.3307671546936035,5.366600036621094,0,USDBRL
2020-07-17,5.330699920654297,5.330699920654297,5.3572001457214355,5.3143310546875,5.329899787902832,0,USDBRL
2020-07-20,5.385300159454346,5.385300159454346,5.3867998123168945,5.334400177001953,5.382599830627441,0,USDBRL
2020-07-21,5.327700138092041,5.327700138092041,5.328999996185303,5.1803998947143555,5.327700138092041,0,USDBRL
2020-07-22,5.1697998046875,5.1697998046875,5.195899963378906,5.092899799346924,5.169000148773193,0,USDBRL
2020-07-23,5.118100166320801,5.118100166320801,5.194900035858154,5.115871906280518,5.1184000968933105,0,USDBRL
2020-07-24,5.210599899291992,5.210599899291992,5.24970006942749,5.18279504776001,5.210400104522705,0,USDBRL
2020-07-27,5.229100227355957,5.229100227355957,5.232500076293945,5.1529998779296875,5.229800224304199,0,USDBRL
2020-07-28,5.141421794891357,5.141421794891357,5.197741985321045,5.122964859008789,5.143099784851074,0,USDBRL
2020-07-29,5.152299880981445,5.152299880981445,5.159299850463867,5.111319065093994,5.151400089263916,0,USDBRL
2020-07-30,5.168799877166748,5.168799877166748,5.2118000984191895,5.148353099822998,5.168600082397461,0,USDBRL
2020-07-31,5.153900146484375,5.153900146484375,5.219299793243408,5.151208877563477,5.153299808502197,0,USDBRL
2020-08-03,5.221199989318848,5.221199989318848,5.333199977874756,5.196743965148926,5.221700191497803,0,USDBRL
2020-08-04,5.318699836730957,5.318699836730957,5.373899936676025,5.304333209991455,5.318699836730957,0,USDBRL
2020-08-05,5.290200233459473,5.290200233459473,5.294300079345703,5.232500076293945,5.290200233459473,0,USDBRL
2020-08-06,5.290900230407715,5.290900230407715,5.366079807281494,5.250092029571533,5.290800094604492,0,USDBRL
2020-08-07,5.331299781799316,5.331299781799316,5.435299873352051,5.329171180725098,5.330399990081787,0,USDBRL
2020-08-10,5.43720006942749,5.43720006942749,5.438199996948242,5.347400188446045,5.437099933624268,0,USDBRL
2020-08-11,5.480500221252441,5.480500221252441,5.483699798583984,5.399078845977783,5.480000019073486,0,USDBRL
2020-08-12,5.38040018081665,5.38040018081665,5.48330020904541,5.37740421295166,5.380300045013428,0,USDBRL
2020-08-13,5.434999942779541,5.434999942779541,5.4359002113342285,5.35699987411499,5.435200214385986,0,USDBRL
2020-08-14,5.367000102996826,5.367000102996826,5.420000076293945,5.357778072357178,5.3668999671936035,0,USDBRL
2020-08-17,5.42080020904541,5.42080020904541,5.476500034332275,5.409840106964111,5.424600124359131,0,USDBRL
2020-08-18,5.508299827575684,5.508299827575684,5.509799957275391,5.416800022125244,5.508500099182129,0,USDBRL
2020-08-19,5.465400218963623,5.465400218963623,5.5046000480651855,5.4348249435424805,5.466899871826172,0,USDBRL
2020-08-20,5.556399822235107,5.556399822235107,5.6678009033203125,5.540347099304199,5.55649995803833,0,USDBRL
2020-08-21,5.5559000968933105,5.5559000968933105,5.631499767303467,5.552825927734375,5.555699825286865,0,USDBRL
2020-08-24,5.618599891662598,5.618599891662598,5.623600006103516,5.557192802429199,5.623199939727783,0,USDBRL
2020-08-25,5.610599994659424,5.610599994659424,5.613491058349609,5.556106090545654,5.6097002029418945,0,USDBRL
2020-08-26,5.507400035858154,5.507400035858154,5.605599880218506,5.505210876464844,5.507199764251709,0,USDBRL
2020-08-27,5.6072001457214355,5.6072001457214355,5.617400169372559,5.557000160217285,5.6072998046875,0,USDBRL
2020-08-28,5.568699836730957,5.568699836730957,5.569900035858154,5.440155029296875,5.56850004196167,0,USDBRL
2020-08-31,5.389999866485596,5.389999866485596,5.492499828338623,5.363297939300537,5.390900135040283,0,USDBRL
2020-09-01,5.490900039672852,5.490900039672852,5.492499828338623,5.3557000160217285,5.491399765014648,0,USDBRL
2020-09-02,5.397299766540527,5.397299766540527,5.422366142272949,5.343657970428467,5.396699905395508,0,USDBRL
2020-09-03,5.338699817657471,5.338699817657471,5.371399879455566,5.287600040435791,5.338399887084961,0,USDBRL
2020-09-04,5.289899826049805,5.289899826049805,5.3242998123168945,5.248000144958496,5.29010009765625,0,USDBRL
2020-09-07,5.301000118255615,5.301000118255615,5.303299903869629,5.295870780944824,5.302999973297119,0,USDBRL
2020-09-08,5.298299789428711,5.298299789428711,5.4045000076293945,5.2956671714782715,5.298399925231934,0,USDBRL
2020-09-09,5.360599994659424,5.360599994659424,5.36359977722168,5.282700061798096,5.361199855804443,0,USDBRL
2020-09-10,5.308499813079834,5.308499813079834,5.31562614440918,5.266363143920898,5.307400226593018,0,USDBRL
2020-09-11,5.320499897003174,5.320499897003174,5.321800231933594,5.258999824523926,5.318637847900391,0,USDBRL
2020-09-14,5.316199779510498,5.316199779510498,5.322199821472168,5.282482147216797,5.321599960327148,0,USDBRL
2020-09-15,5.2683000564575195,5.2683000564575195,5.296000003814697,5.219299793243408,5.268099784851074,0,USDBRL
2020-09-16,5.2743000984191895,5.2743000984191895,5.275400161743164,5.222499847412109,5.274600028991699,0,USDBRL
2020-09-17,5.236000061035156,5.236000061035156,5.289299964904785,5.219995021820068,5.236199855804443,0,USDBRL
2020-09-18,5.237800121307373,5.237800121307373,5.30810022354126,5.192558765411377,5.23799991607666,0,USDBRL
2020-09-21,5.389800071716309,5.389800071716309,5.494699954986572,5.385088920593262,5.396500110626221,0,USDBRL
2020-09-22,5.412600040435791,5.412600040435791,5.472099781036377,5.38100004196167,5.413000106811523,0,USDBRL
2020-09-23,5.469900131225586,5.469900131225586,5.55679988861084,5.467054843902588,5.4704999923706055,0,USDBRL
2020-09-24,5.592400074005127,5.592400074005127,5.621200084686279,5.529300212860107,5.592100143432617,0,USDBRL
2020-09-25,5.508399963378906,5.508399963378906,5.585999965667725,5.506018161773682,5.508399963378906,0,USDBRL
2020-09-28,5.561100006103516,5.561100006103516,5.620699882507324,5.512734889984131,5.558599948883057,0,USDBRL
2020-09-29,5.660200119018555,5.660200119018555,5.667500019073486,5.608399868011475,5.660099983215332,0,USDBRL
2020-09-30,5.630499839782715,5.630499839782715,5.665299892425537,5.605298042297363,5.630499839782715,0,USDBRL
2020-10-01,5.608399868011475,5.608399868011475,5.65369987487793,5.576708793640137,5.609300136566162,0,USDBRL
2020-10-02,5.642000198364258,5.642000198364258,5.683499813079834,5.605515956878662,5.642399787902832,0,USDBRL
2020-10-05,5.681600093841553,5.681600093841553,5.687300205230713,5.608517169952393,5.684199810028076,0,USDBRL
2020-10-06,5.573400020599365,5.573400020599365,5.57450008392334,5.484499931335449,5.573400020599365,0,USDBRL
2020-10-07,5.593800067901611,5.593800067901611,5.633999824523926,5.551000118255615,5.592800140380859,0,USDBRL
2020-10-08,5.611299991607666,5.611299991607666,5.643099784851074,5.581089019775391,5.611000061035156,0,USDBRL
2020-10-09,5.598599910736084,5.598599910736084,5.599800109863281,5.510700225830078,5.598899841308594,0,USDBRL
2020-10-12,5.5289998054504395,5.5289998054504395,5.532299995422363,5.524600028991699,5.524899959564209,0,USDBRL
2020-10-13,5.529699802398682,5.529699802398682,5.622600078582764,5.521699905395508,5.53000020980835,0,USDBRL
2020-10-14,5.56850004196167,5.56850004196167,5.5804829597473145,5.533100128173828,5.56790018081665,0,USDBRL
2020-10-15,5.5904998779296875,5.5904998779296875,5.644000053405762,5.588037014007568,5.590700149536133,0,USDBRL
2020-10-16,5.611199855804443,5.611199855804443,5.639400005340576,5.597899913787842,5.6107001304626465,0,USDBRL
2020-10-19,5.644800186157227,5.644800186157227,5.645899772644043,5.568534851074219,5.644800186157227,0,USDBRL
2020-10-20,5.605599880218506,5.605599880218506,5.623899936676025,5.566299915313721,5.605599880218506,0,USDBRL
2020-10-21,5.6041998863220215,5.6041998863220215,5.625500202178955,5.571000099182129,5.6041998863220215,0,USDBRL
2020-10-22,5.607800006866455,5.607800006866455,5.623899936676025,5.573200225830078,5.607100009918213,0,USDBRL
2020-10-23,5.591300010681152,5.591300010681152,5.63070011138916,5.563704013824463,5.59119987487793,0,USDBRL
2020-10-26,5.616199970245361,5.616199970245361,5.660200119018555,5.611599922180176,5.618199825286865,0,USDBRL
2020-10-27,5.622700214385986,5.622700214385986,5.656300067901611,5.599400043487549,5.622700214385986,0,USDBRL
2020-10-28,5.7052001953125,5.7052001953125,5.788599967956543,5.699978828430176,5.705100059509277,0,USDBRL
2020-10-29,5.744900226593018,5.744900226593018,5.786300182342529,5.742499828338623,5.744999885559082,0,USDBRL
2020-10-30,5.7778000831604,5.7778000831604,5.803500175476074,5.73554801940918,5.777400016784668,0,USDBRL
2020-11-02,5.741399765014648,5.741399765014648,5.77400016784668,5.722023010253906,5.7382001876831055,0,USDBRL
2020-11-03,5.741099834442139,5.741099834442139,5.742300033569336,5.650599956512451,5.741199970245361,0,USDBRL
2020-11-04,5.754899978637695,5.754899978637695,5.7617998123168945,5.647900104522705,5.75540018081665,0,USDBRL
2020-11-05,5.663000106811523,5.663000106811523,5.66379976272583,5.539299964904785,5.662700176239014,0,USDBRL
2020-11-06,5.523399829864502,5.523399829864502,5.571599960327148,5.452600002288818,5.523600101470947,0,USDBRL
2020-11-09,5.36269998550415,5.36269998550415,5.378499984741211,5.223599910736084,5.36460018157959,0,USDBRL
2020-11-10,5.384699821472168,5.384699821472168,5.405700206756592,5.335908889770508,5.384099960327148,0,USDBRL
2020-11-11,5.413899898529053,5.413899898529053,5.447700023651123,5.376100063323975,5.41379976272583,0,USDBRL
2020-11-12,5.389999866485596,5.389999866485596,5.431000232696533,5.353400230407715,5.390399932861328,0,USDBRL
2020-11-13,5.456699848175049,5.456699848175049,5.522600173950195,5.451170921325684,5.455060958862305,0,USDBRL
2020-11-16,5.456999778747559,5.456999778747559,5.458099842071533,5.366199970245361,5.458099842071533,0,USDBRL
2020-11-17,5.414899826049805,5.414899826049805,5.4197998046875,5.337858200073242,5.414899826049805,0,USDBRL
2020-11-18,5.327199935913086,5.327199935913086,5.338799953460693,5.275786876678467,5.327600002288818,0,USDBRL
2020-11-19,5.361700057983398,5.361700057983398,5.371300220489502,5.295114040374756,5.361499786376953,0,USDBRL
2020-11-20,5.304500102996826,5.304500102996826,5.389800071716309,5.285496234893799,5.304299831390381,0,USDBRL
2020-11-23,5.3780999183654785,5.3780999183654785,5.446000099182129,5.340487003326416,5.379199981689453,0,USDBRL
2020-11-24,5.4405999183654785,5.4405999183654785,5.444399833679199,5.376183986663818,5.4394001960754395,0,USDBRL
2020-11-25,5.372600078582764,5.372600078582764,5.395500183105469,5.313000202178955,5.372600078582764,0,USDBRL
2020-11-26,5.3225998878479,5.3225998878479,5.355800151824951,5.304299831390381,5.322000026702881,0,USDBRL
2020-11-27,5.335299968719482,5.335299968719482,5.376399993896484,5.298852920532227,5.335299968719482,0,USDBRL
2020-11-30,5.34250020980835,5.34250020980835,5.39139986038208,5.275783061981201,5.343999862670898,0,USDBRL
2020-12-01,5.331099987030029,5.331099987030029,5.3597002029418945,5.243199825286865,5.331099987030029,0,USDBRL
2020-12-02,5.204899787902832,5.204899787902832,5.251585006713867,5.203080177307129,5.204800128936768,0,USDBRL
2020-12-03,5.216300010681152,5.216300010681152,5.226799964904785,5.118926048278809,5.216100215911865,0,USDBRL
2020-12-04,5.151000022888184,5.151000022888184,5.182300090789795,5.1244001388549805,5.151100158691406,0,USDBRL
2020-12-07,5.154399871826172,5.154399871826172,5.167300224304199,5.055500030517578,5.1554999351501465,0,USDBRL
2020-12-08,5.098299980163574,5.098299980163574,5.1244001388549805,5.063199996948242,5.098400115966797,0,USDBRL
2020-12-09,5.119699954986572,5.119699954986572,5.161300182342529,5.087299823760986,5.11929988861084,0,USDBRL
2020-12-10,5.1697001457214355,5.1697001457214355,5.170100212097168,5.042799949645996,5.1697001457214355,0,USDBRL
2020-12-11,5.024199962615967,5.024199962615967,5.086400032043457,5.022274017333984,5.02400016784668,0,USDBRL
2020-12-14,5.064199924468994,5.064199924468994,5.127600193023682,5.009974002838135,5.0655999183654785,0,USDBRL
2020-12-15,5.117700099945068,5.117700099945068,5.121399879455566,5.075799942016602,5.117800235748291,0,USDBRL
2020-12-16,5.078884124755859,5.078884124755859,5.136353015899658,5.066867828369141,5.0808000564575195,0,USDBRL
2020-12-17,5.083199977874756,5.083199977874756,5.084799766540527,5.0416998863220215,5.082399845123291,0,USDBRL
2020-12-18,5.0569000244140625,5.0569000244140625,5.11460018157959,5.0547051429748535,5.057000160217285,0,USDBRL
2020-12-21,5.100599765777588,5.100599765777588,5.220300197601318,5.097700119018555,5.10099983215332,0,USDBRL
2020-12-22,5.118937969207764,5.118937969207764,5.168300151824951,5.102396011352539,5.121799945831299,0,USDBRL
2020-12-23,5.1566548347473145,5.1566548347473145,5.20989990234375,5.127974033355713,5.156904220581055,0,USDBRL
2020-12-24,5.2153000831604,5.2153000831604,5.21619987487793,5.209799766540527,5.2154998779296875,0,USDBRL
2020-12-25,5.2153000831604,5.2153000831604,5.217800140380859,5.198793888092041,5.2153000831604,0,USDBRL
2020-12-28,5.2153000831604,5.2153000831604,5.305500030517578,5.1624932289123535,5.1753997802734375,0,USDBRL
2020-12-29,5.2459001541137695,5.2459001541137695,5.246200084686279,5.164862155914307,5.245200157165527,0,USDBRL
2020-12-30,5.208600044250488,5.208600044250488,5.2306389808654785,5.156010150909424,5.208600044250488,0,USDBRL
2020-12-31,5.190838813781738,5.190838813781738,5.191561222076416,5.1724700927734375,5.190624237060547,0,USDBRL
2021-01-01,5.1921000480651855,5.1921000480651855,5.199149131774902,5.1915998458862305,5.1921000480651855,0,USDBRL
2021-01-04,5.19189977645874,5.19189977645874,5.252799987792969,5.116399765014648,5.172800064086914,0,USDBRL
2021-01-05,5.295300006866455,5.295300006866455,5.350299835205078,5.274600028991699,5.295000076293945,0,USDBRL
2021-01-06,5.28410005569458,5.28410005569458,5.346680164337158,5.231206893920898,5.2845001220703125,0,USDBRL
2021-01-07,5.312900066375732,5.312900066375732,5.4055681228637695,5.2967000007629395,5.313300132751465,0,USDBRL
2021-01-08,5.40880012512207,5.40880012512207,5.411399841308594,5.320400238037109,5.408699989318848,0,USDBRL
2021-01-11,5.4121880531311035,5.4121880531311035,5.51200008392334,5.414599895477295,5.417500019073486,0,USDBRL
2021-01-12,5.48769998550415,5.48769998550415,5.490200042724609,5.4057698249816895,5.48829984664917,0,USDBRL
2021-01-13,5.321400165557861,5.321400165557861,5.349999904632568,5.268499851226807,5.321100234985352,0,USDBRL
2021-01-14,5.297500133514404,5.297500133514404,5.301478862762451,5.211100101470947,5.297800064086914,0,USDBRL
2021-01-15,5.195799827575684,5.195799827575684,5.291639804840088,5.193142890930176,5.195799827575684,0,USDBRL
2021-01-18,5.291299819946289,5.291299819946289,5.3206000328063965,5.235958099365234,5.289599895477295,0,USDBRL
2021-01-19,5.2947998046875,5.2947998046875,5.345799922943115,5.244100093841553,5.295000076293945,0,USDBRL
2021-01-20,5.3566999435424805,5.3566999435424805,5.357399940490723,5.275000095367432,5.356200218200684,0,USDBRL
2021-01-21,5.290500164031982,5.290500164031982,5.396900177001953,5.233826160430908,5.290299892425537,0,USDBRL
2021-01-22,5.3495001792907715,5.3495001792907715,5.461699962615967,5.346981048583984,5.349400043487549,0,USDBRL
2021-01-25,5.4654998779296875,5.4654998779296875,5.467299938201904,5.4633002281188965,5.466000080108643,0,USDBRL
2021-01-26,5.4654998779296875,5.4654998779296875,5.4704999923706055,5.341590881347656,5.463791847229004,0,USDBRL
2021-01-27,5.353799819946289,5.353799819946289,5.417300224304199,5.3491997718811035,5.354000091552734,0,USDBRL
2021-01-28,5.412600040435791,5.412600040435791,5.454100131988525,5.3889641761779785,5.411900043487549,0,USDBRL
2021-01-29,5.437989234924316,5.437989234924316,5.503699779510498,5.411807060241699,5.437483787536621,0,USDBRL
2021-02-01,5.4608001708984375,5.4608001708984375,5.482500076293945,5.417943000793457,5.4608001708984375,0,USDBRL
2021-02-02,5.430500030517578,5.430500030517578,5.433499813079834,5.3531999588012695,5.43120002746582,0,USDBRL
2021-02-03,5.3668999671936035,5.3668999671936035,5.390500068664551,5.321300029754639,5.365368843078613,0,USDBRL
2021-02-04,5.3520002365112305,5.3520002365112305,5.427599906921387,5.336678981781006,5.35055685043335,0,USDBRL
2021-02-05,5.4257001876831055,5.4257001876831055,5.453100204467773,5.344791889190674,5.425600051879883,0,USDBRL
2021-02-08,5.369200229644775,5.369200229644775,5.416100025177002,5.307300090789795,5.370200157165527,0,USDBRL
2021-02-09,5.364299774169922,5.364299774169922,5.444799900054932,5.357335090637207,5.364299774169922,0,USDBRL
2021-02-10,5.376699924468994,5.376699924468994,5.43209981918335,5.353300094604492,5.3765997886657715,0,USDBRL
2021-02-11,5.384900093078613,5.384900093078613,5.392499923706055,5.333690166473389,5.384900093078613,0,USDBRL
2021-02-12,5.3653998374938965,5.3653998374938965,5.407599925994873,5.35699987411499,5.3653998374938965,0,USDBRL
2021-02-15,5.368599891662598,5.368599891662598,5.371500015258789,5.36375617980957,5.368800163269043,0,USDBRL
2021-02-16,5.368000030517578,5.368000030517578,5.369699954986572,5.365079879760742,5.367800235748291,0,USDBRL
2021-02-17,5.3694000244140625,5.3694000244140625,5.4268999099731445,5.3643999099731445,5.369500160217285,0,USDBRL
2021-02-18,5.409800052642822,5.409800052642822,5.448299884796143,5.38640022277832,5.40780782699585,0,USDBRL
2021-02-19,5.42579984664917,5.42579984664917,5.465878963470459,5.364963054656982,5.42549991607666,0,USDBRL
2021-02-22,5.38070011138916,5.38070011138916,5.528031826019287,5.377600193023682,5.381800174713135,0,USDBRL
2021-02-23,5.463399887084961,5.463399887084961,5.478600025177002,5.408784866333008,5.464799880981445,0,USDBRL
2021-02-24,5.439599990844727,5.439599990844727,5.4475908279418945,5.389699935913086,5.439499855041504,0,USDBRL
2021-02-25,5.402964115142822,5.402964115142822,5.509500026702881,5.401800155639648,5.403075218200684,0,USDBRL
2021-02-26,5.528025150299072,5.528025150299072,5.581099987030029,5.489999771118164,5.527746200561523,0,USDBRL
2021-03-01,5.597599983215332,5.597599983215332,5.606900215148926,5.55679988861084,5.602399826049805,0,USDBRL
2021-03-02,5.640699863433838,5.640699863433838,5.730000019073486,5.637199878692627,5.640699863433838,0,USDBRL
2021-03-03,5.675099849700928,5.675099849700928,5.769100189208984,5.668252944946289,5.675000190734863,0,USDBRL
2021-03-04,5.617499828338623,5.617499828338623,5.63539981842041,5.545100212097168,5.616453170776367,0,USDBRL
2021-03-05,5.668300151824951,5.668300151824951,5.715437889099121,5.6554999351501465,5.668600082397461,0,USDBRL
2021-03-08,5.689499855041504,5.689499855041504,5.757612228393555,5.650806903839111,5.690999984741211,0,USDBRL
2021-03-09,5.874599933624268,5.874599933624268,5.877500057220459,5.799499988555908,5.874599933624268,0,USDBRL
2021-03-10,5.801499843597412,5.801499843597412,5.810800075531006,5.668087959289551,5.801199913024902,0,USDBRL
2021-03-11,5.67110013961792,5.67110013961792,5.671500205993652,5.540999889373779,5.67110013961792,0,USDBRL
2021-03-12,5.534800052642822,5.534800052642822,5.58089017868042,5.530900001525879,5.5346999168396,0,USDBRL
2021-03-15,5.4951558113098145,5.4951558113098145,5.652500152587891,5.495756149291992,5.495756149291992,0,USDBRL
2021-03-16,5.614500045776367,5.614500045776367,5.624927043914795,5.556399822235107,5.614500045776367,0,USDBRL
2021-03-17,5.6234002113342285,5.6234002113342285,5.6774001121521,5.617528915405273,5.623000144958496,0,USDBRL
2021-03-18,5.583099842071533,5.583099842071533,5.58459997177124,5.476099967956543,5.583199977874756,0,USDBRL
2021-03-19,5.558700084686279,5.558700084686279,5.562399864196777,5.46019983291626,5.558700084686279,0,USDBRL
2021-03-22,5.493563175201416,5.493563175201416,5.545100212097168,5.468638896942139,5.489299774169922,0,USDBRL
2021-03-23,5.505499839782715,5.505499839782715,5.54406213760376,5.474699974060059,5.505300045013428,0,USDBRL
2021-03-24,5.520400047302246,5.520400047302246,5.565700054168701,5.491138935089111,5.519700050354004,0,USDBRL
2021-03-25,5.61959981918335,5.61959981918335,5.677499771118164,5.616952896118164,5.619699954986572,0,USDBRL
2021-03-26,5.648399829864502,5.648399829864502,5.71613883972168,5.625531196594238,5.648799896240234,0,USDBRL
2021-03-29,5.752399921417236,5.752399921417236,5.802800178527832,5.75,5.752500057220459,0,USDBRL
2021-03-30,5.780799865722656,5.780799865722656,5.798600196838379,5.732071876525879,5.781099796295166,0,USDBRL
2021-03-31,5.771599769592285,5.771599769592285,5.77269983291626,5.636199951171875,5.771299839019775,0,USDBRL
2021-04-01,5.63129997253418,5.63129997253418,5.705699920654297,5.608099937438965,5.631700038909912,0,USDBRL
2021-04-02,5.707399845123291,5.707399845123291,5.709799766540527,5.706500053405762,5.707399845123291,0,USDBRL
2021-04-05,5.710599899291992,5.710599899291992,5.710899829864502,5.632400035858154,5.710599899291992,0,USDBRL
2021-04-06,5.662700176239014,5.662700176239014,5.671903133392334,5.599270820617676,5.662700176239014,0,USDBRL
2021-04-07,5.593200206756592,5.593200206756592,5.6149001121521,5.547399997711182,5.593200206756592,0,USDBRL
2021-04-08,5.612100124359131,5.612100124359131,5.613399982452393,5.564599990844727,5.611999988555908,0,USDBRL
2021-04-09,5.5665998458862305,5.5665998458862305,5.66949987411499,5.543353080749512,5.566800117492676,0,USDBRL
2021-04-12,5.679299831390381,5.679299831390381,5.699900150299072,5.6305999755859375,5.677000045776367,0,USDBRL
2021-04-13,5.7322001457214355,5.7322001457214355,5.753300189971924,5.662700176239014,5.732100009918213,0,USDBRL
2021-04-14,5.716300010681152,5.716300010681152,5.731100082397461,5.662968158721924,5.71619987487793,0,USDBRL
2021-04-15,5.652900218963623,5.652900218963623,5.656599998474121,5.59630012512207,5.652400016784668,0,USDBRL
2021-04-16,5.614999771118164,5.614999771118164,5.674799919128418,5.595200061798096,5.61300802230835,0,USDBRL
2021-04-19,5.5858001708984375,5.5858001708984375,5.618500232696533,5.538675785064697,5.586999893188477,0,USDBRL
2021-04-20,5.545300006866455,5.545300006866455,5.583700180053711,5.501898765563965,5.544400215148926,0,USDBRL
2021-04-21,5.56790018081665,5.56790018081665,5.569799900054932,5.548570156097412,5.567999839782715,0,USDBRL
2021-04-22,5.56790018081665,5.56790018081665,5.568900108337402,5.480160236358643,5.567999839782715,0,USDBRL
2021-04-23,5.44320011138916,5.44320011138916,5.519700050354004,5.424200057983398,5.443299770355225,0,USDBRL
2021-04-26,5.477200031280518,5.477200031280518,5.486499786376953,5.437600135803223,5.477099895477295,0,USDBRL
2021-04-27,5.435299873352051,5.435299873352051,5.461400032043457,5.415767192840576,5.435100078582764,0,USDBRL
2021-04-28,5.451000213623047,5.451000213623047,5.454500198364258,5.385200023651123,5.450900077819824,0,USDBRL
2021-04-29,5.341400146484375,5.341400146484375,5.376999855041504,5.338385105133057,5.341400146484375,0,USDBRL
2021-04-30,5.336400032043457,5.336400032043457,5.435500144958496,5.316003799438477,5.336400032043457,0,USDBRL
2021-05-03,5.439700126647949,5.439700126647949,5.451700210571289,5.3725361824035645,5.439700126647949,0,USDBRL
2021-05-04,5.4380998611450195,5.4380998611450195,5.478099822998047,5.431399822235107,5.438199996948242,0,USDBRL
2021-05-05,5.442599773406982,5.442599773406982,5.444300174713135,5.362599849700928,5.443399906158447,0,USDBRL
2021-05-06,5.352700233459473,5.352700233459473,5.372499942779541,5.2571001052856445,5.352700233459473,0,USDBRL
2021-05-07,5.273430824279785,5.273430824279785,5.290299892425537,5.203199863433838,5.273467063903809,0,USDBRL
2021-05-10,5.235499858856201,5.235499858856201,5.248799800872803,5.198400020599365,5.235899925231934,0,USDBRL
2021-05-11,5.2221999168396,5.2221999168396,5.2789998054504395,5.204999923706055,5.222599983215332,0,USDBRL
2021-05-12,5.221199989318848,5.221199989318848,5.266900062561035,5.210000038146973,5.22130012512207,0,USDBRL
2021-05-13,5.303100109100342,5.303100109100342,5.319200038909912,5.2515997886657715,5.3008131980896,0,USDBRL
2021-05-14,5.307700157165527,5.307700157165527,5.3084001541137695,5.250500202178955,5.307400226593018,0,USDBRL
2021-05-17,5.269499778747559,5.269499778747559,5.31790018081665,5.249969959259033,5.269599914550781,0,USDBRL
2021-05-18,5.271500110626221,5.271500110626221,5.278600215911865,5.229190826416016,5.271699905395508,0,USDBRL
2021-05-19,5.259500026702881,5.259500026702881,5.303400039672852,5.257331848144531,5.2596001625061035,0,USDBRL
2021-05-20,5.308000087738037,5.308000087738037,5.309899806976318,5.275300025939941,5.3084001541137695,0,USDBRL
2021-05-21,5.281300067901611,5.281300067901611,5.327199935913086,5.270999908447266,5.281400203704834,0,USDBRL
2021-05-24,5.361800193786621,5.361800193786621,5.366300106048584,5.311100006103516,5.362800121307373,0,USDBRL
2021-05-25,5.31850004196167,5.31850004196167,5.320499897003174,5.2932000160217285,5.318600177764893,0,USDBRL
2021-05-26,5.330699920654297,5.330699920654297,5.339399814605713,5.286200046539307,5.330399990081787,0,USDBRL
2021-05-27,5.310500144958496,5.310500144958496,5.31220006942749,5.258450031280518,5.310500144958496,0,USDBRL
2021-05-28,5.2382001876831055,5.2382001876831055,5.258425235748291,5.217301845550537,5.238100051879883,0,USDBRL
2021-05-31,5.23799991607666,5.23799991607666,5.258302211761475,5.1975998878479,5.2378997802734375,0,USDBRL
2021-06-01,5.216599941253662,5.216599941253662,5.21999979019165,5.145081043243408,5.216800212860107,0,USDBRL
2021-06-02,5.149700164794922,5.149700164794922,5.171800136566162,5.0665998458862305,5.150000095367432,0,USDBRL
2021-06-03,5.07450008392334,5.07450008392334,5.078000068664551,5.072351932525635,5.07450008392334,0,USDBRL
2021-06-04,5.076300144195557,5.076300144195557,5.107600212097168,5.053699970245361,5.076600074768066,0,USDBRL
2021-06-07,5.044600009918213,5.044600009918213,5.066100120544434,5.0183000564575195,5.0447001457214355,0,USDBRL
2021-06-08,5.045199871063232,5.045199871063232,5.066299915313721,5.019899845123291,5.043357849121094,0,USDBRL
2021-06-09,5.034900188446045,5.034900188446045,5.066699981689453,5.0183000564575195,5.035200119018555,0,USDBRL
2021-06-10,5.061500072479248,5.061500072479248,5.077700138092041,5.030888080596924,5.059751033782959,0,USDBRL
2021-06-11,5.054500102996826,5.054500102996826,5.13640022277832,5.038695812225342,5.054500102996826,0,USDBRL
2021-06-14,5.117000102996826,5.117000102996826,5.117499828338623,5.054200172424316,5.1168999671936035,0,USDBRL
2021-06-15,5.058599948883057,5.058599948883057,5.101099967956543,5.056220054626465,5.058800220489502,0,USDBRL
2021-06-16,5.043799877166748,5.043799877166748,5.049555778503418,4.991703033447266,5.043097019195557,0,USDBRL
2021-06-17,5.054299831390381,5.054299831390381,5.072500228881836,5.007800102233887,5.054100036621094,0,USDBRL
2021-06-18,5.007400035858154,5.007400035858154,5.054200172424316,4.980167865753174,5.007299900054932,0,USDBRL
2021-06-21,5.0960001945495605,5.0960001945495605,5.0960001945495605,5.027400016784668,5.095900058746338,0,USDBRL
2021-06-22,5.0131001472473145,5.0131001472473145,5.042500019073486,4.994800090789795,5.012899875640869,0,USDBRL
2021-06-23,4.957099914550781,4.957099914550781,4.977099895477295,4.937600135803223,4.956147193908691,0,USDBRL
2021-06-24,4.965199947357178,4.965199947357178,4.970600128173828,4.914400100708008,4.965199947357178,0,USDBRL
2021-06-25,4.912700176239014,4.912700176239014,4.943600177764893,4.89300012588501,4.912899971008301,0,USDBRL
2021-06-28,4.91540002822876,4.91540002822876,4.969699859619141,4.897336959838867,4.914599895477295,0,USDBRL
2021-06-29,4.924799919128418,4.924799919128418,4.967899799346924,4.922471046447754,4.924499988555908,0,USDBRL
2021-06-30,4.955100059509277,4.955100059509277,5.020299911499023,4.9529571533203125,4.953179836273193,0,USDBRL
2021-07-01,4.969200134277344,4.969200134277344,5.046000003814697,4.945499897003174,4.969099998474121,0,USDBRL
2021-07-02,5.045102119445801,5.045102119445801,5.070400238037109,4.985599994659424,5.045175075531006,0,USDBRL
2021-07-05,5.059199810028076,5.059199810028076,5.090099811553955,5.013576030731201,5.059100151062012,0,USDBRL
2021-07-06,5.088459014892578,5.088459014892578,5.200099945068359,5.075799942016602,5.088779926300049,0,USDBRL
2021-07-07,5.195300102233887,5.195300102233887,5.279099941253662,5.170899868011475,5.1936140060424805,0,USDBRL
2021-07-08,5.231200218200684,5.231200218200684,5.309000015258789,5.228036880493164,5.22889518737793,0,USDBRL
2021-07-09,5.257999897003174,5.257999897003174,5.259099960327148,5.2374491691589355,5.258200168609619,0,USDBRL
2021-07-12,5.257900238037109,5.257900238037109,5.280700206756592,5.153448104858398,5.196199893951416,0,USDBRL
2021-07-13,5.172699928283691,5.172699928283691,5.23799991607666,5.150934219360352,5.172800064086914,0,USDBRL
2021-07-14,5.162399768829346,5.162399768829346,5.164100170135498,5.066299915313721,5.161399841308594,0,USDBRL
2021-07-15,5.069900035858154,5.069900035858154,5.121600151062012,5.055826187133789,5.070300102233887,0,USDBRL
2021-07-16,5.110000133514404,5.110000133514404,5.123899936676025,5.074900150299072,5.110300064086914,0,USDBRL
2021-07-19,5.1153998374938965,5.1153998374938965,5.2153000831604,5.111008167266846,5.115300178527832,0,USDBRL
2021-07-20,5.250899791717529,5.250899791717529,5.291500091552734,5.206699848175049,5.250500202178955,0,USDBRL
2021-07-21,5.219900131225586,5.219900131225586,5.275199890136719,5.217896938323975,5.219399929046631,0,USDBRL
2021-07-22,5.187300205230713,5.187300205230713,5.221399784088135,5.1687798500061035,5.185373783111572,0,USDBRL
2021-07-23,5.1996002197265625,5.1996002197265625,5.201600074768066,5.157700061798096,5.19980001449585,0,USDBRL
2021-07-26,5.19789981842041,5.19789981842041,5.22760009765625,5.162899971008301,5.197999954223633,0,USDBRL
2021-07-27,5.1753997802734375,5.1753997802734375,5.201900005340576,5.147600173950195,5.1753997802734375,0,USDBRL
2021-07-28,5.169099807739258,5.169099807739258,5.171000003814697,5.12856388092041,5.168600082397461,0,USDBRL
2021-07-29,5.114799976348877,5.114799976348877,5.115900039672852,5.042596817016602,5.114799976348877,0,USDBRL
2021-07-30,5.080399990081787,5.080399990081787,5.152200222015381,5.075799942016602,5.0802998542785645,0,USDBRL
2021-08-02,5.208700180053711,5.208700180053711,5.214300155639648,5.115600109100342,5.208600044250488,0,USDBRL
2021-08-03,5.174600124359131,5.174600124359131,5.271200180053711,5.1691999435424805,5.174600124359131,0,USDBRL
2021-08-04,5.196800231933594,5.196800231933594,5.241300106048584,5.164046764373779,5.196700096130371,0,USDBRL
2021-08-05,5.1682000160217285,5.1682000160217285,5.17579984664917,5.110000133514404,5.168099880218506,0,USDBRL
2021-08-06,5.245200157165527,5.245200157165527,5.270963191986084,5.206699848175049,5.245200157165527,0,USDBRL
2021-08-09,5.23199987411499,5.23199987411499,5.296500205993652,5.226600170135498,5.235499858856201,0,USDBRL
2021-08-10,5.231800079345703,5.231800079345703,5.259799957275391,5.190499782562256,5.231599807739258,0,USDBRL
2021-08-11,5.188300132751465,5.188300132751465,5.231500148773193,5.158999919891357,5.188600063323975,0,USDBRL
2021-08-12,5.218200206756592,5.218200206756592,5.253699779510498,5.212800025939941,5.218200206756592,0,USDBRL
2021-08-13,5.252200126647949,5.252200126647949,5.277699947357178,5.223206043243408,5.252299785614014,0,USDBRL
2021-08-16,5.247499942779541,5.247499942779541,5.29010009765625,5.224100112915039,5.247499942779541,0,USDBRL
2021-08-17,5.259699821472168,5.259699821472168,5.294000148773193,5.235044956207275,5.2596001625061035,0,USDBRL
2021-08-18,5.294300079345703,5.294300079345703,5.352499961853027,5.262700080871582,5.294300079345703,0,USDBRL
2021-08-19,5.378600120544434,5.378600120544434,5.4496002197265625,5.376154899597168,5.378699779510498,0,USDBRL
2021-08-20,5.414100170135498,5.414100170135498,5.471799850463867,5.340000152587891,5.414299964904785,0,USDBRL
2021-08-23,5.379000186920166,5.379000186920166,5.404300212860107,5.339000225067139,5.384408950805664,0,USDBRL
2021-08-24,5.379899978637695,5.379899978637695,5.381400108337402,5.25629997253418,5.380099773406982,0,USDBRL
2021-08-25,5.245800018310547,5.245800018310547,5.26669979095459,5.22629976272583,5.2459001541137695,0,USDBRL
2021-08-26,5.210999965667725,5.210999965667725,5.256100177764893,5.207355976104736,5.210999965667725,0,USDBRL
2021-08-27,5.2515997886657715,5.2515997886657715,5.258500099182129,5.189700126647949,5.251800060272217,0,USDBRL
2021-08-30,5.2027997970581055,5.2027997970581055,5.222300052642822,5.182000160217285,5.203000068664551,0,USDBRL
2021-08-31,5.1828999519348145,5.1828999519348145,5.192500114440918,5.115799903869629,5.183199882507324,0,USDBRL
2021-09-01,5.1493000984191895,5.1493000984191895,5.185299873352051,5.14139986038208,5.147380828857422,0,USDBRL
2021-09-02,5.184599876403809,5.184599876403809,5.1971001625061035,5.141200065612793,5.185200214385986,0,USDBRL
2021-09-03,5.18179988861084,5.18179988861084,5.189199924468994,5.131100177764893,5.1819000244140625,0,USDBRL
2021-09-06,5.189799785614014,5.189799785614014,5.208700180053711,5.154699802398682,5.192500114440918,0,USDBRL
2021-09-07,5.169300079345703,5.169300079345703,5.169899940490723,5.166946887969971,5.169099807739258,0,USDBRL
2021-09-08,5.169600009918213,5.169600009918213,5.30679988861084,5.166941165924072,5.168799877166748,0,USDBRL
2021-09-09,5.3206000328063965,5.3206000328063965,5.330900192260742,5.260900020599365,5.320700168609619,0,USDBRL
2021-09-10,5.196499824523926,5.196499824523926,5.2357001304626465,5.1631622314453125,5.196700096130371,0,USDBRL
2021-09-13,5.247000217437744,5.247000217437744,5.264400005340576,5.201000213623047,5.2469000816345215,0,USDBRL
2021-09-14,5.213200092315674,5.213200092315674,5.248799800872803,5.192440986633301,5.2129998207092285,0,USDBRL
2021-09-15,5.238900184631348,5.238900184631348,5.269400119781494,5.1925950050354,5.23859977722168,0,USDBRL
2021-09-16,5.221700191497803,5.221700191497803,5.276599884033203,5.219645023345947,5.221700191497803,0,USDBRL
2021-09-17,5.256800174713135,5.256800174713135,5.344799995422363,5.252090930938721,5.256800174713135,0,USDBRL
2021-09-20,5.289700031280518,5.289700031280518,5.343699932098389,5.281905174255371,5.289599895477295,0,USDBRL
2021-09-21,5.323200225830078,5.323200225830078,5.332799911499023,5.285999774932861,5.323400020599365,0,USDBRL
2021-09-22,5.268899917602539,5.268899917602539,5.289599895477295,5.248198986053467,5.269199848175049,0,USDBRL
2021-09-23,5.287700176239014,5.287700176239014,5.307499885559082,5.257599830627441,5.287799835205078,0,USDBRL
2021-09-24,5.3018999099731445,5.3018999099731445,5.352200031280518,5.254443168640137,5.302299976348877,0,USDBRL
2021-09-27,5.336999893188477,5.336999893188477,5.362299919128418,5.30810022354126,5.336900234222412,0,USDBRL
2021-09-28,5.390399932861328,5.390399932861328,5.439300060272217,5.386202812194824,5.390399932861328,0,USDBRL
2021-09-29,5.427599906921387,5.427599906921387,5.441299915313721,5.393282890319824,5.427499771118164,0,USDBRL
2021-09-30,5.414299964904785,5.414299964904785,5.455031871795654,5.367800235748291,5.4141998291015625,0,USDBRL
2021-10-01,5.441699981689453,5.441699981689453,5.44290018081665,5.361800193786621,5.441699981689453,0,USDBRL
2021-10-04,5.3678998947143555,5.3678998947143555,5.440199851989746,5.360000133514404,5.367800235748291,0,USDBRL
2021-10-05,5.453199863433838,5.453199863433838,5.4720001220703125,5.425000190734863,5.4532999992370605,0,USDBRL
2021-10-06,5.475500106811523,5.475500106811523,5.520899772644043,5.452890872955322,5.475399971008301,0,USDBRL
2021-10-07,5.4918999671936035,5.4918999671936035,5.525199890136719,5.466899871826172,5.492300033569336,0,USDBRL
2021-10-08,5.517000198364258,5.517000198364258,5.527500152587891,5.481800079345703,5.517000198364258,0,USDBRL
2021-10-11,5.506899833679199,5.506899833679199,5.525300025939941,5.494699954986572,5.510200023651123,0,USDBRL
2021-10-12,5.535999774932861,5.535999774932861,5.536300182342529,5.525300025939941,5.535399913787842,0,USDBRL
2021-10-13,5.531499862670898,5.531499862670898,5.560800075531006,5.507999897003174,5.531700134277344,0,USDBRL
2021-10-14,5.512499809265137,5.512499809265137,5.524899959564209,5.468699932098389,5.512499809265137,0,USDBRL
2021-10-15,5.512199878692627,5.512199878692627,5.514400005340576,5.432799816131592,5.512199878692627,0,USDBRL
2021-10-18,5.458399772644043,5.458399772644043,5.53980016708374,5.454130172729492,5.458399772644043,0,USDBRL
2021-10-19,5.511300086975098,5.511300086975098,5.5706000328063965,5.508457183837891,5.511300086975098,0,USDBRL
2021-10-20,5.5833001136779785,5.5833001136779785,5.591700077056885,5.53463888168335,5.583799839019775,0,USDBRL
2021-10-21,5.59630012512207,5.59630012512207,5.671116828918457,5.593996047973633,5.596399784088135,0,USDBRL
2021-10-22,5.657800197601318,5.657800197601318,5.752200126647949,5.655505180358887,5.657700061798096,0,USDBRL
2021-10-25,5.649199962615967,5.649199962615967,5.650700092315674,5.5802001953125,5.649199962615967,0,USDBRL
2021-10-26,5.5543999671936035,5.5543999671936035,5.588399887084961,5.547359943389893,5.553699970245361,0,USDBRL
2021-10-27,5.564799785614014,5.564799785614014,5.588799953460693,5.537600040435791,5.565499782562256,0,USDBRL
2021-10-28,5.534999847412109,5.534999847412109,5.632800102233887,5.53280782699585,5.535099983215332,0,USDBRL
2021-10-29,5.644899845123291,5.644899845123291,5.658999919891357,5.614699840545654,5.644899845123291,0,USDBRL
2021-11-01,5.633699893951416,5.633699893951416,5.686200141906738,5.61899995803833,5.635499954223633,0,USDBRL
2021-11-02,5.678899765014648,5.678899765014648,5.679800033569336,5.660999774932861,5.678800106048584,0,USDBRL
2021-11-03,5.678599834442139,5.678599834442139,5.695700168609619,5.613170146942139,5.678699970245361,0,USDBRL
2021-11-04,5.5524001121521,5.5524001121521,5.615699768066406,5.549321174621582,5.551799774169922,0,USDBRL
2021-11-05,5.6016998291015625,5.6016998291015625,5.6041998863220215,5.522600173950195,5.599639892578125,0,USDBRL
2021-11-08,5.541100025177002,5.541100025177002,5.5929999351501465,5.538599967956543,5.538599967956543,0,USDBRL
2021-11-09,5.543099880218506,5.543099880218506,5.545199871063232,5.472499847412109,5.543000221252441,0,USDBRL
2021-11-10,5.479100227355957,5.479100227355957,5.500207901000977,5.434156894683838,5.479100227355957,0,USDBRL
2021-11-11,5.4899001121521,5.4899001121521,5.4944000244140625,5.391600131988525,5.490300178527832,0,USDBRL
2021-11-12,5.3979997634887695,5.3979997634887695,5.439700126647949,5.394800186157227,5.397900104522705,0,USDBRL
2021-11-15,5.457600116729736,5.457600116729736,5.457799911499023,5.452591896057129,5.455999851226807,0,USDBRL
2021-11-16,5.456299781799316,5.456299781799316,5.505000114440918,5.429200172424316,5.456200122833252,0,USDBRL
2021-11-17,5.502200126647949,5.502200126647949,5.515500068664551,5.466700077056885,5.501999855041504,0,USDBRL
2021-11-18,5.52869987487793,5.52869987487793,5.564599990844727,5.475345134735107,5.52869987487793,0,USDBRL
2021-11-19,5.556399822235107,5.556399822235107,5.575399875640869,5.521699905395508,5.556099891662598,0,USDBRL
2021-11-22,5.611599922180176,5.611599922180176,5.6143999099731445,5.563300132751465,5.6072001457214355,0,USDBRL
2021-11-23,5.585599899291992,5.585599899291992,5.660099983215332,5.565158843994141,5.5858001708984375,0,USDBRL
2021-11-24,5.570400238037109,5.570400238037109,5.620299816131592,5.555600166320801,5.571000099182129,0,USDBRL
2021-11-25,5.605199813842773,5.605199813842773,5.606299877166748,5.546894073486328,5.605000019073486,0,USDBRL
2021-11-26,5.565100193023682,5.565100193023682,5.640081882476807,5.563051223754883,5.565499782562256,0,USDBRL
2021-11-29,5.607800006866455,5.607800006866455,5.6350998878479,5.5569000244140625,5.5569000244140625,0,USDBRL
2021-11-30,5.6006999015808105,5.6006999015808105,5.664599895477295,5.57841682434082,5.598604202270508,0,USDBRL
2021-12-01,5.620871067047119,5.620871067047119,5.636899948120117,5.584700107574463,5.6209259033203125,0,USDBRL
2021-12-02,5.6915669441223145,5.6915669441223145,5.694300174713135,5.6143999099731445,5.692400932312012,0,USDBRL
2021-12-03,5.643321990966797,5.643321990966797,5.678599834442139,5.601200103759766,5.643321990966797,0,USDBRL
2021-12-06,5.65009880065918,5.65009880065918,5.697700023651123,5.636000156402588,5.652100086212158,0,USDBRL
2021-12-07,5.688000202178955,5.688000202178955,5.689799785614014,5.624199867248535,5.688000202178955,0,USDBRL
2021-12-08,5.611800193786621,5.611800193786621,5.632900238037109,5.525446891784668,5.612800121307373,0,USDBRL
2021-12-09,5.531599998474121,5.531599998474121,5.5843000411987305,5.5152997970581055,5.531499862670898,0,USDBRL
2021-12-10,5.571100234985352,5.571100234985352,5.631499767303467,5.554500102996826,5.571100234985352,0,USDBRL
2021-12-13,5.60866117477417,5.60866117477417,5.674300193786621,5.6006999015808105,5.60866117477417,0,USDBRL
2021-12-14,5.679699897766113,5.679699897766113,5.681399822235107,5.618000030517578,5.6803998947143555,0,USDBRL
2021-12-15,5.680600166320801,5.680600166320801,5.7256999015808105,5.6585001945495605,5.680699825286865,0,USDBRL
2021-12-16,5.6793999671936035,5.6793999671936035,5.721199989318848,5.655700206756592,5.679299831390381,0,USDBRL
2021-12-17,5.687399864196777,5.687399864196777,5.7118000984191895,5.646862030029297,5.687300205230713,0,USDBRL
2021-12-20,5.693059921264648,5.693059921264648,5.729899883270264,5.688700199127197,5.691400051116943,0,USDBRL
2021-12-21,5.741300106048584,5.741300106048584,5.7519001960754395,5.711299896240234,5.741000175476074,0,USDBRL
2021-12-22,5.74399995803833,5.74399995803833,5.745299816131592,5.698500156402588,5.744100093841553,0,USDBRL
2021-12-23,5.6529998779296875,5.6529998779296875,5.716100215911865,5.626999855041504,5.652900218963623,0,USDBRL
2021-12-24,5.671795845031738,5.671795845031738,5.684700012207031,5.670300006866455,5.673900127410889,0,USDBRL
2021-12-27,5.67110013961792,5.67110013961792,5.704699993133545,5.6346001625061035,5.635000228881836,0,USDBRL
2021-12-28,5.624100208282471,5.624100208282471,5.6595001220703125,5.604817867279053,5.623899936676025,0,USDBRL
2021-12-29,5.627500057220459,5.627500057220459,5.6915998458862305,5.624803066253662,5.627299785614014,0,USDBRL
2021-12-30,5.702700138092041,5.702700138092041,5.7027997970581055,5.550300121307373,5.702099800109863,0,USDBRL
2021-12-31,5.570199966430664,5.570199966430664,5.59060001373291,5.566143035888672,5.569799900054932,0,USDBRL
2022-01-03,5.569300174713135,5.569300174713135,5.6707000732421875,5.460599899291992,5.460599899291992,0,USDBRL
2022-01-04,5.68120002746582,5.68120002746582,5.707600116729736,5.638899803161621,5.6809000968933105,0,USDBRL
2022-01-05,5.676199913024902,5.676199913024902,5.6915998458862305,5.6417999267578125,5.676000118255615,0,USDBRL
2022-01-06,5.705635070800781,5.705635070800781,5.721799850463867,5.682799816131592,5.707699775695801,0,USDBRL
2022-01-07,5.682400226593018,5.682400226593018,5.706900119781494,5.619900226593018,5.680288791656494,0,USDBRL
2022-01-10,5.632199764251709,5.632199764251709,5.689499855041504,5.624599933624268,5.631999969482422,0,USDBRL
2022-01-11,5.662199974060059,5.662199974060059,5.672999858856201,5.581573009490967,5.662099838256836,0,USDBRL
2022-01-12,5.567299842834473,5.567299842834473,5.598800182342529,5.545577049255371,5.568399906158447,0,USDBRL
2022-01-13,5.533199787139893,5.533199787139893,5.558000087738037,5.497653961181641,5.533100128173828,0,USDBRL
2022-01-14,5.526700019836426,5.526700019836426,5.55049991607666,5.523507118225098,5.527500152587891,0,USDBRL
2022-01-17,5.533299922943115,5.533299922943115,5.53410005569458,5.49370002746582,5.531899929046631,0,USDBRL
2022-01-18,5.5157999992370605,5.5157999992370605,5.546500205993652,5.504799842834473,5.5157999992370605,0,USDBRL
2022-01-19,5.565700054168701,5.565700054168701,5.566299915313721,5.459911823272705,5.565499782562256,0,USDBRL
2022-01-20,5.43720006942749,5.43720006942749,5.4567999839782715,5.399700164794922,5.43720006942749,0,USDBRL
2022-01-21,5.418099880218506,5.418099880218506,5.473499774932861,5.404099941253662,5.415809154510498,0,USDBRL
2022-01-24,5.457099914550781,5.457099914550781,5.517099857330322,5.448960781097412,5.4558000564575195,0,USDBRL
2022-01-25,5.486100196838379,5.486100196838379,5.5177001953125,5.465400218963623,5.486100196838379,0,USDBRL
2022-01-26,5.440703868865967,5.440703868865967,5.453999996185303,5.4120001792907715,5.440295219421387,0,USDBRL
2022-01-27,5.429166793823242,5.429166793823242,5.43209981918335,5.352799892425537,5.429166793823242,0,USDBRL
2022-01-28,5.40348482131958,5.40348482131958,5.424200057983398,5.375199794769287,5.403456211090088,0,USDBRL
2022-01-31,5.362599849700928,5.362599849700928,5.3958001136779785,5.2826762199401855,5.365499973297119,0,USDBRL
2022-02-01,5.303100109100342,5.303100109100342,5.313704967498779,5.271399974822998,5.303100109100342,0,USDBRL
2022-02-02,5.264500141143799,5.264500141143799,5.3119001388549805,5.255267143249512,5.264699935913086,0,USDBRL
2022-02-03,5.260900020599365,5.260900020599365,5.3196001052856445,5.258240222930908,5.261499881744385,0,USDBRL
2022-02-04,5.282899856567383,5.282899856567383,5.348599910736084,5.277500152587891,5.282800197601318,0,USDBRL
2022-02-07,5.326900005340576,5.326900005340576,5.3429999351501465,5.276800155639648,5.326200008392334,0,USDBRL
2022-02-08,5.262599945068359,5.262599945068359,5.284900188446045,5.250999927520752,5.262800216674805,0,USDBRL
2022-02-09,5.258399963378906,5.258399963378906,5.288000106811523,5.232773780822754,5.256488800048828,0,USDBRL
2022-02-10,5.234499931335449,5.234499931335449,5.24459981918335,5.170000076293945,5.231429100036621,0,USDBRL
2022-02-11,5.248700141906738,5.248700141906738,5.251200199127197,5.182799816131592,5.248600006103516,0,USDBRL
2022-02-14,5.249956130981445,5.249956130981445,5.263299942016602,5.195300102233887,5.250500202178955,0,USDBRL
2022-02-15,5.214000225067139,5.214000225067139,5.219900131225586,5.166287899017334,5.213699817657471,0,USDBRL
2022-02-16,5.157899856567383,5.157899856567383,5.184724807739258,5.143799781799316,5.1579999923706055,0,USDBRL
2022-02-17,5.135799884796143,5.135799884796143,5.179999828338623,5.121470928192139,5.133566856384277,0,USDBRL
2022-02-18,5.170599937438965,5.170599937438965,5.175099849700928,5.1168999671936035,5.168756008148193,0,USDBRL
2022-02-21,5.137499809265137,5.137499809265137,5.149899959564209,5.07480001449585,5.13640022277832,0,USDBRL
2022-02-22,5.102700233459473,5.102700233459473,5.106599807739258,5.046696186065674,5.10230016708374,0,USDBRL
2022-02-23,5.05709981918335,5.05709981918335,5.0605998039245605,4.996500015258789,5.057199954986572,0,USDBRL
2022-02-24,5.008699893951416,5.008699893951416,5.146599769592285,5.0,5.006724834442139,0,USDBRL
2022-02-25,5.122200012207031,5.122200012207031,5.166200160980225,5.076348781585693,5.120520114898682,0,USDBRL
2022-02-28,5.15939998626709,5.15939998626709,5.166500091552734,5.151299953460693,5.165999889373779,0,USDBRL
2022-03-01,5.158400058746338,5.158400058746338,5.159900188446045,5.154538154602051,5.158899784088135,0,USDBRL
2022-03-02,5.158999919891357,5.158999919891357,5.212399959564209,5.146399974822998,5.159900188446045,0,USDBRL
2022-03-03,5.096502780914307,5.096502780914307,5.107600212097168,5.018599987030029,5.098700046539307,0,USDBRL
2022-03-04,5.030900001525879,5.030900001525879,5.097899913787842,5.026275157928467,5.031000137329102,0,USDBRL
2022-03-07,5.06056022644043,5.06056022644043,5.088915824890137,5.026199817657471,5.058899879455566,0,USDBRL
2022-03-08,5.110499858856201,5.110499858856201,5.111830234527588,5.060375213623047,5.110099792480469,0,USDBRL
2022-03-09,5.058800220489502,5.058800220489502,5.059999942779541,4.983799934387207,5.059000015258789,0,USDBRL
2022-03-10,5.011499881744385,5.011499881744385,5.073299884796143,5.0009050369262695,5.011099815368652,0,USDBRL
2022-03-11,5.009699821472168,5.009699821472168,5.052999973297119,4.98330020904541,5.010200023651123,0,USDBRL
2022-03-14,5.073500156402588,5.073500156402588,5.083799839019775,5.0370001792907715,5.0731000900268555,0,USDBRL
2022-03-15,5.121399879455566,5.121399879455566,5.149499893188477,5.089901924133301,5.121699810028076,0,USDBRL
2022-03-16,5.1631999015808105,5.1631999015808105,5.163700103759766,5.09499979019165,5.1631999015808105,0,USDBRL
2022-03-17,5.0738749504089355,5.0738749504089355,5.104300022125244,5.04010009765625,5.076000213623047,0,USDBRL
2022-03-18,5.039400100708008,5.039400100708008,5.071899890899658,5.008419990539551,5.036665916442871,0,USDBRL
2022-03-21,5.0177998542785645,5.0177998542785645,5.025100231170654,4.928281784057617,5.0177998542785645,0,USDBRL
2022-03-22,4.935200214385986,4.935200214385986,4.94890022277832,4.9029998779296875,4.933000087738037,0,USDBRL
2022-03-23,4.909999847412109,4.909999847412109,4.9120001792907715,4.8429999351501465,4.909999847412109,0,USDBRL
2022-03-24,4.82420015335083,4.82420015335083,4.8375701904296875,4.763647079467773,4.82420015335083,0,USDBRL
2022-03-25,4.826300144195557,4.826300144195557,4.828499794006348,4.746200084686279,4.826099872589111,0,USDBRL
2022-03-28,4.7368998527526855,4.7368998527526855,4.815800189971924,4.730483055114746,4.7368998527526855,0,USDBRL
2022-03-29,4.764100074768066,4.764100074768066,4.771100044250488,4.714928150177002,4.764100074768066,0,USDBRL
2022-03-30,4.756199836730957,4.756199836730957,4.786300182342529,4.7266998291015625,4.756199836730957,0,USDBRL
2022-03-31,4.769700050354004,4.769700050354004,4.790800094604492,4.723228931427002,4.769700050354004,0,USDBRL
2022-04-01,4.737800121307373,4.737800121307373,4.73960018157959,4.689044952392578,4.737800121307373,0,USDBRL
2022-04-04,4.657199859619141,4.657199859619141,4.670100212097168,4.6040568351745605,4.657199859619141,0,USDBRL
2022-04-05,4.593800067901611,4.593800067901611,4.669099807739258,4.575500011444092,4.593800067901611,0,USDBRL
2022-04-06,4.650700092315674,4.650700092315674,4.712600231170654,4.647900104522705,4.650700092315674,0,USDBRL
2022-04-07,4.715199947357178,4.715199947357178,4.769899845123291,4.690400123596191,4.715199947357178,0,USDBRL
2022-04-08,4.752099990844727,4.752099990844727,4.791299819946289,4.707518100738525,4.752099990844727,0,USDBRL
2022-04-11,4.6981000900268555,4.6981000900268555,4.732600212097168,4.684016227722168,4.697999954223633,0,USDBRL
2022-04-12,4.693600177764893,4.693600177764893,4.6971001625061035,4.621500015258789,4.693600177764893,0,USDBRL
2022-04-13,4.673099994659424,4.673099994659424,4.702300071716309,4.653200149536133,4.673099994659424,0,USDBRL
2022-04-14,4.690199851989746,4.690199851989746,4.738100051879883,4.669787883758545,4.690199851989746,0,USDBRL
2022-04-15,4.701000213623047,4.701000213623047,4.710000038146973,4.696499824523926,4.701000213623047,0,USDBRL
2022-04-18,4.7006001472473145,4.7006001472473145,4.704899787902832,4.659299850463867,4.7006001472473145,0,USDBRL
2022-04-19,4.6519999504089355,4.6519999504089355,4.683800220489502,4.63700008392334,4.6519999504089355,0,USDBRL
2022-04-20,4.664999961853027,4.664999961853027,4.676700115203857,4.609000205993652,4.664999961853027,0,USDBRL
2022-04-21,4.620800018310547,4.620800018310547,4.621600151062012,4.606554985046387,4.620800018310547,0,USDBRL
2022-04-22,4.620800018310547,4.620800018310547,4.770699977874756,4.617610931396484,4.620800018310547,0,USDBRL
2022-04-25,4.795199871063232,4.795199871063232,4.942999839782715,4.790586948394775,4.795199871063232,0,USDBRL
2022-04-26,4.876200199127197,4.876200199127197,4.995800018310547,4.873624801635742,4.876200199127197,0,USDBRL
2022-04-27,4.997799873352051,4.997799873352051,5.036399841308594,4.977439880371094,4.997799873352051,0,USDBRL
2022-04-28,4.963600158691406,4.963600158691406,5.040900230407715,4.960196018218994,4.963600158691406,0,USDBRL
2022-04-29,4.93779993057251,4.93779993057251,4.954800128936768,4.8582282066345215,4.93779993057251,0,USDBRL
2022-05-02,4.97130012512207,4.97130012512207,5.040200233459473,4.967100143432617,4.97130012512207,0,USDBRL
2022-05-03,5.084700107574463,5.084700107574463,5.0858001708984375,4.992599964141846,5.084700107574463,0,USDBRL
2022-05-04,4.958099842071533,4.958099842071533,5.028500080108643,4.954729080200195,4.958099842071533,0,USDBRL
2022-05-05,4.918799877166748,4.918799877166748,5.052800178527832,4.903800964355469,4.918799877166748,0,USDBRL
2022-05-06,5.0279998779296875,5.0279998779296875,5.111400127410889,5.009099960327148,5.0279998779296875,0,USDBRL
2022-05-09,5.080399990081787,5.080399990081787,5.148388862609863,5.074281215667725,5.080399990081787,0,USDBRL
2022-05-10,5.160900115966797,5.160900115966797,5.162199974060059,5.111000061035156,5.160900115966797,0,USDBRL
2022-05-11,5.13129997253418,5.13129997253418,5.16510009765625,5.091936111450195,5.13129997253418,0,USDBRL
2022-05-12,5.134252071380615,5.134252071380615,5.207499980926514,5.106800079345703,5.134252071380615,0,USDBRL
2022-05-13,5.133399963378906,5.133399963378906,5.145899772644043,5.06850004196167,5.133399963378906,0,USDBRL
2022-05-16,5.058300018310547,5.058300018310547,5.1016998291015625,5.031899929046631,5.058300018310547,0,USDBRL
2022-05-17,5.059700012207031,5.059700012207031,5.0605998039245605,4.949100017547607,5.059700012207031,0,USDBRL
2022-05-18,4.9380998611450195,4.9380998611450195,4.978099822998047,4.91587495803833,4.9380998611450195,0,USDBRL
2022-05-19,4.96750020980835,4.96750020980835,4.970300197601318,4.8933000564575195,4.96750020980835,0,USDBRL
2022-05-20,4.929999828338623,4.929999828338623,4.93120002746582,4.8520002365112305,4.929999828338623,0,USDBRL
2022-05-23,4.880199909210205,4.880199909210205,4.880199909210205,4.789299964904785,4.880199909210205,0,USDBRL
2022-05-24,4.813499927520752,4.813499927520752,4.85099983215332,4.774023056030273,4.813499927520752,0,USDBRL
2022-05-25,4.817800045013428,4.817800045013428,4.858799934387207,4.814712047576904,4.817800045013428,0,USDBRL
2022-05-26,4.822800159454346,4.822800159454346,4.84089994430542,4.776500225067139,4.822800159454346,0,USDBRL
2022-05-27,4.768199920654297,4.768199920654297,4.777900218963623,4.713916778564453,4.768199920654297,0,USDBRL
2022-05-30,4.729599952697754,4.729599952697754,4.741600036621094,4.6905999183654785,4.729599952697754,0,USDBRL
2022-05-31,4.752399921417236,4.752399921417236,4.77402400970459,4.696899890899658,4.752399921417236,0,USDBRL
2022-06-01,4.730400085449219,4.730400085449219,4.80679988861084,4.721499919891357,4.730400085449219,0,USDBRL
2022-06-02,4.815499782562256,4.815499782562256,4.8165998458862305,4.773600101470947,4.815499782562256,0,USDBRL
2022-06-03,4.7957000732421875,4.7957000732421875,4.828400135040283,4.765130996704102,4.7957000732421875,0,USDBRL
2022-06-06,4.775000095367432,4.775000095367432,4.802700042724609,4.7456278800964355,4.775000095367432,0,USDBRL
2022-06-07,4.7941999435424805,4.7941999435424805,4.926400184631348,4.78980016708374,4.7941999435424805,0,USDBRL
2022-06-08,4.867526054382324,4.867526054382324,4.904300212860107,4.84250020980835,4.867526054382324,0,USDBRL
2022-06-09,4.898099899291992,4.898099899291992,4.915599822998047,4.865090847015381,4.898099899291992,0,USDBRL
2022-06-10,4.903299808502197,4.903299808502197,5.008600234985352,4.883526802062988,4.903299808502197,0,USDBRL
2022-06-13,4.984000205993652,4.984000205993652,5.134799957275391,4.98390007019043,4.984000205993652,0,USDBRL
2022-06-14,5.113399982452393,5.113399982452393,5.134300231933594,5.083499908447266,5.113399982452393,0,USDBRL
2022-06-15,5.116099834442139,5.116099834442139,5.131100177764893,5.0823822021484375,5.116099834442139,0,USDBRL
2022-06-16,5.052000045776367,5.052000045776367,5.053899765014648,5.046274185180664,5.052000045776367,0,USDBRL
2022-06-17,5.052199840545654,5.052199840545654,5.146500110626221,5.04911994934082,5.052199840545654,0,USDBRL
2022-06-20,5.152100086212158,5.152100086212158,5.186600208282471,5.135865211486816,5.152100086212158,0,USDBRL
2022-06-21,5.18720006942749,5.18720006942749,5.189000129699707,5.117499828338623,5.18720006942749,0,USDBRL
2022-06-22,5.122799873352051,5.122799873352051,5.178599834442139,5.120936870574951,5.122799873352051,0,USDBRL
2022-06-23,5.193600177764893,5.193600177764893,5.211999893188477,5.165557861328125,5.193600177764893,0,USDBRL
2022-06-24,5.23799991607666,5.23799991607666,5.273399829864502,5.202000141143799,5.23799991607666,0,USDBRL
2022-06-27,5.241399765014648,5.241399765014648,5.273200035095215,5.200900077819824,5.241399765014648,0,USDBRL
2022-06-28,5.236800193786621,5.236800193786621,5.2600998878479,5.186482906341553,5.236800193786621,0,USDBRL
2022-06-29,5.266600131988525,5.266600131988525,5.27239990234375,5.208399772644043,5.266600131988525,0,USDBRL
2022-06-30,5.1809000968933105,5.1809000968933105,5.268799781799316,5.177618980407715,5.1809000968933105,0,USDBRL
2022-07-01,5.251999855041504,5.251999855041504,5.335400104522705,5.2494120597839355,5.251999855041504,0,USDBRL
2022-07-04,5.330999851226807,5.330999851226807,5.331399917602539,5.287099838256836,5.330999851226807,0,USDBRL
2022-07-05,5.3282999992370605,5.3282999992370605,5.401299953460693,5.304463863372803,5.3282999992370605,0,USDBRL
2022-07-06,5.385200023651123,5.385200023651123,5.459700107574463,5.381861209869385,5.385200023651123,0,USDBRL
2022-07-07,5.427999973297119,5.427999973297119,5.429500102996826,5.32902717590332,5.427999973297119,0,USDBRL
2022-07-08,5.338200092315674,5.338200092315674,5.3632001876831055,5.2778000831604,5.338200092315674,0,USDBRL
2022-07-11,5.254000186920166,5.254000186920166,5.359000205993652,5.250875949859619,5.254000186920166,0,USDBRL
2022-07-12,5.377200126647949,5.377200126647949,5.427000045776367,5.371500015258789,5.377200126647949,0,USDBRL
2022-07-13,5.436500072479248,5.436500072479248,5.462500095367432,5.362110137939453,5.436500072479248,0,USDBRL
2022-07-14,5.390900135040283,5.390900135040283,5.486599922180176,5.388757228851318,5.390900135040283,0,USDBRL
2022-07-15,5.422800064086914,5.422800064086914,5.446100234985352,5.375199794769287,5.422800064086914,0,USDBRL
2022-07-18,5.410099983215332,5.410099983215332,5.410600185394287,5.350735187530518,5.410099983215332,0,USDBRL
2022-07-19,5.436800003051758,5.436800003051758,5.438499927520752,5.371300220489502,5.436800003051758,0,USDBRL
2022-07-20,5.413099765777588,5.413099765777588,5.447999954223633,5.384049892425537,5.413099765777588,0,USDBRL
2022-07-21,5.470200061798096,5.470200061798096,5.502299785614014,5.43120002746582,5.470200061798096,0,USDBRL
2022-07-22,5.497799873352051,5.497799873352051,5.501500129699707,5.435299873352051,5.497799873352051,0,USDBRL
2022-07-25,5.496699810028076,5.496699810028076,5.499599933624268,5.399199962615967,5.496699810028076,0,USDBRL
2022-07-26,5.356299877166748,5.356299877166748,5.389699935913086,5.331600189208984,5.356299877166748,0,USDBRL
2022-07-27,5.350100040435791,5.350100040435791,5.35099983215332,5.290999889373779,5.350100040435791,0,USDBRL
2022-07-28,5.243000030517578,5.243000030517578,5.269000053405762,5.174200057983398,5.243000030517578,0,USDBRL
2022-07-29,5.182700157165527,5.182700157165527,5.218887805938721,5.148399829864502,5.182700157165527,0,USDBRL
2022-08-01,5.171199798583984,5.171199798583984,5.192599773406982,5.127049922943115,5.171199798583984,0,USDBRL
2022-08-02,5.184000015258789,5.184000015258789,5.244200229644775,5.157261848449707,5.184000015258789,0,USDBRL
2022-08-03,5.277699947357178,5.277699947357178,5.313000202178955,5.246200084686279,5.277699947357178,0,USDBRL
2022-08-04,5.282700061798096,5.282700061798096,5.291999816894531,5.211856842041016,5.282700061798096,0,USDBRL
2022-08-05,5.211100101470947,5.211100101470947,5.270994186401367,5.1816020011901855,5.211100101470947,0,USDBRL
2022-08-08,5.164599895477295,5.164599895477295,5.166299819946289,5.102099895477295,5.164599895477295,0,USDBRL
2022-08-09,5.110099792480469,5.110099792480469,5.146699905395508,5.093100070953369,5.110099792480469,0,USDBRL
2022-08-10,5.123700141906738,5.123700141906738,5.127699851989746,5.0355000495910645,5.123700141906738,0,USDBRL
2022-08-11,5.093699932098389,5.093699932098389,5.155399799346924,5.05649995803833,5.093699932098389,0,USDBRL
2022-08-12,5.1570000648498535,5.1570000648498535,5.160900115966797,5.082799911499023,5.1570000648498535,0,USDBRL
2022-08-15,5.074900150299072,5.074900150299072,5.136300086975098,5.067652225494385,5.074900150299072,0,USDBRL
2022-08-16,5.095600128173828,5.095600128173828,5.149099826812744,5.075442790985107,5.095600128173828,0,USDBRL
2022-08-17,5.1417388916015625,5.1417388916015625,5.211299896240234,5.141095161437988,5.1417388916015625,0,USDBRL
2022-08-18,5.164999961853027,5.164999961853027,5.197000026702881,5.1296000480651855,5.164999961853027,0,USDBRL
2022-08-19,5.166999816894531,5.166999816894531,5.2170000076293945,5.1642351150512695,5.166999816894531,0,USDBRL
2022-08-22,5.168399810791016,5.168399810791016,5.202099800109863,5.161799907684326,5.168399810791016,0,USDBRL
2022-08-23,5.156099796295166,5.156099796295166,5.157100200653076,5.071300029754639,5.156099796295166,0,USDBRL
2022-08-24,5.103499889373779,5.103499889373779,5.120299816131592,5.07731819152832,5.103499889373779,0,USDBRL
2022-08-25,5.110099792480469,5.110099792480469,5.139699935913086,5.081050872802734,5.110099792480469,0,USDBRL
2022-08-26,5.108699798583984,5.108699798583984,5.113699913024902,5.064000129699707,5.108699798583984,0,USDBRL
2022-08-29,5.0625,5.0625,5.0777997970581055,5.024099826812744,5.0625,0,USDBRL
2022-08-30,5.027200222015381,5.027200222015381,5.076499938964844,4.998009204864502,5.027200222015381,0,USDBRL
2022-08-31,5.1219000816345215,5.1219000816345215,5.196800231933594,5.093873023986816,5.1219000816345215,0,USDBRL
2022-09-01,5.181700229644775,5.181700229644775,5.2322998046875,5.144000053405762,5.181700229644775,0,USDBRL
2022-09-02,5.2403998374938965,5.2403998374938965,5.24807596206665,5.170300006866455,5.2403998374938965,0,USDBRL
2022-09-05,5.171000003814697,5.171000003814697,5.187399864196777,5.140803813934326,5.171000003814697,0,USDBRL
2022-09-06,5.153900146484375,5.153900146484375,5.237400054931641,5.123166084289551,5.153900146484375,0,USDBRL
2022-09-07,5.247200012207031,5.247200012207031,5.248700141906738,5.243600845336914,5.247200012207031,0,USDBRL
2022-09-08,5.246699810028076,5.246699810028076,5.249199867248535,5.186014175415039,5.246699810028076,0,USDBRL
2022-09-09,5.2133002281188965,5.2133002281188965,5.214300155639648,5.140100002288818,5.2133002281188965,0,USDBRL
2022-09-12,5.146299839019775,5.146299839019775,5.14769983291626,5.103637218475342,5.146299839019775,0,USDBRL
2022-09-13,5.0920000076293945,5.0920000076293945,5.201900005340576,5.0669732093811035,5.0920000076293945,0,USDBRL
2022-09-14,5.189799785614014,5.189799785614014,5.1956000328063965,5.151944160461426,5.189799785614014,0,USDBRL
2022-09-15,5.162700176239014,5.162700176239014,5.234899997711182,5.1598920822143555,5.162700176239014,0,USDBRL
2022-09-16,5.246099948883057,5.246099948883057,5.307600021362305,5.242725849151611,5.246099948883057,0,USDBRL
2022-09-19,5.250699996948242,5.250699996948242,5.297999858856201,5.174300193786621,5.250699996948242,0,USDBRL
2022-09-20,5.170899868011475,5.170899868011475,5.219399929046631,5.145421981811523,5.170899868011475,0,USDBRL
2022-09-21,5.141499996185303,5.141499996185303,5.184000015258789,5.120461940765381,5.141499996185303,0,USDBRL
2022-09-22,5.170400142669678,5.170400142669678,5.183000087738037,5.118380069732666,5.170400142669678,0,USDBRL
2022-09-23,5.115499973297119,5.115499973297119,5.238800048828125,5.112679958343506,5.115499973297119,0,USDBRL
2022-09-26,5.258800029754639,5.258800029754639,5.388899803161621,5.255300045013428,5.258800029754639,0,USDBRL
2022-09-27,5.389400005340576,5.389400005340576,5.393899917602539,5.2955322265625,5.389400005340576,0,USDBRL
2022-09-28,5.3780999183654785,5.3780999183654785,5.414328098297119,5.3383002281188965,5.3780999183654785,0,USDBRL
2022-09-29,5.374199867248535,5.374199867248535,5.428299903869629,5.371356964111328,5.374199867248535,0,USDBRL
2022-09-30,5.396200180053711,5.396200180053711,5.421999931335449,5.375,5.396200180053711,0,USDBRL
2022-10-03,5.414299964904785,5.414299964904785,5.4156999588012695,5.159856796264648,5.414299964904785,0,USDBRL
2022-10-04,5.16349983215332,5.16349983215332,5.170199871063232,5.10890007019043,5.16349983215332,0,USDBRL
2022-10-05,5.17579984664917,5.17579984664917,5.241199970245361,5.172770977020264,5.17579984664917,0,USDBRL
2022-10-06,5.195199966430664,5.195199966430664,5.2170000076293945,5.172574996948242,5.195199966430664,0,USDBRL
2022-10-07,5.220099925994873,5.220099925994873,5.248899936676025,5.194699764251709,5.220099925994873,0,USDBRL
2022-10-10,5.198400020599365,5.198400020599365,5.213900089263916,5.162300109863281,5.198400020599365,0,USDBRL
2022-10-11,5.186800003051758,5.186800003051758,5.224899768829346,5.159780025482178,5.186800003051758,0,USDBRL
2022-10-12,5.292099952697754,5.292099952697754,5.294899940490723,5.287954807281494,5.292099952697754,0,USDBRL
2022-10-13,5.291500091552734,5.291500091552734,5.378499984741211,5.251726150512695,5.291500091552734,0,USDBRL
2022-10-14,5.259799957275391,5.259799957275391,5.308599948883057,5.237907886505127,5.259799957275391,0,USDBRL
2022-10-17,5.327400207519531,5.327400207519531,5.330100059509277,5.25318717956543,5.327400207519531,0,USDBRL
2022-10-18,5.2773590087890625,5.2773590087890625,5.295300006866455,5.241399765014648,5.2773590087890625,0,USDBRL
2022-10-19,5.239799976348877,5.239799976348877,5.295100212097168,5.233439922332764,5.239799976348877,0,USDBRL
2022-10-20,5.269199848175049,5.269199848175049,5.272799968719482,5.19320011138916,5.269199848175049,0,USDBRL
2022-10-21,5.216599941253662,5.216599941253662,5.27269983291626,5.169707775115967,5.216599941253662,0,USDBRL
2022-10-24,5.163400173187256,5.163400173187256,5.2993998527526855,5.159900188446045,5.163400173187256,0,USDBRL
2022-10-25,5.30620002746582,5.30620002746582,5.35260009765625,5.280600070953369,5.30620002746582,0,USDBRL
2022-10-26,5.315199851989746,5.315199851989746,5.335700035095215,5.281700134277344,5.315199851989746,0,USDBRL
2022-10-27,5.383900165557861,5.383900165557861,5.385200023651123,5.2779998779296875,5.383900165557861,0,USDBRL
2022-10-28,5.339200019836426,5.339200019836426,5.3716559410095215,5.326300144195557,5.339200019836426,0,USDBRL
2022-10-31,5.28849983215332,5.28849983215332,5.399843215942383,5.210100173950195,5.28849983215332,0,USDBRL
2022-11-01,5.178800106048584,5.178800106048584,5.197299957275391,5.101500034332275,5.178800106048584,0,USDBRL
2022-11-02,5.142399787902832,5.142399787902832,5.144000053405762,5.139265060424805,5.142399787902832,0,USDBRL
2022-11-03,5.142600059509277,5.142600059509277,5.217329025268555,5.085299968719482,5.142600059509277,0,USDBRL
2022-11-04,5.1149001121521,5.1149001121521,5.117297172546387,5.022900104522705,5.1149001121521,0,USDBRL
2022-11-07,5.078132152557373,5.078132152557373,5.126800060272217,4.997541904449463,5.078132152557373,0,USDBRL
2022-11-08,5.153326988220215,5.153326988220215,5.244500160217285,5.113999843597412,5.153326988220215,0,USDBRL
2022-11-09,5.14300012588501,5.14300012588501,5.191999912261963,5.098262786865234,5.14300012588501,0,USDBRL
2022-11-10,5.185200214385986,5.185200214385986,5.357500076293945,5.1820149421691895,5.185200214385986,0,USDBRL
2022-11-11,5.341579914093018,5.341579914093018,5.400899887084961,5.245100021362305,5.341579914093018,0,USDBRL
2022-11-14,5.279058933258057,5.279058933258057,5.347099781036377,5.263000011444092,5.279058933258057,0,USDBRL
2022-11-15,5.331200122833252,5.331200122833252,5.332799911499023,5.3277587890625,5.331200122833252,0,USDBRL
2022-11-16,5.331699848175049,5.331699848175049,5.3694939613342285,5.288400173187256,5.331699848175049,0,USDBRL
2022-11-17,5.39900016784668,5.39900016784668,5.5195770263671875,5.3957438468933105,5.39900016784668,0,USDBRL
2022-11-18,5.422100067138672,5.422100067138672,5.422999858856201,5.323400020599365,5.422100067138672,0,USDBRL
2022-11-21,5.38129997253418,5.38129997253418,5.382599830627441,5.298099994659424,5.38129997253418,0,USDBRL
2022-11-22,5.318600177764893,5.318600177764893,5.365699768066406,5.281799793243408,5.318600177764893,0,USDBRL
2022-11-23,5.357699871063232,5.357699871063232,5.4079999923706055,5.335684776306152,5.357699871063232,0,USDBRL
2022-11-24,5.35830020904541,5.35830020904541,5.35890007019043,5.296245098114014,5.35830020904541,0,USDBRL
2022-11-25,5.320000171661377,5.320000171661377,5.3881001472473145,5.304999828338623,5.320000171661377,0,USDBRL
2022-11-28,5.4085001945495605,5.4085001945495605,5.423799991607666,5.364994049072266,5.4085001945495605,0,USDBRL
2022-11-29,5.364699840545654,5.364699840545654,5.365499973297119,5.2782769203186035,5.364699840545654,0,USDBRL
2022-11-30,5.268199920654297,5.268199920654297,5.315800189971924,5.243526935577393,5.268199920654297,0,USDBRL
2022-12-01,5.181589126586914,5.181589126586914,5.214099884033203,5.1631999015808105,5.181589126586914,0,USDBRL
2022-12-02,5.183599948883057,5.183599948883057,5.236100196838379,5.164100170135498,5.183599948883057,0,USDBRL
2022-12-05,5.2179999351501465,5.2179999351501465,5.263899803161621,5.214099884033203,5.2179999351501465,0,USDBRL
2022-12-06,5.28000020980835,5.28000020980835,5.280600070953369,5.219791889190674,5.28000020980835,0,USDBRL
2022-12-07,5.234000205993652,5.234000205993652,5.270356178283691,5.210299968719482,5.234000205993652,0,USDBRL
2022-12-08,5.203999996185303,5.203999996185303,5.248300075531006,5.193943977355957,5.203999996185303,0,USDBRL
2022-12-09,5.224299907684326,5.224299907684326,5.279799938201904,5.214605808258057,5.224299907684326,0,USDBRL
2022-12-12,5.235000133514404,5.235000133514404,5.348899841308594,5.234063148498535,5.235000133514404,0,USDBRL
2022-12-13,5.321300029754639,5.321300029754639,5.3221001625061035,5.239099979400635,5.321300029754639,0,USDBRL
2022-12-14,5.292799949645996,5.292799949645996,5.366154193878174,5.249914169311523,5.292799949645996,0,USDBRL
2022-12-15,5.277200222015381,5.277200222015381,5.343699932098389,5.264805793762207,5.277200222015381,0,USDBRL
2022-12-16,5.311800003051758,5.311800003051758,5.328100204467773,5.260985851287842,5.311800003051758,0,USDBRL
2022-12-19,5.306509017944336,5.306509017944336,5.3358001708984375,5.296500205993652,5.306509017944336,0,USDBRL
2022-12-20,5.291600227355957,5.291600227355957,5.322199821472168,5.17786979675293,5.291600227355957,0,USDBRL
2022-12-21,5.198400020599365,5.198400020599365,5.21589994430542,5.158299922943115,5.198400020599365,0,USDBRL
2022-12-22,5.199900150299072,5.199900150299072,5.216800212860107,5.156332969665527,5.199900150299072,0,USDBRL
2022-12-23,5.165599822998047,5.165599822998047,5.175000190734863,5.116315841674805,5.165599822998047,0,USDBRL
2022-12-26,5.164299964904785,5.164299964904785,5.20419979095459,5.162499904632568,5.164299964904785,0,USDBRL
2022-12-27,5.21750020980835,5.21750020980835,5.291600227355957,5.124977111816406,5.21750020980835,0,USDBRL
2022-12-28,5.292300224304199,5.292300224304199,5.292699813842773,5.250699996948242,5.292300224304199,0,USDBRL
2022-12-29,5.2667999267578125,5.2667999267578125,5.281088829040527,5.1894001960754395,5.2667999267578125,0,USDBRL
2022-12-30,5.284599781036377,5.284599781036377,5.287799835205078,5.282199859619141,5.284599781036377,0,USDBRL
2023-01-02,5.2855000495910645,5.2855000495910645,5.362100124359131,5.281983852386475,5.2855000495910645,0,USDBRL
2023-01-03,5.360130786895752,5.360130786895752,5.422100067138672,5.340700149536133,5.360130786895752,0,USDBRL
2023-01-04,5.478499889373779,5.478499889373779,5.479400157928467,5.4257001876831055,5.478499889373779,0,USDBRL
2023-01-05,5.430099964141846,5.430099964141846,5.431099891662598,5.369500160217285,5.430099964141846,0,USDBRL
2023-01-06,5.349800109863281,5.349800109863281,5.360858917236328,5.244500160217285,5.349800109863281,0,USDBRL
2023-01-09,5.224400043487549,5.224400043487549,5.306399822235107,5.220956802368164,5.224400043487549,0,USDBRL
2023-01-10,5.253699779510498,5.253699779510498,5.270648002624512,5.209530830383301,5.253699779510498,0,USDBRL
2023-01-11,5.198299884796143,5.198299884796143,5.231500148773193,5.187190055847168,5.198299884796143,0,USDBRL
2023-01-12,5.1585001945495605,5.1585001945495605,5.17710018157959,5.110400199890137,5.1585001945495605,0,USDBRL
2023-01-13,5.107699871063232,5.107699871063232,5.1528000831604,5.085400104522705,5.107699871063232,0,USDBRL
2023-01-16,5.080699920654297,5.080699920654297,5.1280999183654785,5.088799953460693,5.080699920654297,0,USDBRL
2023-01-17,5.145999908447266,5.145999908447266,5.15369987487793,5.094900131225586,5.145999908447266,0,USDBRL
2023-01-18,5.099599838256836,5.099599838256836,5.133800029754639,5.064700126647949,5.099599838256836,0,USDBRL
2023-01-19,5.185299873352051,5.185299873352051,5.249170780181885,5.182400226593018,5.185299873352051,0,USDBRL
2023-01-20,5.172999858856201,5.172999858856201,5.236599922180176,5.164899826049805,5.172999858856201,0,USDBRL
2023-01-23,5.206299781799316,5.206299781799316,5.214799880981445,5.165500164031982,5.206299781799316,0,USDBRL
2023-01-24,5.205900192260742,5.205900192260742,5.214799880981445,5.139400005340576,5.205900192260742,0,USDBRL
2023-01-25,5.138400077819824,5.138400077819824,5.142899990081787,5.071798801422119,5.138400077819824,0,USDBRL
2023-01-26,5.072199821472168,5.072199821472168,5.111800193786621,5.057525157928467,5.072199821472168,0,USDBRL
2023-01-27,5.062745094299316,5.062745094299316,5.100800037384033,5.054416179656982,5.062745094299316,0,USDBRL
2023-01-30,5.1072001457214355,5.1072001457214355,5.122399806976318,5.081096172332764,5.1072001457214355,0,USDBRL
2023-01-31,5.1149001121521,5.1149001121521,5.133699893951416,5.077499866485596,5.1149001121521,0,USDBRL
2023-02-01,5.072199821472168,5.072199821472168,5.0868000984191895,5.047900199890137,5.072199821472168,0,USDBRL
2023-02-02,5.053500175476074,5.053500175476074,5.054500102996826,4.941699981689453,5.053500175476074,0,USDBRL
2023-02-03,5.049200057983398,5.049200057983398,5.134699821472168,5.04675817489624,5.049200057983398,0,USDBRL
2023-02-06,5.149799823760986,5.149799823760986,5.205999851226807,5.147992134094238,5.149799823760986,0,USDBRL
2023-02-07,5.145699977874756,5.145699977874756,5.205699920654297,5.1333842277526855,5.145699977874756,0,USDBRL
2023-02-08,5.2093000411987305,5.2093000411987305,5.240099906921387,5.164116859436035,5.2093000411987305,0,USDBRL
2023-02-09,5.19950008392334,5.19950008392334,5.27400016784668,5.170100212097168,5.19950008392334,0,USDBRL
2023-02-10,5.2895002365112305,5.2895002365112305,5.304565906524658,5.225172996520996,5.2895002365112305,0,USDBRL
2023-02-13,5.213482856750488,5.213482856750488,5.221399784088135,5.158999919891357,5.213482856750488,0,USDBRL
2023-02-14,5.158400058746338,5.158400058746338,5.1809000968933105,5.126577854156494,5.158400058746338,0,USDBRL
2023-02-15,5.191500186920166,5.191500186920166,5.237500190734863,5.144326210021973,5.191500186920166,0,USDBRL
2023-02-16,5.2179999351501465,5.2179999351501465,5.2555999755859375,5.195919990539551,5.2179999351501465,0,USDBRL
2023-02-17,5.216800212860107,5.216800212860107,5.245128154754639,5.171154022216797,5.216800212860107,0,USDBRL
2023-02-20,5.165168762207031,5.165168762207031,5.168000221252441,5.163400173187256,5.165168762207031,0,USDBRL
2023-02-21,5.1666998863220215,5.1666998863220215,5.167300224304199,5.147881984710693,5.1666998863220215,0,USDBRL
2023-02-22,5.166500091552734,5.166500091552734,5.209799766540527,5.163771152496338,5.166500091552734,0,USDBRL
2023-02-23,5.151199817657471,5.151199817657471,5.17140007019043,5.109600067138672,5.151199817657471,0,USDBRL
2023-02-24,5.136199951171875,5.136199951171875,5.196199893951416,5.133802890777588,5.136199951171875,0,USDBRL
2023-02-27,5.207799911499023,5.207799911499023,5.2108001708984375,5.1688737869262695,5.207799911499023,0,USDBRL
2023-02-28,5.199699878692627,5.199699878692627,5.2399001121521,5.180500030517578,5.199699878692627,0,USDBRL
2023-03-01,5.235899925231934,5.235899925231934,5.236700057983398,5.1880998611450195,5.235899925231934,0,USDBRL
2023-03-02,5.178299903869629,5.178299903869629,5.225800037384033,5.174952030181885,5.178299903869629,0,USDBRL
2023-03-03,5.1996002197265625,5.1996002197265625,5.225500106811523,5.187300205230713,5.1996002197265625,0,USDBRL
2023-03-06,5.194399833679199,5.194399833679199,5.215000152587891,5.15880012512207,5.194399833679199,0,USDBRL
2023-03-07,5.152200222015381,5.152200222015381,5.203000068664551,5.149921894073486,5.152200222015381,0,USDBRL
2023-03-08,5.190000057220459,5.190000057220459,5.192699909210205,5.10290002822876,5.190000057220459,0,USDBRL
2023-03-09,5.144400119781494,5.144400119781494,5.154399871826172,5.11117696762085,5.144400119781494,0,USDBRL
2023-03-10,5.163700103759766,5.163700103759766,5.203499794006348,5.149460792541504,5.163700103759766,0,USDBRL
2023-03-13,5.21560001373291,5.21560001373291,5.278299808502197,5.210000038146973,5.21560001373291,0,USDBRL
2023-03-14,5.245699882507324,5.245699882507324,5.257299900054932,5.220570087432861,5.245699882507324,0,USDBRL
2023-03-15,5.251699924468994,5.251699924468994,5.321486949920654,5.246898174285889,5.251699924468994,0,USDBRL
2023-03-16,5.287099838256836,5.287099838256836,5.308800220489502,5.26200008392334,5.287099838256836,0,USDBRL
2023-03-17,5.229599952697754,5.229599952697754,5.282700061798096,5.2269978523254395,5.229599952697754,0,USDBRL
2023-03-20,5.2778000831604,5.2778000831604,5.282100200653076,5.228000164031982,5.2778000831604,0,USDBRL
2023-03-21,5.2357001304626465,5.2357001304626465,5.250500202178955,5.214111804962158,5.2357001304626465,0,USDBRL
2023-03-22,5.240900039672852,5.240900039672852,5.277299880981445,5.238010883331299,5.240900039672852,0,USDBRL
2023-03-23,5.236100196838379,5.236100196838379,5.277599811553955,5.201099872589111,5.236100196838379,0,USDBRL
2023-03-24,5.2967000007629395,5.2967000007629395,5.336699962615967,5.244999885559082,5.2967000007629395,0,USDBRL
2023-03-27,5.245100021362305,5.245100021362305,5.247499942779541,5.21619987487793,5.245100021362305,0,USDBRL
2023-03-28,5.1971001625061035,5.1971001625061035,5.197700023651123,5.147900104522705,5.1971001625061035,0,USDBRL
2023-03-29,5.164400100708008,5.164400100708008,5.182300090789795,5.131730079650879,5.164400100708008,0,USDBRL
2023-03-30,5.134200096130371,5.134200096130371,5.155928134918213,5.077300071716309,5.134200096130371,0,USDBRL
2023-03-31,5.092700004577637,5.092700004577637,5.103300094604492,5.055200099945068,5.092700004577637,0,USDBRL
2023-04-03,5.062300205230713,5.062300205230713,5.075500011444092,5.036215782165527,5.062300205230713,0,USDBRL
2023-04-04,5.0630998611450195,5.0630998611450195,5.097599983215332,5.048276901245117,5.0630998611450195,0,USDBRL
2023-04-05,5.070700168609619,5.070700168609619,5.0742998123168945,5.027503967285156,5.070700168609619,0,USDBRL
2023-04-06,5.033199787139893,5.033199787139893,5.07889986038208,5.028911113739014,5.033199787139893,0,USDBRL
2023-04-07,5.058300018310547,5.058300018310547,5.058499813079834,5.004350185394287,5.058300018310547,0,USDBRL
2023-04-10,5.0543999671936035,5.0543999671936035,5.088699817657471,5.045100212097168,5.0543999671936035,0,USDBRL
2023-04-11,5.065299987792969,5.065299987792969,5.067599773406982,4.988999843597412,5.065299987792969,0,USDBRL
2023-04-12,5.004000186920166,5.004000186920166,5.006199836730957,4.916999816894531,5.004000186920166,0,USDBRL
2023-04-13,4.916900157928467,4.916900157928467,4.934199810028076,4.895641803741455,4.916900157928467,0,USDBRL
2023-04-14,4.926700115203857,4.926700115203857,4.962100028991699,4.9039998054504395,4.926700115203857,0,USDBRL
2023-04-17,4.908699989318848,4.908699989318848,4.954500198364258,4.898399829864502,4.908699989318848,0,USDBRL
2023-04-18,4.939799785614014,4.939799785614014,4.9892191886901855,4.909900188446045,4.939799785614014,0,USDBRL
2023-04-19,4.984300136566162,4.984300136566162,5.059599876403809,4.981914043426514,4.984300136566162,0,USDBRL
2023-04-20,5.0742998123168945,5.0742998123168945,5.0817999839782715,5.036600112915039,5.0742998123168945,0,USDBRL
2023-04-21,5.047699928283691,5.047699928283691,5.049200057983398,5.044340133666992,5.047699928283691,0,USDBRL
2023-04-24,5.047900199890137,5.047900199890137,5.082099914550781,5.043099880218506,5.047900199890137,0,USDBRL
2023-04-25,5.033400058746338,5.033400058746338,5.079599857330322,5.0304999351501465,5.033400058746338,0,USDBRL
2023-04-26,5.053100109100342,5.053100109100342,5.070400238037109,5.034200191497803,5.053100109100342,0,USDBRL
2023-04-27,5.043000221252441,5.043000221252441,5.045499801635742,5.0,5.043000221252441,0,USDBRL
2023-04-28,4.976200103759766,4.976200103759766,5.014900207519531,4.973421096801758,4.976200103759766,0,USDBRL
2023-05-01,4.986000061035156,4.986000061035156,4.9878997802734375,4.985899925231934,4.986000061035156,0,USDBRL
2023-05-02,4.9878997802734375,4.9878997802734375,5.049499988555908,4.959331035614014,4.9878997802734375,0,USDBRL
2023-05-03,5.038400173187256,5.038400173187256,5.048399925231934,5.0030999183654785,5.038400173187256,0,USDBRL
2023-05-04,4.9944000244140625,4.9944000244140625,5.03249979019165,4.969699859619141,4.9944000244140625,0,USDBRL
2023-05-05,4.982600212097168,4.982600212097168,4.997600078582764,4.952099800109863,4.982600212097168,0,USDBRL
2023-05-08,4.951700210571289,4.951700210571289,4.992199897766113,4.939199924468994,4.951700210571289,0,USDBRL
2023-05-09,5.007999897003174,5.007999897003174,5.033299922943115,4.983399868011475,5.007999897003174,0,USDBRL
2023-05-10,4.985899925231934,4.985899925231934,4.9893999099731445,4.9359002113342285,4.985899925231934,0,USDBRL
2023-05-11,4.94290018081665,4.94290018081665,4.981299877166748,4.940281867980957,4.94290018081665,0,USDBRL
2023-05-12,4.929500102996826,4.929500102996826,4.953499794006348,4.908999919891357,4.929500102996826,0,USDBRL
2023-05-15,4.920199871063232,4.920199871063232,4.930500030517578,4.898891925811768,4.920199871063232,0,USDBRL
2023-05-16,4.887899875640869,4.887899875640869,4.928699970245361,4.885000228881836,4.887899875640869,0,USDBRL
2023-05-17,4.9394001960754395,4.9394001960754395,4.968200206756592,4.9328999519348145,4.9394001960754395,0,USDBRL
2023-05-18,4.937699794769287,4.937699794769287,4.976500034332275,4.934599876403809,4.937699794769287,0,USDBRL
2023-05-19,4.964399814605713,4.964399814605713,4.999499797821045,4.941186904907227,4.964399814605713,0,USDBRL
2023-05-22,4.996799945831299,4.996799945831299,5.002099990844727,4.955399990081787,4.996799945831299,0,USDBRL
2023-05-23,4.966100215911865,4.966100215911865,4.991600036621094,4.948136806488037,4.966100215911865,0,USDBRL
2023-05-24,4.971199989318848,4.971199989318848,4.9745001792907715,4.935100078582764,4.971199989318848,0,USDBRL
2023-05-25,4.958600044250488,4.958600044250488,5.019400119781494,4.9423441886901855,4.958600044250488,0,USDBRL
2023-05-26,5.035200119018555,5.035200119018555,5.035799980163574,4.998300075531006,5.035200119018555,0,USDBRL
2023-05-29,4.992800235748291,4.992800235748291,5.010000228881836,4.970799922943115,4.992800235748291,0,USDBRL
2023-05-30,5.018099784851074,5.018099784851074,5.063600063323975,4.997626781463623,5.018099784851074,0,USDBRL
2023-05-31,5.034800052642822,5.034800052642822,5.121399879455566,5.032331943511963,5.034800052642822,0,USDBRL
2023-06-01,5.054800033569336,5.054800033569336,5.055300235748291,5.008421897888184,5.054800033569336,0,USDBRL
2023-06-02,5.0131001472473145,5.0131001472473145,5.013700008392334,4.9435319900512695,5.0131001472473145,0,USDBRL
2023-06-05,4.956600189208984,4.956600189208984,4.969799995422363,4.911917209625244,4.956600189208984,0,USDBRL
2023-06-06,4.925600051879883,4.925600051879883,4.95419979095459,4.9045000076293945,4.925600051879883,0,USDBRL
2023-06-07,4.9120001792907715,4.9120001792907715,4.929200172424316,4.898799896240234,4.9120001792907715,0,USDBRL
2023-06-08,4.922399997711182,4.922399997711182,4.92519998550415,4.8935699462890625,4.922399997711182,0,USDBRL
2023-06-09,4.922100067138672,4.922100067138672,4.925099849700928,4.85830020904541,4.922100067138672,0,USDBRL
2023-06-12,4.877900123596191,4.877900123596191,4.895599842071533,4.865635871887207,4.877900123596191,0,USDBRL
2023-06-13,4.860599994659424,4.860599994659424,4.875400066375732,4.844746112823486,4.860599994659424,0,USDBRL
2023-06-14,4.861000061035156,4.861000061035156,4.863399982452393,4.836825847625732,4.861000061035156,0,USDBRL
2023-06-15,4.815000057220459,4.815000057220459,4.84250020980835,4.8018999099731445,4.815000057220459,0,USDBRL
2023-06-16,4.809199810028076,4.809199810028076,4.847700119018555,4.802499771118164,4.809199810028076,0,USDBRL
2023-06-19,4.807000160217285,4.807000160217285,4.827300071716309,4.766300201416016,4.807000160217285,0,USDBRL
2023-06-20,4.776899814605713,4.776899814605713,4.797599792480469,4.772200107574463,4.776899814605713,0,USDBRL
2023-06-21,4.789299964904785,4.789299964904785,4.814499855041504,4.763199806213379,4.789299964904785,0,USDBRL
2023-06-22,4.76230001449585,4.76230001449585,4.779099941253662,4.737407207489014,4.76230001449585,0,USDBRL
2023-06-23,4.7697367668151855,4.7697367668151855,4.802599906921387,4.765414237976074,4.7697367668151855,0,USDBRL
2023-06-26,4.7855000495910645,4.7855000495910645,4.786200046539307,4.75774621963501,4.7855000495910645,0,USDBRL
2023-06-27,4.767300128936768,4.767300128936768,4.8043999671936035,4.750400066375732,4.767300128936768,0,USDBRL
2023-06-28,4.810500144958496,4.810500144958496,4.868500232696533,4.808137893676758,4.810500144958496,0,USDBRL
2023-06-29,4.850500106811523,4.850500106811523,4.871600151062012,4.809946060180664,4.850500106811523,0,USDBRL
2023-06-30,4.855599880218506,4.855599880218506,4.867499828338623,4.809299945831299,4.855599880218506,0,USDBRL
2023-07-03,4.784200191497803,4.784200191497803,4.792900085449219,4.758143901824951,4.784200191497803,0,USDBRL
2023-07-04,4.80649995803833,4.80649995803833,4.817399978637695,4.781799793243408,4.80649995803833,0,USDBRL
2023-07-05,4.839900016784668,4.839900016784668,4.868199825286865,4.8368000984191895,4.839900016784668,0,USDBRL
2023-07-06,4.8471999168396,4.8471999168396,4.923900127410889,4.838892936706543,4.8471999168396,0,USDBRL
2023-07-07,4.918700218200684,4.918700218200684,4.9293999671936035,4.859095096588135,4.918700218200684,0,USDBRL
2023-07-10,4.8709001541137695,4.8709001541137695,4.891200065612793,4.856100082397461,4.8709001541137695,0,USDBRL
2023-07-11,4.898200035095215,4.898200035095215,4.9197998046875,4.879406929016113,4.898200035095215,0,USDBRL
2023-07-12,4.851500034332275,4.851500034332275,4.858399868011475,4.7829999923706055,4.851500034332275,0,USDBRL
2023-07-13,4.81689977645874,4.81689977645874,4.8227620124816895,4.779804229736328,4.81689977645874,0,USDBRL
2023-07-14,4.7947998046875,4.7947998046875,4.806300163269043,4.771745204925537,4.7947998046875,0,USDBRL
2023-07-17,4.788099765777588,4.788099765777588,4.8470001220703125,4.772340774536133,4.788099765777588,0,USDBRL
2023-07-18,4.805799961090088,4.805799961090088,4.825099945068359,4.7627692222595215,4.805799961090088,0,USDBRL
2023-07-19,4.809299945831299,4.809299945831299,4.8171000480651855,4.783400058746338,4.809299945831299,0,USDBRL
2023-07-20,4.789899826049805,4.789899826049805,4.808199882507324,4.7677998542785645,4.789899826049805,0,USDBRL
2023-07-21,4.796899795532227,4.796899795532227,4.813961982727051,4.7592878341674805,4.796899795532227,0,USDBRL
2023-07-24,4.777400016784668,4.777400016784668,4.779200077056885,4.720375061035156,4.777400016784668,0,USDBRL
2023-07-25,4.725500106811523,4.725500106811523,4.75629997253418,4.715330123901367,4.725500106811523,0,USDBRL
2023-07-26,4.748899936676025,4.748899936676025,4.753300189971924,4.727200031280518,4.748899936676025,0,USDBRL
2023-07-27,4.736199855804443,4.736199855804443,4.7368998527526855,4.709400177001953,4.736199855804443,0,USDBRL
2023-07-28,4.741600036621094,4.741600036621094,4.748499870300293,4.695682048797607,4.741600036621094,0,USDBRL
2023-07-31,4.723299980163574,4.723299980163574,4.757999897003174,4.702225208282471,4.723299980163574,0,USDBRL
2023-08-01,4.724699974060059,4.724699974060059,4.78849983215332,4.72075891494751,4.724699974060059,0,USDBRL
2023-08-02,4.791999816894531,4.791999816894531,4.81879997253418,4.778113842010498,4.791999816894531,0,USDBRL
2023-08-03,4.810400009155273,4.810400009155273,4.893199920654297,4.808488845825195,4.810400009155273,0,USDBRL
2023-08-04,4.916399955749512,4.916399955749512,4.918300151824951,4.845600128173828,4.916399955749512,0,USDBRL
2023-08-07,4.88539981842041,4.88539981842041,4.910699844360352,4.85941219329834,4.88539981842041,0,USDBRL
2023-08-08,4.89900016784668,4.89900016784668,4.9368062019348145,4.894811153411865,4.89900016784668,0,USDBRL
2023-08-09,4.898600101470947,4.898600101470947,4.910699844360352,4.872499942779541,4.898600101470947,0,USDBRL
2023-08-10,4.901700019836426,4.901700019836426,4.903900146484375,4.838523864746094,4.901700019836426,0,USDBRL
2023-08-11,4.891499996185303,4.891499996185303,4.904300212860107,4.860943794250488,4.891499996185303,0,USDBRL
2023-08-14,4.910999774932861,4.910999774932861,4.961900234222412,4.889688968658447,4.910999774932861,0,USDBRL
2023-08-15,4.962100028991699,4.962100028991699,4.99560022354126,4.957699775695801,4.962100028991699,0,USDBRL
2023-08-16,4.9832000732421875,4.9832000732421875,4.98829984664917,4.951272010803223,4.9832000732421875,0,USDBRL
2023-08-17,4.9868998527526855,4.9868998527526855,4.992800235748291,4.958000183105469,4.9868998527526855,0,USDBRL
2023-08-18,4.975500106811523,4.975500106811523,4.99560022354126,4.959499835968018,4.975500106811523,0,USDBRL
2023-08-21,4.966899871826172,4.966899871826172,4.993800163269043,4.950191020965576,4.966899871826172,0,USDBRL
2023-08-22,4.978700160980225,4.978700160980225,4.9791998863220215,4.922945976257324,4.978700160980225,0,USDBRL
2023-08-23,4.937099933624268,4.937099933624268,4.941199779510498,4.867554187774658,4.937099933624268,0,USDBRL
2023-08-24,4.855100154876709,4.855100154876709,4.883299827575684,4.853884220123291,4.855100154876709,0,USDBRL
2023-08-25,4.880300045013428,4.880300045013428,4.89739990234375,4.855253219604492,4.880300045013428,0,USDBRL
2023-08-28,4.8703999519348145,4.8703999519348145,4.899400234222412,4.859676837921143,4.8703999519348145,0,USDBRL
2023-08-29,4.872600078582764,4.872600078582764,4.899600028991699,4.843087196350098,4.872600078582764,0,USDBRL
2023-08-30,4.85129976272583,4.85129976272583,4.880799770355225,4.822085857391357,4.85129976272583,0,USDBRL
2023-08-31,4.888400077819824,4.888400077819824,4.955900192260742,4.867199897766113,4.888400077819824,0,USDBRL
2023-09-01,4.953800201416016,4.953800201416016,4.954599857330322,4.898799896240234,4.953800201416016,0,USDBRL
2023-09-04,4.97629976272583,4.97629976272583,4.976900100708008,4.906954765319824,4.97629976272583,0,USDBRL
2023-09-05,4.936200141906738,4.936200141906738,4.978400230407715,4.929841995239258,4.936200141906738,0,USDBRL
2023-09-06,4.966700077056885,4.966700077056885,4.992099761962891,4.923482894897461,4.966700077056885,0,USDBRL
2023-09-07,4.9770002365112305,4.9770002365112305,4.978499889373779,4.9738030433654785,4.9770002365112305,0,USDBRL
2023-09-08,4.976099967956543,4.976099967956543,4.991799831390381,4.963500022888184,4.976099967956543,0,USDBRL
2023-09-11,4.982999801635742,4.982999801635742,4.985599994659424,4.927499771118164,4.982999801635742,0,USDBRL
2023-09-12,4.9293999671936035,4.9293999671936035,4.966100215911865,4.927076816558838,4.9293999671936035,0,USDBRL
2023-09-13,4.946599960327148,4.946599960327148,4.960000038146973,4.897299766540527,4.946599960327148,0,USDBRL
2023-09-14,4.91540002822876,4.91540002822876,4.917200088500977,4.861839771270752,4.91540002822876,0,USDBRL
2023-09-15,4.868199825286865,4.868199825286865,4.875400066375732,4.857699871063232,4.868199825286865,0,USDBRL
2023-09-18,4.867000102996826,4.867000102996826,4.872600078582764,4.842462062835693,4.867000102996826,0,USDBRL
2023-09-19,4.853700160980225,4.853700160980225,4.862500190734863,4.835390090942383,4.853700160980225,0,USDBRL
2023-09-20,4.865799903869629,4.865799903869629,4.8678998947143555,4.83873987197876,4.865799903869629,0,USDBRL
2023-09-21,4.878799915313721,4.878799915313721,4.930500030517578,4.876031875610352,4.878799915313721,0,USDBRL
2023-09-22,4.934899806976318,4.934899806976318,4.9359002113342285,4.90171480178833,4.934899806976318,0,USDBRL
2023-09-25,4.933899879455566,4.933899879455566,4.965199947357178,4.9303998947143555,4.933899879455566,0,USDBRL
2023-09-26,4.968299865722656,4.968299865722656,4.982900142669678,4.936555862426758,4.968299865722656,0,USDBRL
2023-09-27,4.986199855804443,4.986199855804443,5.0559000968933105,4.983250141143799,4.986199855804443,0,USDBRL
2023-09-28,5.042200088500977,5.042200088500977,5.065199851989746,5.01437520980835,5.042200088500977,0,USDBRL
2023-09-29,5.032800197601318,5.032800197601318,5.035600185394287,4.98859977722168,5.032800197601318,0,USDBRL
2023-10-02,5.042799949645996,5.042799949645996,5.076099872589111,5.0207390785217285,5.042799949645996,0,USDBRL
2023-10-03,5.061500072479248,5.061500072479248,5.1346001625061035,5.059925079345703,5.061500072479248,0,USDBRL
2023-10-04,5.166299819946289,5.166299819946289,5.175899982452393,5.122887134552002,5.166299819946289,0,USDBRL
2023-10-05,5.154600143432617,5.154600143432617,5.184899806976318,5.135422229766846,5.154600143432617,0,USDBRL
2023-10-06,5.164999961853027,5.164999961853027,5.2153000831604,5.120663166046143,5.164999961853027,0,USDBRL
2023-10-09,5.145699977874756,5.145699977874756,5.17549991607666,5.143194198608398,5.145699977874756,0,USDBRL
2023-10-10,5.135200023651123,5.135200023651123,5.136000156402588,5.06279993057251,5.135200023651123,0,USDBRL
2023-10-11,5.051000118255615,5.051000118255615,5.059599876403809,5.0279998779296875,5.051000118255615,0,USDBRL
2023-10-12,5.049600124359131,5.049600124359131,5.049600124359131,5.019015789031982,5.049600124359131,0,USDBRL
2023-10-13,5.045899868011475,5.045899868011475,5.079800128936768,5.042699813842773,5.045899868011475,0,USDBRL
2023-10-16,5.0482001304626465,5.0482001304626465,5.081600189208984,5.026019096374512,5.0482001304626465,0,USDBRL
2023-10-17,5.037600040435791,5.037600040435791,5.063799858093262,5.008824825286865,5.037600040435791,0,USDBRL
2023-10-18,5.037399768829346,5.037399768829346,5.073500156402588,5.010034084320068,5.037399768829346,0,USDBRL
2023-10-19,5.056099891662598,5.056099891662598,5.0721001625061035,5.023056983947754,5.056099891662598,0,USDBRL
2023-10-20,5.062900066375732,5.062900066375732,5.095399856567383,5.024584770202637,5.062900066375732,0,USDBRL
2023-10-23,5.031300067901611,5.031300067901611,5.049708843231201,4.999200820922852,5.031300067901611,0,USDBRL
2023-10-24,5.01230001449585,5.01230001449585,5.026100158691406,4.971456050872803,5.01230001449585,0,USDBRL
2023-10-25,4.991000175476074,4.991000175476074,5.016499996185303,4.985899925231934,4.991000175476074,0,USDBRL
2023-10-26,4.994699954986572,4.994699954986572,5.014800071716309,4.986612796783447,4.994699954986572,0,USDBRL
2023-10-27,4.985300064086914,4.985300064086914,4.987400054931641,4.930200099945068,4.985300064086914,0,USDBRL
2023-10-30,4.952030181884766,4.952030181884766,5.047800064086914,4.952030181884766,4.952030181884766,0,USDBRL
2023-10-31,5.04610013961792,5.04610013961792,5.06790018081665,5.010041236877441,5.04610013961792,0,USDBRL
2023-11-01,5.03410005569458,5.03410005569458,5.042799949645996,5.0046000480651855,5.03410005569458,0,USDBRL
2023-11-02,4.953700065612793,4.953700065612793,4.953700065612793,4.922293186187744,4.953700065612793,0,USDBRL
2023-11-03,4.952899932861328,4.952899932861328,4.95419979095459,4.877799987792969,4.952899932861328,0,USDBRL
2023-11-06,4.899199962615967,4.899199962615967,4.90939998626709,4.885272979736328,4.899199962615967,0,USDBRL
2023-11-07,4.884099960327148,4.884099960327148,4.90025520324707,4.856500148773193,4.884099960327148,0,USDBRL
2023-11-08,4.871500015258789,4.871500015258789,4.8993000984191895,4.852466106414795,4.871500015258789,0,USDBRL
2023-11-09,4.909299850463867,4.909299850463867,4.9105000495910645,4.891499996185303,4.909299850463867,0,USDBRL
2023-11-10,4.933899879455566,4.933899879455566,4.949699878692627,4.889802932739258,4.933899879455566,0,USDBRL
2023-11-13,4.893379211425781,4.893379211425781,4.940499782562256,4.893379211425781,4.893379211425781,0,USDBRL
2023-11-14,4.906199932098389,4.906199932098389,4.907800197601318,4.8485941886901855,4.906199932098389,0,USDBRL
2023-11-15,4.864500045776367,4.864500045776367,4.866499900817871,4.85652494430542,4.864500045776367,0,USDBRL
2023-11-16,4.860899925231934,4.860899925231934,4.8831000328063965,4.8362908363342285,4.860899925231934,0,USDBRL
2023-11-17,4.862199783325195,4.862199783325195,4.901500225067139,4.84689998626709,4.862199783325195,0,USDBRL
2023-11-20,4.819177150726318,4.819177150726318,4.906099796295166,4.828517913818359,4.819177150726318,0,USDBRL
2023-11-21,4.851799964904785,4.851799964904785,4.8927998542785645,4.844200134277344,4.851799964904785,0,USDBRL
2023-11-22,4.8993000984191895,4.8993000984191895,4.90339994430542,4.877900123596191,4.8993000984191895,0,USDBRL
2023-11-23,4.9054999351501465,4.9054999351501465,4.906599998474121,4.883581161499023,4.9054999351501465,0,USDBRL
2023-11-24,4.902500152587891,4.902500152587891,4.907400131225586,4.880830764770508,4.902500152587891,0,USDBRL
2023-11-27,4.900899887084961,4.900899887084961,4.919300079345703,4.87097692489624,4.900899887084961,0,USDBRL
2023-11-28,4.895500183105469,4.895500183105469,4.906099796295166,4.857999801635742,4.895500183105469,0,USDBRL
2023-11-29,4.869800090789795,4.869800090789795,4.902100086212158,4.856947898864746,4.869800090789795,0,USDBRL
2023-11-30,4.904099941253662,4.904099941253662,4.942699909210205,4.902152061462402,4.904099941253662,0,USDBRL
2023-12-01,4.923099994659424,4.923099994659424,4.935100078582764,4.877999782562256,4.923099994659424,0,USDBRL
2023-12-04,4.902159214019775,4.902159214019775,4.929800033569336,4.857593059539795,4.902159214019775,0,USDBRL
2023-12-05,4.9430999755859375,4.9430999755859375,4.964700222015381,4.928299903869629,4.9430999755859375,0,USDBRL
2023-12-06,4.927700042724609,4.927700042724609,4.929599761962891,4.887499809265137,4.927700042724609,0,USDBRL
2023-12-07,4.901199817657471,4.901199817657471,4.9130330085754395,4.879300117492676,4.901199817657471,0,USDBRL
2023-12-08,4.910099983215332,4.910099983215332,4.933300018310547,4.87221622467041,4.910099983215332,0,USDBRL
2023-12-11,4.893286228179932,4.893286228179932,4.957799911499023,4.893186092376709,4.893286228179932,0,USDBRL
2023-12-12,4.936699867248535,4.936699867248535,4.964600086212158,4.906617164611816,4.936699867248535,0,USDBRL
2023-12-13,4.9644999504089355,4.9644999504089355,4.974599838256836,4.944499969482422,4.9644999504089355,0,USDBRL
2023-12-14,4.918399810791016,4.918399810791016,4.919000148773193,4.872499942779541,4.918399810791016,0,USDBRL
2023-12-15,4.914599895477295,4.914599895477295,4.948500156402588,4.87259578704834,4.914599895477295,0,USDBRL
2023-12-18,4.919657230377197,4.919657230377197,4.949399948120117,4.925561904907227,4.919657230377197,0,USDBRL
2023-12-19,4.895899772644043,4.895899772644043,4.902100086212158,4.8540449142456055,4.895899772644043,0,USDBRL
2023-12-20,4.866499900817871,4.866499900817871,4.890699863433838,4.854948997497559,4.866499900817871,0,USDBRL
2023-12-21,4.914599895477295,4.914599895477295,4.914599895477295,4.864099979400635,4.914599895477295,0,USDBRL
2023-12-22,4.881800174713135,4.881800174713135,4.8892998695373535,4.853300094604492,4.881800174713135,0,USDBRL
2023-12-25,4.86984395980835,4.86984395980835,4.874801158905029,4.859499931335449,4.86984395980835,0,USDBRL
2023-12-26,4.869743824005127,4.869743824005127,4.890900135040283,4.82480001449585,4.869743824005127,0,USDBRL
2023-12-27,4.813499927520752,4.813499927520752,4.834400177001953,4.802199840545654,4.813499927520752,0,USDBRL
2023-12-28,4.826099872589111,4.826099872589111,4.851099967956543,4.761507034301758,4.826099872589111,0,USDBRL
2023-12-29,4.850200176239014,4.850200176239014,4.851799964904785,4.822854995727539,4.850200176239014,0,USDBRL
