Date,Adj_Close,Close,High,Low,Open,Volume,Ticker
2020-01-02,29.317493438720703,54.33000183105469,54.439998626708984,53.75,53.97999954223633,17509700,VALE3
2020-01-03,29.10165023803711,53.93000030517578,54.5,53.58000183105469,53.68000030517578,17284800,VALE3
2020-01-06,28.928964614868164,53.61000061035156,53.79999923706055,53.150001525878906,53.79999923706055,32787800,VALE3
2020-01-07,29.139423370361328,54.0,54.189998626708984,53.400001525878906,53.5,16326400,VALE3
2020-01-08,29.14482307434082,54.0099983215332,54.369998931884766,53.619998931884766,54.20000076293945,15298500,VALE3
2020-01-09,28.761686325073242,53.29999923706055,53.869998931884766,53.04999923706055,53.75,14638000,VALE3
2020-01-10,28.794055938720703,53.36000061035156,53.869998931884766,53.11000061035156,53.75,9129200,VALE3
2020-01-13,29.840925216674805,55.29999923706055,55.63999938964844,53.5099983215332,53.63999938964844,27497400,VALE3
2020-01-14,30.024391174316406,55.63999938964844,56.349998474121094,55.0,55.29999923706055,27817000,VALE3
2020-01-15,29.92726707458496,55.459999084472656,56.08000183105469,55.11000061035156,55.29999923706055,21425300,VALE3
2020-01-16,29.770780563354492,55.16999816894531,55.95000076293945,55.099998474121094,55.599998474121094,13149100,VALE3
2020-01-17,30.758281707763672,57.0,57.09000015258789,56.099998474121094,56.25,36524100,VALE3
2020-01-20,30.952537536621094,57.36000061035156,57.36000061035156,56.529998779296875,57.0,16746300,VALE3
2020-01-21,30.234848022460938,56.029998779296875,57.0099983215332,55.7400016784668,56.79999923706055,25436800,VALE3
2020-01-22,30.380544662475586,56.29999923706055,56.849998474121094,56.060001373291016,56.599998474121094,17269400,VALE3
2020-01-23,29.948854446411133,55.5,55.72999954223633,54.709999084472656,55.43000030517578,23028900,VALE3
2020-01-24,29.0314998626709,53.79999923706055,55.72999954223633,53.689998626708984,55.619998931884766,19744800,VALE3
2020-01-27,27.256147384643555,50.5099983215332,51.81999969482422,50.47999954223633,51.65999984741211,38779700,VALE3
2020-01-28,27.62849235534668,51.20000076293945,52.09000015258789,51.08000183105469,51.20000076293945,23046400,VALE3
2020-01-29,27.38566017150879,50.75,51.88999938964844,50.459999084472656,51.70000076293945,23323000,VALE3
2020-01-30,27.790372848510742,51.5,51.5,49.79999923706055,49.970001220703125,23083200,VALE3
2020-01-31,27.12664031982422,50.27000045776367,51.060001373291016,49.79999923706055,50.959999084472656,29988200,VALE3
2020-02-03,27.47200584411621,50.90999984741211,51.09000015258789,49.79999923706055,50.5,18858200,VALE3
2020-02-04,28.20587921142578,52.27000045776367,52.58000183105469,51.970001220703125,52.20000076293945,21559200,VALE3
2020-02-05,28.59441375732422,52.9900016784668,53.619998931884766,52.9900016784668,53.31999969482422,26797700,VALE3
2020-02-06,28.75089454650879,53.279998779296875,53.91999816894531,52.81999969482422,53.65999984741211,22155800,VALE3
2020-02-07,28.11414909362793,52.099998474121094,52.959999084472656,51.91999816894531,52.880001068115234,14450900,VALE3
2020-02-10,27.083471298217773,50.189998626708984,51.900001525878906,49.91999816894531,51.900001525878906,28244800,VALE3
2020-02-11,28.087167739868164,52.04999923706055,52.20000076293945,51.02000045776367,51.150001525878906,27560600,VALE3
2020-02-12,28.63758087158203,53.06999969482422,53.380001068115234,52.83000183105469,53.099998474121094,28539800,VALE3
2020-02-13,28.13573455810547,52.13999938964844,52.400001525878906,51.560001373291016,52.220001220703125,20105600,VALE3
2020-02-14,27.520566940307617,51.0,52.279998779296875,50.95000076293945,52.209999084472656,19896200,VALE3
2020-02-17,28.821044921875,53.40999984741211,53.40999984741211,51.619998931884766,51.709999084472656,28134200,VALE3
2020-02-18,28.491880416870117,52.79999923706055,53.04999923706055,52.119998931884766,52.54999923706055,18054400,VALE3
2020-02-19,28.497270584106445,52.810001373291016,53.119998931884766,52.400001525878906,52.93000030517578,14439700,VALE3
2020-02-20,28.16811180114746,52.20000076293945,53.4900016784668,52.060001373291016,53.27000045776367,18818800,VALE3
2020-02-21,27.051097869873047,50.130001068115234,51.13999938964844,49.79999923706055,51.0,32249900,VALE3
2020-02-26,24.471717834472656,45.349998474121094,46.84000015258789,45.060001373291016,46.65999984741211,46923300,VALE3
2020-02-27,23.996854782104492,44.470001220703125,45.540000915527344,43.560001373291016,44.650001525878906,42419000,VALE3
2020-02-28,23.91051483154297,44.310001373291016,44.310001373291016,43.20000076293945,43.9900016784668,33228600,VALE3
2020-03-02,25.01673698425293,46.36000061035156,47.09000015258789,44.810001373291016,44.880001068115234,48372500,VALE3
2020-03-03,25.011337280273438,46.349998474121094,49.09000015258789,46.06999969482422,46.7400016784668,52401800,VALE3
2020-03-04,26.209293365478516,48.56999969482422,49.09000015258789,47.0,48.0,31476600,VALE3
2020-03-05,25.28114891052246,46.849998474121094,47.95000076293945,45.95000076293945,47.65999984741211,29092300,VALE3
2020-03-06,24.072399139404297,44.61000061035156,45.81999969482422,43.650001525878906,44.20000076293945,39718600,VALE3
2020-03-09,20.413782119750977,37.83000183105469,41.540000915527344,37.810001373291016,40.45000076293945,59037000,VALE3
2020-03-10,24.18032455444336,44.810001373291016,45.34000015258789,40.79999923706055,41.900001525878906,63269800,VALE3
2020-03-11,21.984073638916016,40.7400016784668,44.290000915527344,39.0,43.0099983215332,50025000,VALE3
2020-03-12,19.07552719116211,35.349998474121094,36.0,32.45000076293945,36.0,62222000,VALE3
2020-03-13,23.149654388427734,42.900001525878906,44.029998779296875,37.0,42.0,67635900,VALE3
2020-03-16,21.066722869873047,39.040000915527344,41.400001525878906,36.0099983215332,36.0099983215332,59078300,VALE3
2020-03-17,22.39958381652832,41.5099983215332,43.56999969482422,39.11000061035156,40.5,52743800,VALE3
2020-03-18,20.856271743774414,38.650001525878906,40.869998931884766,35.70000076293945,38.79999923706055,59689100,VALE3
2020-03-19,19.642127990722656,36.400001525878906,39.0,35.2599983215332,37.5,52645400,VALE3
2020-03-20,18.98918914794922,35.189998626708984,39.40999984741211,34.709999084472656,37.900001525878906,50479900,VALE3
2020-03-23,18.4010009765625,34.099998474121094,35.86000061035156,33.369998931884766,35.54999923706055,41958300,VALE3
2020-03-24,20.31125259399414,37.63999938964844,38.650001525878906,36.86000061035156,36.86000061035156,37044800,VALE3
2020-03-25,22.043434143066406,40.849998474121094,41.349998474121094,38.09000015258789,38.189998626708984,38064400,VALE3
2020-03-26,22.663997650146484,42.0,42.40999984741211,39.9900016784668,41.0099983215332,36253000,VALE3
2020-03-27,21.638717651367188,40.099998474121094,41.439998626708984,39.20000076293945,39.29999923706055,32331200,VALE3
2020-03-30,22.539886474609375,41.77000045776367,42.31999969482422,40.7400016784668,40.91999816894531,31298300,VALE3
2020-03-31,23.322328567504883,43.220001220703125,44.4900016784668,42.220001220703125,42.29999923706055,39238000,VALE3
2020-04-01,23.403268814086914,43.369998931884766,44.119998931884766,41.20000076293945,41.810001373291016,37092100,VALE3
2020-04-02,23.084897994995117,42.779998779296875,44.56999969482422,41.91999816894531,43.95000076293945,34372600,VALE3
2020-04-03,21.854568481445312,40.5,42.869998931884766,39.7599983215332,42.79999923706055,31650000,VALE3
2020-04-06,23.273765563964844,43.130001068115234,43.38999938964844,41.970001220703125,42.599998474121094,32019300,VALE3
2020-04-07,23.624515533447266,43.779998779296875,45.5,43.560001373291016,45.189998626708984,34191900,VALE3
2020-04-08,23.47882080078125,43.5099983215332,44.25,43.04999923706055,43.5,29464500,VALE3
2020-04-09,23.354703903198242,43.279998779296875,44.470001220703125,42.84000015258789,43.95000076293945,29827800,VALE3
2020-04-13,24.05081558227539,44.56999969482422,44.56999969482422,42.97999954223633,43.20000076293945,22066800,VALE3
2020-04-14,24.029224395751953,44.529998779296875,46.0,44.5,45.619998931884766,24713600,VALE3
2020-04-15,23.306142807006836,43.189998626708984,43.900001525878906,42.61000061035156,43.5,28808700,VALE3
2020-04-16,23.074108123779297,42.7599983215332,43.9900016784668,42.040000915527344,43.79999923706055,24442900,VALE3
2020-04-17,23.743236541748047,44.0,44.22999954223633,43.220001220703125,43.900001525878906,23604600,VALE3
2020-04-20,22.91221809387207,42.459999084472656,43.2599983215332,42.22999954223633,43.2599983215332,29050700,VALE3
2020-04-22,23.149654388427734,42.900001525878906,43.2400016784668,42.04999923706055,42.599998474121094,22693600,VALE3
2020-04-23,23.47882080078125,43.5099983215332,44.689998626708984,42.810001373291016,43.290000915527344,27171100,VALE3
2020-04-24,23.613725662231445,43.7599983215332,44.20000076293945,41.83000183105469,43.369998931884766,55165900,VALE3
2020-04-27,24.040021896362305,44.54999923706055,45.04999923706055,43.86000061035156,44.459999084472656,25580600,VALE3
2020-04-28,24.072399139404297,44.61000061035156,45.290000915527344,43.47999954223633,45.20000076293945,25680000,VALE3
2020-04-29,25.216392517089844,46.72999954223633,47.380001068115234,44.84000015258789,45.349998474121094,33207500,VALE3
2020-04-30,24.20730972290039,44.86000061035156,46.16999816894531,44.7599983215332,45.709999084472656,25720300,VALE3
2020-05-04,23.705459594726562,43.93000030517578,44.33000183105469,43.400001525878906,43.70000076293945,16994300,VALE3
2020-05-05,23.581344604492188,43.70000076293945,45.029998779296875,43.70000076293945,44.45000076293945,19070600,VALE3
2020-05-06,23.921306610107422,44.33000183105469,44.7599983215332,43.61000061035156,44.189998626708984,26602700,VALE3
2020-05-07,24.849449157714844,46.04999923706055,46.97999954223633,45.45000076293945,45.630001068115234,42194300,VALE3
2020-05-08,26.360382080078125,48.849998474121094,48.959999084472656,46.970001220703125,47.5,33922800,VALE3
2020-05-11,25.756010055541992,47.72999954223633,49.25,47.72999954223633,48.209999084472656,24783100,VALE3
2020-05-12,25.61031150817871,47.459999084472656,48.599998474121094,47.459999084472656,48.43000030517578,21806900,VALE3
2020-05-13,26.19309425354004,48.540000915527344,49.18000030517578,47.65999984741211,48.16999816894531,34159500,VALE3
2020-05-14,25.950271606445312,48.09000015258789,48.459999084472656,46.939998626708984,47.95000076293945,35513400,VALE3
2020-05-15,25.92868995666504,48.04999923706055,49.29999923706055,48.04999923706055,48.689998626708984,35196100,VALE3
2020-05-18,27.660863876342773,51.2599983215332,51.599998474121094,49.95000076293945,50.34000015258789,41936200,VALE3
2020-05-19,28.22206687927246,52.29999923706055,52.709999084472656,51.09000015258789,51.29999923706055,27704400,VALE3
2020-05-20,28.329992294311523,52.5,53.66999816894531,52.5,53.369998931884766,27014500,VALE3
2020-05-21,27.590715408325195,51.130001068115234,52.65999984741211,50.369998931884766,52.290000915527344,41802300,VALE3
2020-05-22,27.12664031982422,50.27000045776367,51.099998474121094,49.900001525878906,50.77000045776367,23933600,VALE3
2020-05-25,27.0349063873291,50.099998474121094,51.68000030517578,49.91999816894531,51.40999984741211,21162000,VALE3
2020-05-26,26.549253463745117,49.20000076293945,50.52000045776367,48.84000015258789,50.380001068115234,28917800,VALE3
2020-05-27,27.326303482055664,50.63999938964844,50.83000183105469,48.779998779296875,49.84000015258789,31932100,VALE3
2020-05-28,27.029508590698242,50.09000015258789,51.650001525878906,50.04999923706055,51.0,23530900,VALE3
2020-05-29,28.59980010986328,53.0,53.0,51.060001373291016,51.400001525878906,92646300,VALE3
2020-06-01,28.826438903808594,53.41999816894531,53.849998474121094,52.5,52.81999969482422,27152300,VALE3
2020-06-02,28.826438903808594,53.41999816894531,53.79999923706055,53.0,53.79999923706055,25602700,VALE3
2020-06-03,28.955949783325195,53.65999984741211,54.34000015258789,53.380001068115234,53.900001525878906,31584300,VALE3
2020-06-04,30.03519058227539,55.65999984741211,55.70000076293945,53.52000045776367,53.720001220703125,37638600,VALE3
2020-06-05,29.468585968017578,54.61000061035156,56.70000076293945,54.34000015258789,56.38999938964844,39799100,VALE3
2020-06-08,29.560317993164062,54.779998779296875,55.650001525878906,53.97999954223633,54.97999954223633,27456500,VALE3
2020-06-09,29.67365074157715,54.9900016784668,54.9900016784668,54.119998931884766,54.15999984741211,19860000,VALE3
2020-06-10,29.247344970703125,54.20000076293945,55.20000076293945,53.7599983215332,54.90999984741211,24321300,VALE3
2020-06-12,28.815650939941406,53.400001525878906,54.04999923706055,51.97999954223633,53.709999084472656,31223700,VALE3
2020-06-15,29.07466697692871,53.880001068115234,54.43000030517578,52.130001068115234,52.5,27425600,VALE3
2020-06-16,29.889484405517578,55.38999938964844,55.5,54.220001220703125,55.4900016784668,29329400,VALE3
2020-06-17,30.326583862304688,56.20000076293945,56.439998626708984,55.150001525878906,55.4900016784668,27840000,VALE3
2020-06-18,30.310388565063477,56.16999816894531,56.540000915527344,55.61000061035156,56.29999923706055,25770000,VALE3
2020-06-19,29.770780563354492,55.16999816894531,56.599998474121094,54.709999084472656,56.33000183105469,38079900,VALE3
2020-06-22,29.67904281616211,55.0,55.349998474121094,54.43000030517578,55.0,14891400,VALE3
2020-06-23,29.997407913208008,55.59000015258789,56.560001373291016,55.369998931884766,55.529998779296875,18272700,VALE3
2020-06-24,29.889484405517578,55.38999938964844,56.2599983215332,54.81999969482422,56.25,18156600,VALE3
2020-06-25,30.218660354614258,56.0,56.150001525878906,54.869998931884766,55.5,17051900,VALE3
2020-06-26,30.01360321044922,55.619998931884766,56.95000076293945,55.209999084472656,55.900001525878906,21655500,VALE3
2020-06-29,30.018997192382812,55.630001068115234,55.90999984741211,54.84000015258789,55.439998626708984,15453400,VALE3
2020-06-30,30.175485610961914,55.91999816894531,56.540000915527344,55.0099983215332,55.439998626708984,27462900,VALE3
2020-07-01,29.430814743041992,54.540000915527344,56.08000183105469,54.04999923706055,56.08000183105469,28999400,VALE3
2020-07-02,29.943452835083008,55.4900016784668,55.7400016784668,54.75,54.849998474121094,24148500,VALE3
2020-07-03,29.8193359375,55.2599983215332,55.70000076293945,54.93000030517578,55.20000076293945,7831800,VALE3
2020-07-06,30.5262393951416,56.56999969482422,56.7400016784668,55.59000015258789,56.09000015258789,23609900,VALE3
2020-07-07,30.418315887451172,56.369998931884766,56.97999954223633,56.099998474121094,56.7400016784668,13598400,VALE3
2020-07-08,30.930952072143555,57.31999969482422,57.720001220703125,55.790000915527344,56.900001525878906,32634600,VALE3
2020-07-09,30.44529914855957,56.41999816894531,57.68000030517578,56.060001373291016,57.52000045776367,19741600,VALE3
2020-07-10,30.74209213256836,56.970001220703125,57.29999923706055,56.15999984741211,56.52000045776367,14728100,VALE3
2020-07-13,31.10902976989746,57.650001525878906,59.220001220703125,57.650001525878906,57.72999954223633,28780200,VALE3
2020-07-14,33.29447937011719,61.70000076293945,61.970001220703125,57.900001525878906,57.91999816894531,52234500,VALE3
2020-07-15,33.343055725097656,61.790000915527344,62.93000030517578,60.38999938964844,62.29999923706055,29833100,VALE3
2020-07-16,32.4418830871582,60.119998931884766,61.689998626708984,59.849998474121094,61.29999923706055,22788400,VALE3
2020-07-17,32.93833923339844,61.040000915527344,61.25,60.31999969482422,60.5,18896400,VALE3
2020-07-20,32.80883026123047,60.79999923706055,61.4900016784668,60.349998474121094,61.119998931884766,16491500,VALE3
2020-07-21,32.215248107910156,59.70000076293945,60.47999954223633,59.27000045776367,60.439998626708984,29043600,VALE3
2020-07-22,31.96702766418457,59.2400016784668,60.25,58.79999923706055,59.93000030517578,19644700,VALE3
2020-07-23,31.75657081604004,58.849998474121094,60.15999984741211,58.63999938964844,59.900001525878906,17291900,VALE3
2020-07-24,31.621665954589844,58.599998474121094,58.849998474121094,57.81999969482422,58.56999969482422,22544100,VALE3
2020-07-27,33.116416931152344,61.369998931884766,61.630001068115234,58.97999954223633,59.099998474121094,35124800,VALE3
2020-07-28,32.560604095458984,60.34000015258789,61.15999984741211,60.20000076293945,60.70000076293945,21707500,VALE3
2020-07-29,33.96900939941406,62.95000076293945,62.95000076293945,60.849998474121094,61.209999084472656,29486600,VALE3
2020-07-30,33.06245422363281,61.27000045776367,62.369998931884766,60.650001525878906,62.29999923706055,32210700,VALE3
2020-07-31,32.76026916503906,60.709999084472656,62.209999084472656,60.5,61.099998474121094,26318800,VALE3
2020-08-03,32.517433166503906,60.2599983215332,62.66999816894531,60.2599983215332,61.86000061035156,35910500,VALE3
2020-08-04,32.75486373901367,60.70000076293945,60.84000015258789,59.36000061035156,60.2599983215332,182535800,VALE3
2020-08-05,33.55890655517578,62.189998626708984,62.900001525878906,61.849998474121094,61.900001525878906,36999600,VALE3
2020-08-06,33.364646911621094,61.83000183105469,62.880001068115234,61.279998779296875,62.619998931884766,22468400,VALE3
2020-08-07,32.619956970214844,60.45000076293945,61.38999938964844,59.779998779296875,61.38999938964844,28427400,VALE3
2020-08-10,33.56428909301758,62.20000076293945,62.20000076293945,60.40999984741211,60.70000076293945,29341400,VALE3
2020-08-11,32.528228759765625,60.279998779296875,62.81999969482422,60.15999984741211,62.790000915527344,23822800,VALE3
2020-08-12,33.18656921386719,61.5,62.290000915527344,60.58000183105469,60.880001068115234,29627900,VALE3
2020-08-13,32.566001892089844,60.349998474121094,62.15999984741211,60.11000061035156,61.400001525878906,24906200,VALE3
2020-08-14,33.10561752319336,61.349998474121094,61.43000030517578,60.29999923706055,60.349998474121094,17848800,VALE3
2020-08-17,33.58048629760742,62.22999954223633,62.599998474121094,61.150001525878906,61.779998779296875,42786400,VALE3
2020-08-18,34.02836608886719,63.060001373291016,63.70000076293945,62.849998474121094,63.29999923706055,32205700,VALE3
2020-08-19,33.66682052612305,62.38999938964844,63.880001068115234,62.33000183105469,63.40999984741211,23537900,VALE3
2020-08-20,33.96900939941406,62.95000076293945,63.5,61.66999816894531,61.81999969482422,25866600,VALE3
2020-08-21,33.56428909301758,62.20000076293945,62.790000915527344,61.5099983215332,62.40999984741211,27242700,VALE3
2020-08-24,33.97440719604492,62.959999084472656,63.130001068115234,62.2400016784668,62.939998626708984,17944700,VALE3
2020-08-25,33.251312255859375,61.619998931884766,62.84000015258789,61.04999923706055,62.79999923706055,23543000,VALE3
2020-08-26,33.32147216796875,61.75,62.349998474121094,61.2400016784668,61.65999984741211,23924400,VALE3
2020-08-27,32.803436279296875,60.790000915527344,62.18000030517578,60.33000183105469,61.689998626708984,18201900,VALE3
2020-08-28,32.97071075439453,61.099998474121094,61.70000076293945,60.630001068115234,61.18000030517578,15040300,VALE3
2020-08-31,32.20445251464844,59.68000030517578,61.150001525878906,59.68000030517578,61.099998474121094,31080000,VALE3
2020-09-01,33.326866149902344,61.7599983215332,61.790000915527344,60.20000076293945,60.290000915527344,24197700,VALE3
2020-09-02,33.08943176269531,61.31999969482422,62.34000015258789,60.31999969482422,61.900001525878906,21797200,VALE3
2020-09-03,32.010189056396484,59.31999969482422,60.54999923706055,58.849998474121094,60.0,36117400,VALE3
2020-09-04,32.64155197143555,60.4900016784668,60.5,58.70000076293945,59.709999084472656,26636700,VALE3
2020-09-08,31.983217239379883,59.27000045776367,59.7599983215332,58.90999984741211,59.59000015258789,14663800,VALE3
2020-09-09,32.37712860107422,60.0,60.33000183105469,59.369998931884766,59.900001525878906,16481700,VALE3
2020-09-10,31.583892822265625,58.529998779296875,60.20000076293945,58.31999969482422,60.0,19431400,VALE3
2020-09-11,33.429386138916016,61.95000076293945,62.29999923706055,59.84000015258789,60.04999923706055,46057000,VALE3
2020-09-14,33.40781021118164,61.90999984741211,63.349998474121094,61.380001068115234,62.79999923706055,35710200,VALE3
2020-09-15,33.78014373779297,62.599998474121094,63.650001525878906,62.150001525878906,62.709999084472656,32570600,VALE3
2020-09-16,32.90055847167969,60.970001220703125,62.5,60.650001525878906,62.31999969482422,28843500,VALE3
2020-09-17,33.49954605102539,62.08000183105469,62.41999816894531,60.11000061035156,60.400001525878906,31397500,VALE3
2020-09-18,33.27289581298828,61.65999984741211,63.099998474121094,61.65999984741211,62.47999954223633,33143800,VALE3
2020-09-21,32.37712860107422,60.0,61.38999938964844,59.439998626708984,61.04999923706055,53120800,VALE3
2020-09-22,32.499412536621094,57.810001373291016,58.279998779296875,57.150001525878906,58.13999938964844,23996200,VALE3
2020-09-23,33.22462463378906,59.099998474121094,59.61000061035156,57.060001373291016,57.66999816894531,37365600,VALE3
2020-09-24,32.97726821899414,58.65999984741211,59.779998779296875,58.439998626708984,59.689998626708984,31607500,VALE3
2020-09-25,33.30894088745117,59.25,59.45000076293945,58.20000076293945,58.349998474121094,27582200,VALE3
2020-09-28,33.04472351074219,58.779998779296875,60.2400016784668,58.70000076293945,59.939998626708984,30265400,VALE3
2020-09-29,32.80298614501953,58.349998474121094,59.959999084472656,58.349998474121094,58.72999954223633,26201600,VALE3
2020-09-30,33.23024368286133,59.11000061035156,60.27000045776367,58.75,59.209999084472656,25947500,VALE3
2020-10-01,33.08970260620117,58.86000061035156,59.849998474121094,58.02000045776367,59.529998779296875,22852700,VALE3
2020-10-02,32.786128997802734,58.31999969482422,59.439998626708984,58.11000061035156,58.61000061035156,23668800,VALE3
2020-10-05,33.50008773803711,59.59000015258789,59.84000015258789,58.75,58.900001525878906,17887200,VALE3
2020-10-06,32.95477294921875,58.619998931884766,60.279998779296875,58.209999084472656,60.0099983215332,21951600,VALE3
2020-10-07,33.82615280151367,60.16999816894531,60.7599983215332,58.959999084472656,59.13999938964844,27276500,VALE3
2020-10-08,34.45579147338867,61.290000915527344,61.4900016784668,60.060001373291016,60.349998474121094,22207400,VALE3
2020-10-09,34.630062103271484,61.599998474121094,61.939998626708984,60.849998474121094,61.689998626708984,21120900,VALE3
2020-10-13,34.93364334106445,62.13999938964844,62.63999938964844,61.029998779296875,61.27000045776367,18602200,VALE3
2020-10-14,35.417110443115234,63.0,63.290000915527344,62.040000915527344,62.08000183105469,22210600,VALE3
2020-10-15,35.11915588378906,62.470001220703125,62.86000061035156,61.97999954223633,62.40999984741211,16309700,VALE3
2020-10-16,34.9898567199707,62.2400016784668,63.099998474121094,62.2400016784668,62.70000076293945,15871000,VALE3
2020-10-19,34.826820373535156,61.95000076293945,63.18000030517578,61.95000076293945,62.72999954223633,29156200,VALE3
2020-10-20,34.764976501464844,61.84000015258789,62.290000915527344,61.33000183105469,61.779998779296875,25276800,VALE3
2020-10-21,35.33277893066406,62.849998474121094,63.209999084472656,61.599998474121094,61.650001525878906,21480900,VALE3
2020-10-22,35.473323822021484,63.099998474121094,63.4900016784668,62.439998626708984,63.11000061035156,32097700,VALE3
2020-10-23,35.67008972167969,63.45000076293945,63.88999938964844,62.220001220703125,62.619998931884766,24263400,VALE3
2020-10-26,35.13602066040039,62.5,63.45000076293945,62.0099983215332,62.900001525878906,18250900,VALE3
2020-10-27,35.15288543701172,62.529998779296875,62.900001525878906,62.060001373291016,62.5,18155500,VALE3
2020-10-28,33.876747131347656,60.2599983215332,62.06999969482422,60.25,61.95000076293945,23686100,VALE3
2020-10-29,34.866172790527344,62.02000045776367,62.2400016784668,59.790000915527344,60.970001220703125,37998800,VALE3
2020-10-30,34.0397834777832,60.54999923706055,62.40999984741211,60.0099983215332,61.79999923706055,27476200,VALE3
2020-11-03,35.608245849609375,63.34000015258789,63.34000015258789,61.220001220703125,61.900001525878906,32900800,VALE3
2020-11-04,34.61882019042969,61.58000183105469,63.279998779296875,61.45000076293945,63.279998779296875,27932100,VALE3
2020-11-05,35.16413116455078,62.54999923706055,63.060001373291016,61.45000076293945,62.29999923706055,25563600,VALE3
2020-11-06,35.523921966552734,63.189998626708984,63.959999084472656,62.34000015258789,62.380001068115234,26452500,VALE3
2020-11-09,35.523921966552734,63.189998626708984,64.2699966430664,62.869998931884766,64.1500015258789,37728900,VALE3
2020-11-10,35.507057189941406,63.15999984741211,63.59000015258789,62.689998626708984,63.2400016784668,53960600,VALE3
2020-11-11,35.75440979003906,63.599998474121094,63.91999816894531,63.0,63.18000030517578,25908500,VALE3
2020-11-12,35.23158645629883,62.66999816894531,63.77000045776367,62.459999084472656,63.56999969482422,23726500,VALE3
2020-11-13,35.55765151977539,63.25,63.54999923706055,62.61000061035156,62.72999954223633,25079300,VALE3
2020-11-16,36.49648666381836,64.91999816894531,65.33999633789062,62.970001220703125,63.5,91477900,VALE3
2020-11-17,37.64895248413086,66.97000122070312,68.0999984741211,64.80000305175781,64.80000305175781,62475900,VALE3
2020-11-18,37.35660934448242,66.44999694824219,67.38999938964844,66.06999969482422,66.98999786376953,22854400,VALE3
2020-11-19,38.070587158203125,67.72000122070312,67.72000122070312,66.47000122070312,66.70999908447266,25928500,VALE3
2020-11-23,40.07754898071289,71.29000091552734,71.31999969482422,68.5,68.80999755859375,38662400,VALE3
2020-11-24,42.05079650878906,74.80000305175781,74.88999938964844,70.18000030517578,71.05000305175781,49842200,VALE3
2020-11-25,42.44430923461914,75.5,75.9000015258789,73.61000061035156,73.80000305175781,36269100,VALE3
2020-11-26,43.045841217041016,76.56999969482422,76.5999984741211,75.4000015258789,75.41999816894531,20359000,VALE3
2020-11-27,44.09711837768555,78.44000244140625,78.77999877929688,76.7699966430664,77.0,48966700,VALE3
2020-11-30,43.849754333496094,78.0,79.36000061035156,77.12000274658203,78.8499984741211,48594200,VALE3
2020-12-01,45.67682647705078,81.25,81.5,79.25,79.83000183105469,61441200,VALE3
2020-12-02,44.884151458740234,79.83999633789062,81.25,77.30999755859375,80.9000015258789,53703300,VALE3
2020-12-03,44.38945388793945,78.95999908447266,81.05000305175781,78.61000061035156,81.0,35158600,VALE3
2020-12-04,46.08720779418945,81.9800033569336,82.68000030517578,80.0999984741211,80.0999984741211,48656900,VALE3
2020-12-07,46.63252639770508,82.94999694824219,82.98999786376953,81.66999816894531,82.41999816894531,27398500,VALE3
2020-12-08,46.60441207885742,82.9000015258789,83.30000305175781,81.66000366210938,82.97000122070312,28598800,VALE3
2020-12-09,46.491973876953125,82.69999694824219,83.83000183105469,82.22000122070312,83.0999984741211,26938500,VALE3
2020-12-10,47.784996032714844,85.0,85.22000122070312,83.19999694824219,83.6500015258789,41230700,VALE3
2020-12-11,47.7062873840332,84.86000061035156,85.27999877929688,84.4000015258789,84.62000274658203,25136800,VALE3
2020-12-14,46.9698371887207,83.55000305175781,85.22000122070312,82.94999694824219,85.19999694824219,20931700,VALE3
2020-12-15,47.50389099121094,84.5,85.37999725341797,83.55000305175781,83.55000305175781,18762800,VALE3
2020-12-16,48.47084045410156,86.22000122070312,86.2300033569336,84.36000061035156,84.9000015258789,23038300,VALE3
2020-12-17,49.02177810668945,87.19999694824219,87.94999694824219,86.16999816894531,86.5,21367800,VALE3
2020-12-18,49.35908508300781,87.80000305175781,88.37999725341797,87.43000030517578,87.62000274658203,23843100,VALE3
2020-12-21,48.83064651489258,86.86000061035156,87.4000015258789,84.77999877929688,86.1500015258789,31877300,VALE3
2020-12-22,48.87561798095703,86.94000244140625,86.98999786376953,85.43000030517578,86.86000061035156,23157000,VALE3
2020-12-23,49.111724853515625,87.36000061035156,87.52999877929688,86.4000015258789,86.52999877929688,17710200,VALE3
2020-12-28,49.083614349365234,87.30999755859375,88.58000183105469,87.08000183105469,87.79000091552734,26001300,VALE3
2020-12-29,48.94869613647461,87.06999969482422,88.19999694824219,86.51000213623047,87.97000122070312,19727500,VALE3
2020-12-30,49.162322998046875,87.44999694824219,87.58999633789062,86.6500015258789,87.19000244140625,30102700,VALE3
2021-01-04,51.416656494140625,91.45999908447266,91.4800033569336,88.8499984741211,89.3499984741211,37865500,VALE3
2021-01-05,52.28239440917969,93.0,93.0,90.5199966430664,91.45999908447266,34300300,VALE3
2021-01-06,53.99704360961914,96.05000305175781,96.3499984741211,94.4000015258789,94.9800033569336,53722500,VALE3
2021-01-07,57.521881103515625,102.31999969482422,102.52999877929688,96.61000061035156,96.61000061035156,74541400,VALE3
2021-01-08,57.34199142456055,102.0,103.3499984741211,98.19999694824219,103.01000213623047,58562700,VALE3
2021-01-11,57.33074188232422,101.9800033569336,101.9800033569336,99.69999694824219,100.25,29267000,VALE3
2021-01-12,55.76227569580078,99.19000244140625,102.62000274658203,99.18000030517578,102.5,28598500,VALE3
2021-01-13,54.09260940551758,96.22000122070312,98.91999816894531,95.73999786376953,98.87000274658203,31658800,VALE3
2021-01-14,54.98085021972656,97.80000305175781,98.86000061035156,96.69999694824219,97.22000122070312,20809900,VALE3
2021-01-15,52.59160232543945,93.55000305175781,97.19999694824219,93.19999694824219,96.58000183105469,31712400,VALE3
2021-01-18,53.01885986328125,94.30999755859375,95.63999938964844,93.55000305175781,93.9000015258789,22667600,VALE3
2021-01-19,52.87831115722656,94.05999755859375,94.56999969482422,91.9000015258789,94.5,27155400,VALE3
2021-01-20,51.90011215209961,92.31999969482422,95.13999938964844,90.83000183105469,95.0,20480000,VALE3
2021-01-21,52.48478317260742,93.36000061035156,96.0999984741211,92.13999938964844,92.30000305175781,25983400,VALE3
2021-01-22,52.377960205078125,93.16999816894531,93.80999755859375,90.98999786376953,91.98999786376953,25814300,VALE3
2021-01-26,51.57968521118164,91.75,94.16000366210938,91.36000061035156,92.98999786376953,24921600,VALE3
2021-01-27,50.14612579345703,89.19999694824219,91.18000030517578,88.19999694824219,90.38999938964844,32419700,VALE3
2021-01-28,51.21426773071289,91.0999984741211,91.3499984741211,88.0999984741211,88.19999694824219,35900800,VALE3
2021-01-29,49.44340896606445,87.94999694824219,90.8499984741211,87.79000091552734,89.98999786376953,31481600,VALE3
2021-02-01,51.30983352661133,91.2699966430664,91.2699966430664,88.58000183105469,90.01000213623047,27135500,VALE3
2021-02-02,49.28038024902344,87.66000366210938,90.58000183105469,87.51000213623047,90.18000030517578,34426700,VALE3
2021-02-03,50.83760452270508,90.43000030517578,91.41999816894531,88.5999984741211,88.8499984741211,34346400,VALE3
2021-02-04,50.19672775268555,89.29000091552734,92.87000274658203,89.08999633789062,91.94999694824219,29939700,VALE3
2021-02-05,52.108123779296875,92.69000244140625,92.7699966430664,89.55000305175781,90.19999694824219,27114800,VALE3
2021-02-08,52.850196838378906,94.01000213623047,94.91000366210938,92.44999694824219,92.97000122070312,28164400,VALE3
2021-02-09,52.98511505126953,94.25,95.22000122070312,92.31999969482422,94.5999984741211,32303400,VALE3
2021-02-10,53.238101959228516,94.69999694824219,95.66999816894531,94.37999725341797,94.66000366210938,40318300,VALE3
2021-02-11,52.3386116027832,93.0999984741211,95.47000122070312,93.0999984741211,95.47000122070312,19775900,VALE3
2021-02-12,52.78274154663086,93.88999938964844,94.13999938964844,92.19999694824219,93.12000274658203,14760700,VALE3
2021-02-17,54.16568374633789,96.3499984741211,96.72000122070312,95.19000244140625,96.01000213623047,29262900,VALE3
2021-02-18,54.75597381591797,97.4000015258789,98.4000015258789,96.0199966430664,97.36000061035156,33088500,VALE3
2021-02-19,54.963966369628906,97.7699966430664,98.8499984741211,96.33000183105469,97.20999908447266,24966600,VALE3
2021-02-22,53.603515625,95.3499984741211,98.5199966430664,94.04000091552734,96.5,50160600,VALE3
2021-02-23,54.502994537353516,96.94999694824219,97.3499984741211,93.31999969482422,96.58999633789062,35756200,VALE3
2021-02-24,55.053932189941406,97.93000030517578,98.20999908447266,95.86000061035156,97.12999725341797,21856100,VALE3
2021-02-25,53.8058967590332,95.70999908447266,98.94999694824219,95.0199966430664,98.69999694824219,24471000,VALE3
2021-02-26,53.13690948486328,94.5199966430664,97.69999694824219,94.0199966430664,96.55000305175781,42856000,VALE3
2021-03-01,55.413726806640625,98.56999969482422,99.33000183105469,95.36000061035156,96.0,32798000,VALE3
2021-03-02,57.117122650146484,101.5999984741211,102.18000030517578,94.94000244140625,97.5,47565800,VALE3
2021-03-03,56.41439437866211,100.3499984741211,104.0,99.6500015258789,102.0,41473300,VALE3
2021-03-04,55.576751708984375,98.86000061035156,101.48999786376953,97.5199966430664,99.4000015258789,48492500,VALE3
2021-03-05,58.87360763549805,100.20999908447266,100.5999984741211,93.93000030517578,94.72000122070312,46503300,VALE3
2021-03-08,58.55634689331055,99.66999816894531,101.93000030517578,98.9000015258789,99.19999694824219,39677300,VALE3
2021-03-09,57.96884536743164,98.66999816894531,99.30999755859375,95.87999725341797,97.5,40537000,VALE3
2021-03-10,57.07585144042969,97.1500015258789,97.83999633789062,95.72000122070312,97.5,31311800,VALE3
2021-03-11,58.573978424072266,99.69999694824219,100.0999984741211,98.20999908447266,98.98999786376953,26203200,VALE3
2021-03-12,57.22272491455078,97.4000015258789,99.44000244140625,96.70999908447266,99.0,21115500,VALE3
2021-03-15,56.88198471069336,96.81999969482422,97.3499984741211,95.76000213623047,96.5,20059000,VALE3
2021-03-16,56.69983673095703,96.51000213623047,97.83999633789062,96.0199966430664,97.04000091552734,19174300,VALE3
2021-03-17,57.516475677490234,97.9000015258789,98.12000274658203,96.05999755859375,96.4000015258789,21424300,VALE3
2021-03-18,56.49422073364258,96.16000366210938,98.2699966430664,95.52999877929688,97.69999694824219,19156100,VALE3
2021-03-19,55.6834716796875,94.77999877929688,96.16000366210938,93.44000244140625,96.0999984741211,38643000,VALE3
2021-03-22,54.76109313964844,93.20999908447266,93.83999633789062,91.8499984741211,93.5199966430664,21120800,VALE3
2021-03-23,53.49797058105469,91.05999755859375,93.77999877929688,91.05999755859375,93.33999633789062,20518500,VALE3
2021-03-24,54.7258415222168,93.1500015258789,94.63999938964844,91.80999755859375,92.0,24726000,VALE3
2021-03-25,54.3087158203125,92.44000244140625,93.29000091552734,90.61000061035156,93.04000091552734,23644400,VALE3
2021-03-26,56.12409210205078,95.52999877929688,95.7300033569336,93.38999938964844,93.73999786376953,26712800,VALE3
2021-03-29,57.563480377197266,97.9800033569336,98.44999694824219,95.87000274658203,96.0,25960500,VALE3
2021-03-30,57.028846740722656,97.06999969482422,98.5,96.58000183105469,97.91000366210938,18118600,VALE3
2021-03-31,57.5576057434082,97.97000122070312,98.55999755859375,96.69999694824219,97.16999816894531,18792000,VALE3
2021-04-01,57.21684265136719,97.38999938964844,98.86000061035156,96.12999725341797,98.5,17193400,VALE3
2021-04-05,60.74186325073242,103.38999938964844,103.81999969482422,99.80000305175781,99.83000183105469,35908700,VALE3
2021-04-06,59.954612731933594,102.05000305175781,104.55999755859375,102.05000305175781,103.80000305175781,22227800,VALE3
2021-04-07,61.429229736328125,104.55999755859375,105.31999969482422,102.1500015258789,102.37000274658203,32822700,VALE3
2021-04-08,61.394004821777344,104.5,105.30000305175781,104.12000274658203,104.94000244140625,25936300,VALE3
2021-04-09,60.512733459472656,103.0,104.66000366210938,102.94000244140625,104.0,18854800,VALE3
2021-04-12,60.747737884521484,103.4000015258789,103.62999725341797,102.20999908447266,102.9000015258789,14787500,VALE3
2021-04-13,60.85349655151367,103.58000183105469,104.29000091552734,102.8499984741211,103.9000015258789,17605600,VALE3
2021-04-14,62.86274719238281,107.0,107.77999877929688,103.7699966430664,103.97000122070312,38030200,VALE3
2021-04-15,63.57362747192383,108.20999908447266,109.87999725341797,107.55000305175781,108.66000366210938,19378200,VALE3
2021-04-16,63.84387969970703,108.66999816894531,109.11000061035156,107.5,108.63999938964844,17401500,VALE3
2021-04-19,63.291629791259766,107.7300033569336,109.87999725341797,107.63999938964844,109.0,23297500,VALE3
2021-04-20,62.3692512512207,106.16000366210938,108.3499984741211,105.0199966430664,107.94999694824219,20895800,VALE3
2021-04-22,62.41037368774414,106.2300033569336,107.23999786376953,104.33999633789062,107.23999786376953,19799100,VALE3
2021-04-23,63.444366455078125,107.98999786376953,108.0999984741211,106.45999908447266,107.1500015258789,12795400,VALE3
2021-04-26,63.785118103027344,108.56999969482422,110.69000244140625,108.1500015258789,109.94999694824219,16807500,VALE3
2021-04-27,64.69575500488281,110.12000274658203,110.5999984741211,108.5199966430664,108.87999725341797,24113300,VALE3
2021-04-28,65.75325012207031,111.91999816894531,112.43000030517578,109.33000183105469,110.55999755859375,20570600,VALE3
2021-04-29,65.77088165283203,111.94999694824219,112.94999694824219,110.88999938964844,112.19000244140625,19724300,VALE3
2021-04-30,64.04949951171875,109.0199966430664,111.55999755859375,109.0199966430664,110.98999786376953,36888200,VALE3
2021-05-03,63.72050857543945,108.45999908447266,110.3499984741211,108.26000213623047,109.69999694824219,19641000,VALE3
2021-05-04,64.68399810791016,110.0999984741211,111.06999969482422,108.66000366210938,108.94999694824219,20775600,VALE3
2021-05-05,65.0423812866211,110.70999908447266,112.81999969482422,110.38999938964844,111.98999786376953,25990600,VALE3
2021-05-06,67.59215545654297,115.05000305175781,115.19999694824219,111.4800033569336,111.94000244140625,38194400,VALE3
2021-05-07,67.8271484375,115.44999694824219,116.55000305175781,114.19000244140625,116.54000091552734,21678700,VALE3
2021-05-10,67.38064575195312,114.69000244140625,120.44999694824219,114.69000244140625,119.80000305175781,38889400,VALE3
2021-05-11,69.74827575683594,118.72000122070312,118.72000122070312,113.31999969482422,113.9800033569336,28693600,VALE3
2021-05-12,67.16913604736328,114.33000183105469,118.45999908447266,113.95999908447266,118.0,31737900,VALE3
2021-05-13,66.088134765625,112.48999786376953,114.22000122070312,110.72000122070312,112.0,34338500,VALE3
2021-05-14,64.95426177978516,110.55999755859375,111.79000091552734,109.62000274658203,111.19999694824219,25644200,VALE3
2021-05-17,66.65800476074219,113.45999908447266,113.81999969482422,111.16999816894531,111.5,26097500,VALE3
2021-05-18,67.3277587890625,114.5999984741211,115.4000015258789,113.19000244140625,114.55999755859375,27081500,VALE3
2021-05-19,65.9471435546875,112.25,112.77999877929688,109.83999633789062,112.0999984741211,32914300,VALE3
2021-05-20,65.27738189697266,111.11000061035156,112.0999984741211,110.19999694824219,111.69999694824219,20951000,VALE3
2021-05-21,64.27275848388672,109.4000015258789,111.25,108.5,111.11000061035156,27775000,VALE3
2021-05-24,64.49600982666016,109.77999877929688,110.13999938964844,107.51000213623047,108.0,19332500,VALE3
2021-05-25,62.892127990722656,107.05000305175781,110.88999938964844,106.77999877929688,110.27999877929688,23310100,VALE3
2021-05-26,64.74275207519531,110.19999694824219,110.31999969482422,106.02999877929688,106.37000274658203,28241800,VALE3
2021-05-27,65.2068862915039,110.98999786376953,112.08999633789062,109.7699966430664,110.80000305175781,55448700,VALE3
2021-05-28,65.55937957763672,111.58999633789062,112.75,109.41999816894531,111.11000061035156,25153500,VALE3
2021-05-31,67.43350219726562,114.77999877929688,114.88999938964844,112.5,112.5,17812600,VALE3
2021-06-01,66.50526428222656,113.19999694824219,118.0,113.19999694824219,117.0,31468400,VALE3
2021-06-02,67.44528198242188,114.80000305175781,115.69999694824219,113.5,114.22000122070312,20338300,VALE3
2021-06-04,66.3290023803711,112.9000015258789,114.77999877929688,112.38999938964844,114.5,18455100,VALE3
2021-06-07,65.68274688720703,111.80000305175781,112.6500015258789,110.69999694824219,112.19999694824219,22746100,VALE3
2021-06-08,64.57826232910156,109.91999816894531,112.7699966430664,109.69999694824219,112.4800033569336,22676500,VALE3
2021-06-09,65.91775512695312,112.19999694824219,113.33999633789062,109.19999694824219,110.0,22517600,VALE3
2021-06-10,65.70039367675781,111.83000183105469,113.37000274658203,111.04000091552734,112.22000122070312,30750900,VALE3
2021-06-11,67.1750259399414,114.33999633789062,114.76000213623047,113.0199966430664,113.3499984741211,18359200,VALE3
2021-06-14,66.81075286865234,113.72000122070312,115.27999877929688,113.12000274658203,114.91000366210938,19212700,VALE3
2021-06-15,65.50650787353516,111.5,113.86000061035156,111.25,113.7699966430664,20587900,VALE3
2021-06-16,63.53837966918945,108.1500015258789,111.62999725341797,108.02999877929688,111.5,38217700,VALE3
2021-06-17,62.21650314331055,105.9000015258789,109.16000366210938,104.9000015258789,107.68000030517578,33680600,VALE3
2021-06-18,64.09062957763672,109.08999633789062,109.08999633789062,106.5199966430664,107.01000213623047,59819400,VALE3
2021-06-21,64.68987274169922,110.11000061035156,110.69000244140625,107.13999938964844,107.75,22673600,VALE3
2021-06-22,65.44776916503906,111.4000015258789,112.08000183105469,110.18000030517578,110.69000244140625,18576100,VALE3
2021-06-23,66.42889404296875,113.06999969482422,114.25,112.16000366210938,112.41000366210938,29491400,VALE3
2021-06-24,66.5185546875,111.02999877929688,111.91999816894531,110.2699966430664,111.72000122070312,23136700,VALE3
2021-06-25,67.33934020996094,112.4000015258789,113.97000122070312,111.4000015258789,111.5999984741211,26139200,VALE3
2021-06-28,66.26094055175781,110.5999984741211,113.69999694824219,110.01000213623047,113.23999786376953,18866400,VALE3
2021-06-29,67.40523529052734,112.51000213623047,113.05000305175781,110.5999984741211,110.5999984741211,19589500,VALE3
2021-06-30,67.84856414794922,113.25,114.27999877929688,111.68000030517578,111.83000183105469,18903100,VALE3
2021-07-01,66.6683349609375,111.27999877929688,114.36000061035156,110.76000213623047,113.41000366210938,22129200,VALE3
2021-07-02,68.0462646484375,113.58000183105469,113.62000274658203,111.58000183105469,112.0,19688800,VALE3
2021-07-05,67.8006362915039,113.16999816894531,113.95999908447266,112.27999877929688,113.9000015258789,13732900,VALE3
2021-07-06,68.16007995605469,113.7699966430664,114.3499984741211,112.66999816894531,113.5,19028000,VALE3
2021-07-07,68.35780334472656,114.0999984741211,115.58000183105469,114.0,114.80999755859375,21460000,VALE3
2021-07-08,68.09420013427734,113.66000366210938,114.51000213623047,111.5,112.0199966430664,21824500,VALE3
2021-07-12,68.93893432617188,115.06999969482422,116.30000305175781,115.0,115.30999755859375,22333300,VALE3
2021-07-13,69.34632110595703,115.75,115.91000366210938,114.8499984741211,115.0999984741211,12698500,VALE3
2021-07-14,68.96888732910156,115.12000274658203,116.43000030517578,114.44000244140625,116.26000213623047,19483600,VALE3
2021-07-15,69.1845703125,115.4800033569336,116.16000366210938,114.5,114.98999786376953,18236100,VALE3
2021-07-16,67.93844604492188,113.4000015258789,115.87000274658203,113.0,115.33999633789062,19576800,VALE3
2021-07-19,67.19554138183594,112.16000366210938,112.16000366210938,110.20999908447266,112.0,18644300,VALE3
2021-07-20,67.75870513916016,113.0999984741211,113.12000274658203,110.20999908447266,112.16000366210938,13066600,VALE3
2021-07-21,68.53753662109375,114.4000015258789,114.87000274658203,112.5,112.76000213623047,19607100,VALE3
2021-07-22,68.71725463867188,114.69999694824219,114.69999694824219,112.69000244140625,113.68000030517578,12083800,VALE3
2021-07-23,68.36978149414062,114.12000274658203,114.48999786376953,112.80000305175781,113.62000274658203,13163300,VALE3
2021-07-26,69.8555679321289,116.5999984741211,116.8499984741211,114.44000244140625,114.44000244140625,16419900,VALE3
2021-07-27,68.4057388305664,114.18000030517578,116.05000305175781,113.88999938964844,115.69999694824219,22106500,VALE3
2021-07-28,70.27494812011719,117.30000305175781,117.5999984741211,115.25,115.5,25209200,VALE3
2021-07-29,69.23849487304688,115.56999969482422,117.55999755859375,114.75,116.37000274658203,30576800,VALE3
2021-07-30,65.15858459472656,108.76000213623047,113.51000213623047,108.76000213623047,113.51000213623047,41956700,VALE3
2021-08-02,65.26043701171875,108.93000030517578,111.37000274658203,108.93000030517578,110.9000015258789,23109400,VALE3
2021-08-03,67.48310852050781,112.63999938964844,113.02999877929688,109.44000244140625,109.77999877929688,36641400,VALE3
2021-08-04,67.41121673583984,112.5199966430664,113.25,111.62000274658203,112.0,18828200,VALE3
2021-08-05,65.35029602050781,109.08000183105469,109.98999786376953,107.9000015258789,109.63999938964844,32215200,VALE3
2021-08-06,65.72174835205078,109.69999694824219,110.88999938964844,109.5,109.8499984741211,19273100,VALE3
2021-08-09,65.30835723876953,109.01000213623047,109.44999694824219,107.68000030517578,108.19999694824219,21502300,VALE3
2021-08-10,65.93741607666016,110.05999755859375,110.73999786376953,108.83999633789062,108.94999694824219,17440500,VALE3
2021-08-11,65.4641342163086,109.2699966430664,110.5,109.26000213623047,110.19000244140625,14680600,VALE3
2021-08-12,65.42219543457031,109.19999694824219,109.9800033569336,108.83000183105469,109.19999694824219,14849500,VALE3
2021-08-13,64.88299560546875,108.30000305175781,109.9000015258789,107.95999908447266,109.69999694824219,11855200,VALE3
2021-08-16,65.18254852294922,108.80000305175781,108.9000015258789,105.91999816894531,107.23999786376953,21856700,VALE3
2021-08-17,64.10416412353516,107.0,109.31999969482422,105.66000366210938,108.11000061035156,23402600,VALE3
2021-08-18,61.95338821411133,103.41000366210938,105.73999786376953,103.41000366210938,105.73999786376953,35379200,VALE3
2021-08-19,58.41865921020508,97.51000213623047,100.27999877929688,97.30000305175781,98.66000366210938,60456900,VALE3
2021-08-20,58.44263458251953,97.55000305175781,99.0999984741211,97.44000244140625,97.58999633789062,31351100,VALE3
2021-08-23,57.63383102416992,96.19999694824219,97.93000030517578,96.16000366210938,97.55999755859375,19773500,VALE3
2021-08-24,59.73668670654297,99.70999908447266,101.2699966430664,99.0999984741211,99.37999725341797,29779200,VALE3
2021-08-25,59.610877990722656,99.5,100.45999908447266,98.55000305175781,100.08999633789062,15088600,VALE3
2021-08-26,58.85001754760742,98.2300033569336,99.80000305175781,98.2300033569336,99.48999786376953,18032300,VALE3
2021-08-27,60.323814392089844,100.69000244140625,101.0,98.9000015258789,99.01000213623047,19572800,VALE3
2021-08-30,59.940399169921875,100.05000305175781,101.63999938964844,99.94999694824219,100.81999969482422,13031600,VALE3
2021-08-31,59.1196174621582,98.68000030517578,99.26000213623047,97.69999694824219,99.0,20433600,VALE3
2021-09-01,59.22146224975586,98.8499984741211,99.58999633789062,95.72000122070312,97.36000061035156,20847500,VALE3
2021-09-02,59.035743713378906,98.54000091552734,100.0,97.91000366210938,98.7699966430664,24448600,VALE3
2021-09-03,59.07768249511719,98.61000061035156,100.87999725341797,98.51000213623047,100.16000366210938,38716500,VALE3
2021-09-06,58.14907455444336,97.05999755859375,97.55000305175781,96.16000366210938,96.88999938964844,11916100,VALE3
2021-09-08,56.938880920410156,95.04000091552734,96.7300033569336,94.69999694824219,96.47000122070312,22635100,VALE3
2021-09-09,56.73517990112305,94.69999694824219,95.72000122070312,93.16999816894531,95.16000366210938,28997700,VALE3
2021-09-10,56.801082611083984,94.80999755859375,96.19000244140625,94.80999755859375,95.51000213623047,18022000,VALE3
2021-09-13,56.771121978759766,94.76000213623047,95.0,93.94000244140625,94.69999694824219,18832800,VALE3
2021-09-14,56.369720458984375,94.08999633789062,95.58000183105469,93.06999969482422,95.1500015258789,25571600,VALE3
2021-09-15,54.961830139160156,91.73999786376953,94.44000244140625,91.73999786376953,93.87999725341797,35084400,VALE3
2021-09-16,52.679237365722656,87.93000030517578,90.43000030517578,87.91999816894531,90.43000030517578,39726500,VALE3
2021-09-17,51.61284255981445,86.1500015258789,88.79000091552734,85.08000183105469,88.29000091552734,74648800,VALE3
2021-09-20,49.57588577270508,82.75,83.94000244140625,81.13999938964844,82.80000305175781,49636100,VALE3
2021-09-21,50.39665603637695,84.12000274658203,84.69999694824219,82.51000213623047,84.69999694824219,32380300,VALE3
2021-09-22,52.18797302246094,87.11000061035156,89.4800033569336,86.51000213623047,88.0999984741211,62161000,VALE3
2021-09-23,52.1861572265625,78.91000366210938,80.33999633789062,77.62000274658203,79.19999694824219,47485400,VALE3
2021-09-24,51.379329681396484,77.69000244140625,78.79000091552734,77.0,78.29000091552734,26631600,VALE3
2021-09-27,52.11341857910156,78.80000305175781,79.33000183105469,76.5,78.5999984741211,38386300,VALE3
2021-09-28,49.501121520996094,74.8499984741211,77.80000305175781,74.55999755859375,77.4800033569336,35896000,VALE3
2021-09-29,50.129390716552734,75.80000305175781,76.80000305175781,74.8499984741211,75.7699966430664,39704900,VALE3
2021-09-30,50.42037582397461,76.23999786376953,78.33999633789062,75.7300033569336,77.4000015258789,39151000,VALE3
2021-10-01,50.393924713134766,76.19999694824219,77.30999755859375,75.68000030517578,76.75,23191700,VALE3
2021-10-04,49.92436599731445,75.48999786376953,77.0,75.44000244140625,76.58999633789062,25090000,VALE3
2021-10-05,49.56725311279297,74.94999694824219,76.0999984741211,74.94999694824219,75.98999786376953,21889400,VALE3
2021-10-06,50.962677001953125,77.05999755859375,77.2699966430664,73.91999816894531,74.05999755859375,27318400,VALE3
2021-10-07,52.4837532043457,79.36000061035156,80.37000274658203,77.70999908447266,78.33999633789062,33115300,VALE3
2021-10-08,52.80781173706055,79.8499984741211,81.83999633789062,79.58999633789062,81.45999908447266,37172600,VALE3
2021-10-11,53.97837448120117,81.62000274658203,83.0999984741211,80.73999786376953,81.9000015258789,28327900,VALE3
2021-10-13,52.377925872802734,79.19999694824219,80.80000305175781,79.16999816894531,80.80000305175781,32052800,VALE3
2021-10-14,52.377925872802734,79.19999694824219,80.23999786376953,79.12999725341797,79.98999786376953,24030000,VALE3
2021-10-15,53.35671615600586,80.68000030517578,80.94999694824219,79.30000305175781,79.48999786376953,26927200,VALE3
2021-10-18,52.854095458984375,79.91999816894531,80.4000015258789,78.4800033569336,79.91000366210938,20912800,VALE3
2021-10-19,52.24567794799805,79.0,80.23999786376953,78.80999755859375,79.72000122070312,20804500,VALE3
2021-10-20,50.704750061035156,76.66999816894531,78.37000274658203,76.27999877929688,78.37000274658203,27576600,VALE3
2021-10-21,49.70614242553711,75.16000366210938,75.16000366210938,72.94999694824219,74.5,37556500,VALE3
2021-10-22,50.31456756591797,76.08000183105469,77.0999984741211,74.63999938964844,74.66999816894531,35142600,VALE3
2021-10-25,50.92300033569336,77.0,77.56999969482422,76.37000274658203,77.19999694824219,17950000,VALE3
2021-10-26,50.380706787109375,76.18000030517578,77.06999969482422,76.06999969482422,77.01000213623047,16674100,VALE3
2021-10-27,49.23657989501953,74.44999694824219,76.7300033569336,74.44999694824219,75.9800033569336,20087300,VALE3
2021-10-28,48.74058151245117,73.69999694824219,74.68000030517578,73.55000305175781,74.44999694824219,22719000,VALE3
2021-10-29,47.3583869934082,71.61000061035156,73.16000366210938,71.0199966430664,73.0199966430664,30268500,VALE3
2021-11-01,47.827945709228516,72.31999969482422,72.86000061035156,71.1500015258789,72.0,19649600,VALE3
2021-11-03,44.19719314575195,66.83000183105469,70.9000015258789,66.61000061035156,70.5999984741211,77316900,VALE3
2021-11-04,43.694580078125,66.06999969482422,67.62000274658203,65.62000274658203,66.88999938964844,30122100,VALE3
2021-11-05,42.39835739135742,64.11000061035156,66.66000366210938,64.0,66.43000030517578,35954600,VALE3
2021-11-08,44.70642852783203,67.5999984741211,68.1500015258789,64.33000183105469,64.4000015258789,27722000,VALE3
2021-11-09,43.608604431152344,65.94000244140625,67.30000305175781,65.2300033569336,67.25,20961500,VALE3
2021-11-10,43.44327163696289,65.69000244140625,66.27999877929688,64.4000015258789,64.61000061035156,22492600,VALE3
2021-11-11,44.97757339477539,68.01000213623047,69.26000213623047,67.5999984741211,68.45999908447266,28795100,VALE3
2021-11-12,45.16936111450195,68.30000305175781,69.58999633789062,67.01000213623047,67.18000030517578,24542500,VALE3
2021-11-16,43.86652755737305,66.33000183105469,68.06999969482422,66.19000244140625,68.0,17207900,VALE3
2021-11-17,42.98694610595703,65.0,67.70999908447266,65.0,66.98999786376953,25487600,VALE3
2021-11-18,41.22117233276367,62.33000183105469,64.6500015258789,61.849998474121094,64.20999908447266,51343900,VALE3
2021-11-19,42.34545135498047,64.02999877929688,64.80000305175781,62.810001373291016,63.27000045776367,26849500,VALE3
2021-11-22,44.69981002807617,67.58999633789062,69.0199966430664,65.1500015258789,65.55000305175781,44693500,VALE3
2021-11-23,45.87699890136719,69.37000274658203,71.97000122070312,69.20999908447266,70.61000061035156,30391600,VALE3
2021-11-24,46.94174575805664,70.9800033569336,70.9800033569336,69.51000213623047,70.11000061035156,20764100,VALE3
2021-11-25,46.62429428100586,70.5,71.29000091552734,69.80000305175781,71.29000091552734,17199200,VALE3
2021-11-26,45.39421844482422,68.63999938964844,69.36000061035156,67.5,67.5,22664200,VALE3
2021-11-29,45.96296691894531,69.5,70.5999984741211,69.16000366210938,70.27999877929688,18164000,VALE3
2021-11-30,46.26055908203125,69.94999694824219,71.44999694824219,68.69000244140625,69.0,42668700,VALE3
2021-12-01,46.44575119018555,70.2300033569336,71.94999694824219,69.97000122070312,71.30000305175781,28194700,VALE3
2021-12-02,48.60169982910156,73.48999786376953,73.55999755859375,70.11000061035156,70.97000122070312,24888400,VALE3
2021-12-03,47.530338287353516,71.87000274658203,74.33999633789062,71.0,73.08999633789062,34451500,VALE3
2021-12-06,50.10954666137695,75.7699966430664,75.98999786376953,71.95999908447266,72.87000274658203,28848800,VALE3
2021-12-07,50.47990036010742,76.33000183105469,79.80999755859375,76.0999984741211,78.27999877929688,37125100,VALE3
2021-12-08,50.102943420410156,75.76000213623047,76.98999786376953,74.9800033569336,76.98999786376953,24281000,VALE3
2021-12-09,49.71937561035156,75.18000030517578,75.94999694824219,74.44999694824219,74.88999938964844,16925200,VALE3
2021-12-10,50.030189514160156,75.6500015258789,76.19999694824219,74.83999633789062,75.5,16827100,VALE3
2021-12-13,51.49174880981445,77.86000061035156,78.7300033569336,77.38999938964844,77.5,31699100,VALE3
2021-12-14,51.48514175415039,77.8499984741211,78.88999938964844,77.2300033569336,78.5199966430664,21063500,VALE3
2021-12-15,51.19413757324219,77.41000366210938,78.18000030517578,76.19999694824219,78.08000183105469,22112200,VALE3
2021-12-16,53.197994232177734,80.44000244140625,80.45999908447266,78.45999908447266,79.0,30125700,VALE3
2021-12-17,52.358097076416016,79.16999816894531,80.66999816894531,79.06999969482422,79.9000015258789,38744500,VALE3
2021-12-20,51.76950454711914,78.27999877929688,78.9000015258789,77.27999877929688,78.0,19195400,VALE3
2021-12-21,53.13186264038086,80.33999633789062,80.38999938964844,79.1500015258789,79.80000305175781,19590300,VALE3
2021-12-22,52.854095458984375,79.91999816894531,80.1500015258789,78.58000183105469,79.88999938964844,18655600,VALE3
2021-12-23,52.34486770629883,79.1500015258789,80.05999755859375,78.80000305175781,79.94999694824219,13121200,VALE3
2021-12-27,52.21260452270508,78.94999694824219,79.44999694824219,78.26000213623047,78.87000274658203,11371400,VALE3
2021-12-28,50.9560661315918,77.05000305175781,78.52999877929688,76.56999969482422,78.51000213623047,18923700,VALE3
2021-12-29,51.08833694458008,77.25,77.9800033569336,76.3499984741211,76.37999725341797,12113500,VALE3
2021-12-30,51.55788040161133,77.95999908447266,78.9800033569336,77.61000061035156,77.98999786376953,26568500,VALE3
2022-01-03,51.58433532714844,78.0,79.97000122070312,78.0,79.0,18557200,VALE3
2022-01-04,50.97591018676758,77.08000183105469,79.06999969482422,76.9000015258789,78.51000213623047,18178700,VALE3
2022-01-05,51.458683013916016,77.80999755859375,78.68000030517578,77.12999725341797,77.37000274658203,22039000,VALE3
2022-01-06,52.49697494506836,79.37999725341797,80.3499984741211,78.30999755859375,78.63999938964844,22044100,VALE3
2022-01-07,55.5523681640625,84.0,84.0,79.79000091552734,80.4000015258789,35213100,VALE3
2022-01-10,54.89101028442383,83.0,84.2699966430664,82.30000305175781,82.48999786376953,25056700,VALE3
2022-01-11,55.93592834472656,84.58000183105469,85.1500015258789,83.30999755859375,83.4800033569336,28418800,VALE3
2022-01-12,56.54435729980469,85.5,86.58000183105469,84.93000030517578,86.48999786376953,27335400,VALE3
2022-01-13,55.68462371826172,84.19999694824219,85.2300033569336,83.69999694824219,84.83999633789062,23154200,VALE3
2022-01-14,56.0086784362793,84.69000244140625,84.93000030517578,82.91000366210938,83.72000122070312,21183400,VALE3
2022-01-17,55.71770477294922,84.25,84.5999984741211,84.0,84.0,9688500,VALE3
2022-01-18,57.080047607421875,86.30999755859375,86.87999725341797,84.4800033569336,84.58000183105469,24080200,VALE3
2022-01-19,58.33659744262695,88.20999908447266,89.0,87.87999725341797,88.4800033569336,29332500,VALE3
2022-01-20,57.344581604003906,86.70999908447266,88.97000122070312,86.63999938964844,88.80000305175781,22748800,VALE3
2022-01-21,56.1541748046875,84.91000366210938,86.7300033569336,84.33999633789062,86.47000122070312,32752300,VALE3
2022-01-24,55.46638488769531,83.87000274658203,83.95999908447266,82.08000183105469,83.69999694824219,29040100,VALE3
2022-01-25,55.592041015625,84.05999755859375,85.05000305175781,83.05000305175781,84.05999755859375,22490500,VALE3
2022-01-26,55.750770568847656,84.30000305175781,86.55999755859375,83.81999969482422,85.9000015258789,25806800,VALE3
2022-01-27,55.87641525268555,84.48999786376953,85.45999908447266,83.2699966430664,85.0,20994900,VALE3
2022-01-28,55.327510833740234,83.66000366210938,86.3499984741211,82.83000183105469,85.58000183105469,28453000,VALE3
2022-01-31,53.48237991333008,80.87000274658203,82.94000244140625,80.87000274658203,82.94000244140625,31397700,VALE3
2022-02-01,56.41871643066406,85.30999755859375,85.33000183105469,81.37000274658203,81.5,24131300,VALE3
2022-02-02,56.73616027832031,85.79000091552734,86.29000091552734,84.72000122070312,85.5,17489000,VALE3
2022-02-03,56.70970916748047,85.75,86.77999877929688,85.31999969482422,86.30000305175781,19179400,VALE3
2022-02-04,58.19771194458008,88.0,88.16999816894531,85.55000305175781,85.75,24535400,VALE3
2022-02-07,59.60636520385742,90.12999725341797,90.23999786376953,88.1500015258789,88.1500015258789,24915800,VALE3
2022-02-08,60.43964767456055,91.38999938964844,91.4800033569336,89.5,90.44999694824219,26598600,VALE3
2022-02-09,60.4528923034668,91.41000366210938,91.80000305175781,89.33000183105469,90.0,24815300,VALE3
2022-02-10,62.079769134521484,93.87000274658203,94.4800033569336,92.02999877929688,92.44999694824219,47888900,VALE3
2022-02-11,60.82322311401367,91.97000122070312,93.4000015258789,91.5999984741211,93.36000061035156,34555300,VALE3
2022-02-14,60.558692932128906,91.56999969482422,92.16999816894531,90.81999969482422,91.11000061035156,22804400,VALE3
2022-02-15,58.75984191894531,88.8499984741211,89.94000244140625,87.69999694824219,89.0199966430664,29624900,VALE3
2022-02-16,59.189720153808594,89.5,90.62000274658203,89.0999984741211,89.44000244140625,20774700,VALE3
2022-02-17,56.64357376098633,85.6500015258789,89.0,85.37000274658203,88.8499984741211,36259300,VALE3
2022-02-18,56.762611389160156,85.83000183105469,87.02999877929688,85.43000030517578,86.44000244140625,22690600,VALE3
2022-02-21,56.808902740478516,85.9000015258789,87.98999786376953,85.5,86.5999984741211,14561000,VALE3
2022-02-22,57.79429626464844,87.38999938964844,87.4000015258789,85.80000305175781,86.69000244140625,23591200,VALE3
2022-02-23,57.18587112426758,86.47000122070312,88.33999633789062,85.55000305175781,88.08999633789062,24413800,VALE3
2022-02-24,57.893497467041016,87.54000091552734,88.04000091552734,83.7300033569336,84.62000274658203,37212500,VALE3
2022-02-25,61.02824020385742,92.27999877929688,92.41000366210938,85.0999984741211,86.5199966430664,51028300,VALE3
2022-03-02,65.90229034423828,99.6500015258789,99.69999694824219,97.05999755859375,98.97000122070312,42191500,VALE3
2022-03-03,65.93535614013672,99.69999694824219,101.26000213623047,99.5,100.19999694824219,38621400,VALE3
2022-03-04,67.43660736083984,101.97000122070312,102.08999633789062,98.12000274658203,98.68000030517578,30533200,VALE3
2022-03-07,69.48674774169922,105.06999969482422,105.9000015258789,103.87000274658203,104.44000244140625,55305300,VALE3
2022-03-08,66.43798828125,100.45999908447266,107.11000061035156,99.72000122070312,106.98999786376953,53060200,VALE3
2022-03-09,64.68621063232422,94.19000244140625,95.80000305175781,92.55999755859375,95.79000091552734,41051200,VALE3
2022-03-10,66.82205963134766,97.30000305175781,97.30000305175781,94.08000183105469,94.5,33107000,VALE3
2022-03-11,66.4718017578125,96.79000091552734,98.41000366210938,96.76000213623047,97.43000030517578,24321500,VALE3
2022-03-14,62.90751266479492,91.5999984741211,95.19999694824219,91.25,94.9800033569336,37172800,VALE3
2022-03-15,61.101318359375,88.97000122070312,89.58000183105469,87.27999877929688,88.98999786376953,47128500,VALE3
2022-03-16,62.58472442626953,91.12999725341797,93.87999725341797,89.30999755859375,91.88999938964844,37906100,VALE3
2022-03-17,64.76176452636719,94.30000305175781,94.9800033569336,92.56999969482422,92.9000015258789,40663500,VALE3
2022-03-18,65.9910659790039,96.08999633789062,96.08999633789062,93.80000305175781,95.41000366210938,46080900,VALE3
2022-03-21,67.85906982421875,98.80999755859375,99.43000030517578,97.1500015258789,97.33000183105469,25374600,VALE3
2022-03-22,66.34131622314453,96.5999984741211,98.95999908447266,96.19000244140625,98.51000213623047,29489800,VALE3
2022-03-23,66.23829650878906,96.44999694824219,98.94000244140625,96.29000091552734,97.5,26309600,VALE3
2022-03-24,66.5542221069336,96.91000366210938,97.5999984741211,95.30999755859375,96.19999694824219,23122800,VALE3
2022-03-25,65.40046691894531,95.2300033569336,98.30000305175781,94.30000305175781,97.69999694824219,22505500,VALE3
2022-03-28,65.47599029541016,95.33999633789062,96.33999633789062,93.61000061035156,95.69999694824219,16274200,VALE3
2022-03-29,64.91284942626953,94.5199966430664,95.66000366210938,93.4000015258789,95.33999633789062,38228800,VALE3
2022-03-30,65.83998107910156,95.87000274658203,97.11000061035156,95.2699966430664,96.31999969482422,22007500,VALE3
2022-03-31,65.65454864501953,95.5999984741211,96.88999938964844,95.36000061035156,96.41999816894531,17981400,VALE3
2022-04-01,66.58854675292969,96.95999908447266,97.5,96.06999969482422,96.77999877929688,22457700,VALE3
2022-04-04,67.26158905029297,97.94000244140625,98.25,96.55000305175781,96.7699966430664,16914000,VALE3
2022-04-05,65.31803894042969,95.11000061035156,97.77999877929688,94.81999969482422,97.36000061035156,25764400,VALE3
2022-04-06,66.30697631835938,96.55000305175781,96.72000122070312,95.33000183105469,95.33000183105469,22615800,VALE3
2022-04-07,66.7052993774414,97.12999725341797,97.69000244140625,95.13999938964844,95.5,19946600,VALE3
2022-04-08,65.34551239013672,95.1500015258789,97.4000015258789,94.62000274658203,96.63999938964844,26887400,VALE3
2022-04-11,64.55573272705078,94.0,94.70999908447266,92.91999816894531,93.80999755859375,16515800,VALE3
2022-04-12,64.1230697631836,93.37000274658203,95.61000061035156,93.23999786376953,95.0999984741211,16822600,VALE3
2022-04-13,64.1436767578125,93.4000015258789,94.37999725341797,92.80999755859375,93.48999786376953,23674700,VALE3
2022-04-14,63.24401092529297,92.08999633789062,94.0,91.36000061035156,93.30999755859375,24980700,VALE3
2022-04-18,62.200138092041016,90.56999969482422,92.0,90.01000213623047,91.61000061035156,14812600,VALE3
2022-04-19,60.215396881103516,87.68000030517578,89.69000244140625,86.83999633789062,89.69000244140625,34550900,VALE3
2022-04-20,58.649574279785156,85.4000015258789,86.66999816894531,84.4000015258789,86.61000061035156,29635700,VALE3
2022-04-22,55.25009536743164,80.44999694824219,83.4000015258789,80.08000183105469,83.25,39058200,VALE3
2022-04-25,54.309234619140625,79.08000183105469,79.61000061035156,77.54000091552734,77.94000244140625,38943700,VALE3
2022-04-26,53.56752395629883,78.0,79.31999969482422,77.8499984741211,79.08000183105469,37069400,VALE3
2022-04-27,56.43132400512695,82.16999816894531,82.69999694824219,80.1500015258789,80.45999908447266,49408800,VALE3
2022-04-28,57.8254508972168,84.19999694824219,85.55000305175781,80.83000183105469,85.0199966430664,56032800,VALE3
2022-04-29,57.20050048828125,83.29000091552734,87.19999694824219,83.29000091552734,86.18000030517578,47492200,VALE3
2022-05-02,56.94640350341797,82.91999816894531,83.19999694824219,80.63999938964844,83.16000366210938,31473600,VALE3
2022-05-03,56.657962799072266,82.5,84.20999908447266,82.19000244140625,82.94999694824219,27364600,VALE3
2022-05-04,56.1840934753418,81.80999755859375,82.18000030517578,79.8499984741211,81.93000030517578,34032200,VALE3
2022-05-05,55.16768264770508,80.33000183105469,83.19999694824219,79.08000183105469,81.55000305175781,30906600,VALE3
2022-05-06,54.776222229003906,79.76000213623047,80.9000015258789,78.25,79.19999694824219,25204100,VALE3
2022-05-09,52.530513763427734,76.48999786376953,77.9800033569336,76.08000183105469,77.52999877929688,37050200,VALE3
2022-05-10,51.878082275390625,75.54000091552734,76.94000244140625,74.87000274658203,76.2699966430664,31905000,VALE3
2022-05-11,54.0413932800293,78.69000244140625,79.88999938964844,77.12000274658203,77.37000274658203,33933400,VALE3
2022-05-12,53.49885177612305,77.9000015258789,77.9000015258789,75.87000274658203,77.05000305175781,27737200,VALE3
2022-05-13,53.437042236328125,77.80999755859375,79.3499984741211,77.80000305175781,78.41999816894531,26086800,VALE3
2022-05-16,55.03718948364258,80.13999938964844,80.63999938964844,78.5199966430664,78.68000030517578,23828800,VALE3
2022-05-17,54.8036994934082,79.80000305175781,81.91999816894531,78.86000061035156,81.8499984741211,29305300,VALE3
2022-05-18,53.416439056396484,77.77999877929688,79.25,77.41999816894531,78.70999908447266,30631700,VALE3
2022-05-19,54.83803939819336,79.8499984741211,80.37999725341797,77.47000122070312,77.77999877929688,29984300,VALE3
2022-05-20,55.80636978149414,81.26000213623047,82.45999908447266,80.58000183105469,82.01000213623047,38372000,VALE3
2022-05-23,56.94640350341797,82.91999816894531,83.6500015258789,82.2699966430664,82.30000305175781,27632800,VALE3
2022-05-24,57.71556854248047,84.04000091552734,84.08999633789062,81.0,81.81999969482422,35176800,VALE3
2022-05-25,57.894142150878906,84.30000305175781,84.80000305175781,83.41000366210938,84.0,24607700,VALE3
2022-05-26,57.85980224609375,84.25,84.6500015258789,83.0999984741211,84.16000366210938,27450600,VALE3
2022-05-27,58.86933517456055,85.72000122070312,85.87999725341797,84.69999694824219,84.9000015258789,19834500,VALE3
2022-05-30,59.50802993774414,86.6500015258789,87.41000366210938,86.01000213623047,86.27999877929688,16147900,VALE3
2022-05-31,59.205848693847656,86.20999908447266,87.43000030517578,85.01000213623047,87.22000122070312,41369800,VALE3
2022-06-01,60.599979400634766,88.23999786376953,88.77999877929688,86.0,86.19000244140625,26258900,VALE3
2022-06-02,61.739994049072266,89.9000015258789,90.27999877929688,89.0,90.0,25142400,VALE3
2022-06-03,60.75106430053711,88.45999908447266,89.80999755859375,88.36000061035156,89.5,18431900,VALE3
2022-06-06,60.81289291381836,88.55000305175781,89.79000091552734,88.55000305175781,89.63999938964844,14932800,VALE3
2022-06-07,62.234474182128906,90.62000274658203,90.88999938964844,88.11000061035156,88.23999786376953,27004800,VALE3
2022-06-08,60.091773986816406,87.5,90.33000183105469,86.8499984741211,89.77999877929688,26959100,VALE3
2022-06-09,58.058963775634766,84.54000091552734,87.0,84.44999694824219,87.0,36291100,VALE3
2022-06-10,58.07268524169922,84.55999755859375,84.98999786376953,82.37999725341797,83.37000274658203,28689500,VALE3
2022-06-13,56.2321662902832,81.87999725341797,82.87000274658203,80.0999984741211,82.0999984741211,31050500,VALE3
2022-06-14,56.122283935546875,81.72000122070312,82.80000305175781,80.88999938964844,82.33000183105469,22634500,VALE3
2022-06-15,56.087947845458984,81.66999816894531,83.7699966430664,81.54000091552734,82.0999984741211,33610300,VALE3
2022-06-17,53.16232681274414,77.41000366210938,79.3499984741211,76.11000061035156,79.3499984741211,56914600,VALE3
2022-06-20,51.850624084472656,75.5,76.18000030517578,74.25,75.5999984741211,26725700,VALE3
2022-06-21,52.194000244140625,76.0,77.63999938964844,75.76000213623047,76.80000305175781,20981000,VALE3
2022-06-22,51.74760437011719,75.3499984741211,76.05000305175781,73.37999725341797,74.0,32228300,VALE3
2022-06-23,49.8589973449707,72.5999984741211,77.30999755859375,72.43000030517578,76.44000244140625,31943300,VALE3
2022-06-24,51.246273040771484,74.62000274658203,74.87999725341797,72.5999984741211,72.77999877929688,22394300,VALE3
2022-06-27,53.60186767578125,78.05000305175781,78.97000122070312,76.05999755859375,76.5,28825700,VALE3
2022-06-28,54.56332015991211,79.44999694824219,80.2300033569336,78.77999877929688,80.0,26052000,VALE3
2022-06-29,54.110069274902344,78.79000091552734,80.08999633789062,78.04000091552734,79.61000061035156,18636600,VALE3
2022-06-30,52.578582763671875,76.55999755859375,78.05000305175781,76.16999816894531,76.98999786376953,27471300,VALE3
2022-07-01,51.57591247558594,75.0999984741211,76.52999877929688,73.80000305175781,75.5199966430664,26721000,VALE3
2022-07-04,51.280601501464844,74.66999816894531,75.01000213623047,73.58000183105469,74.0,12474200,VALE3
2022-07-05,51.0265007019043,74.30000305175781,74.41999816894531,72.56999969482422,74.33999633789062,26472200,VALE3
2022-07-06,51.50723648071289,75.0,75.44999694824219,73.54000091552734,74.6500015258789,23138800,VALE3
2022-07-07,53.0043830871582,77.18000030517578,78.22000122070312,76.87999725341797,77.26000213623047,34251200,VALE3
2022-07-08,51.78193664550781,75.4000015258789,77.86000061035156,75.30000305175781,76.83000183105469,24149200,VALE3
2022-07-11,50.016963958740234,72.83000183105469,74.16000366210938,72.55999755859375,74.1500015258789,22076800,VALE3
2022-07-12,50.168052673339844,73.05000305175781,73.16999816894531,71.05999755859375,72.0,22460000,VALE3
2022-07-13,49.99635314941406,72.80000305175781,73.63999938964844,72.30999755859375,72.94999694824219,22980800,VALE3
2022-07-14,46.66554641723633,67.94999694824219,70.83000183105469,67.55999755859375,70.5,57715800,VALE3
2022-07-15,46.95398712158203,68.37000274658203,68.48999786376953,66.6500015258789,67.5,36589000,VALE3
2022-07-18,47.201229095458984,68.7300033569336,70.38999938964844,68.69999694824219,70.38999938964844,22131300,VALE3
2022-07-19,47.304237365722656,68.87999725341797,69.2699966430664,67.98999786376953,68.20999908447266,21785500,VALE3
2022-07-20,46.280967712402344,67.38999938964844,68.4800033569336,66.18000030517578,68.45999908447266,40427400,VALE3
2022-07-21,47.09135055541992,68.56999969482422,68.62000274658203,66.63999938964844,67.30999755859375,26987300,VALE3
2022-07-22,47.53087615966797,69.20999908447266,70.75,68.97000122070312,69.80000305175781,27884000,VALE3
2022-07-25,48.40993118286133,70.48999786376953,71.2300033569336,70.04000091552734,70.66000366210938,19833200,VALE3
2022-07-26,48.320655822753906,70.36000061035156,71.41999816894531,69.58000183105469,71.31999969482422,19791500,VALE3
2022-07-27,48.430538177490234,70.5199966430664,70.62000274658203,69.30999755859375,69.97000122070312,21666900,VALE3
2022-07-28,48.54729080200195,70.69000244140625,71.97000122070312,70.30999755859375,71.45999908447266,21778700,VALE3
2022-07-29,47.90172576904297,69.75,70.31999969482422,68.02999877929688,69.66999816894531,77006600,VALE3
2022-08-01,46.75483322143555,68.08000183105469,69.8499984741211,67.93000030517578,68.94000244140625,38874000,VALE3
2022-08-02,48.245113372802734,70.25,70.47000122070312,66.9800033569336,68.33000183105469,32636900,VALE3
2022-08-03,46.3702392578125,67.5199966430664,70.1500015258789,67.5199966430664,70.05999755859375,31934600,VALE3
2022-08-04,46.10240936279297,67.12999725341797,68.05000305175781,66.81999969482422,67.66999816894531,40540800,VALE3
2022-08-05,46.699893951416016,68.0,68.75,67.5,67.88999938964844,36129300,VALE3
2022-08-08,47.09822082519531,68.58000183105469,69.13999938964844,67.76000213623047,68.83000183105469,35705300,VALE3
2022-08-09,48.07341766357422,70.0,70.16000366210938,68.1500015258789,68.58999633789062,35174600,VALE3
2022-08-10,48.10775375366211,70.05000305175781,70.80999755859375,69.12000274658203,70.7300033569336,30202200,VALE3
2022-08-11,49.7834587097168,72.48999786376953,73.6500015258789,70.55000305175781,70.80000305175781,51158600,VALE3
2022-08-12,50.42062759399414,69.80000305175781,69.80000305175781,68.30000305175781,68.77999877929688,35608400,VALE3
2022-08-15,49.33708572387695,68.30000305175781,68.55000305175781,67.04000091552734,68.0,26735800,VALE3
2022-08-16,50.43505859375,69.81999969482422,70.3499984741211,69.11000061035156,69.5,22070200,VALE3
2022-08-17,49.286521911621094,68.2300033569336,68.80000305175781,67.88999938964844,68.31999969482422,29131700,VALE3
2022-08-18,48.918121337890625,67.72000122070312,68.61000061035156,67.70999908447266,68.30000305175781,27692000,VALE3
2022-08-19,48.36912536621094,66.95999908447266,67.44000244140625,66.4800033569336,67.0,45903800,VALE3
2022-08-22,47.66120910644531,65.9800033569336,66.91000366210938,65.83000183105469,66.80000305175781,19335700,VALE3
2022-08-23,50.71678161621094,70.20999908447266,70.30000305175781,66.6500015258789,66.77999877929688,37223500,VALE3
2022-08-24,49.08424758911133,67.94999694824219,70.25,67.80999755859375,69.77999877929688,28773800,VALE3
2022-08-25,50.03776168823242,69.2699966430664,69.43000030517578,68.25,68.9000015258789,24956700,VALE3
2022-08-26,49.286521911621094,68.2300033569336,71.19999694824219,68.2300033569336,69.6500015258789,28510100,VALE3
2022-08-29,48.3330078125,66.91000366210938,67.9000015258789,66.8499984741211,67.5,22128100,VALE3
2022-08-30,46.9316291809082,64.97000122070312,66.58000183105469,64.4000015258789,65.94000244140625,34469300,VALE3
2022-08-31,46.59212112426758,64.5,65.68000030517578,64.5,65.41999816894531,33242900,VALE3
2022-09-01,46.1514778137207,63.88999938964844,63.97999954223633,61.900001525878906,63.97999954223633,40922200,VALE3
2022-09-02,45.4507942199707,62.91999816894531,64.81999969482422,62.91999816894531,64.48999786376953,49910300,VALE3
2022-09-05,47.112220764160156,65.22000122070312,66.4800033569336,64.2300033569336,64.44999694824219,24319700,VALE3
2022-09-06,45.99256134033203,63.66999816894531,65.55000305175781,63.59000015258789,64.66999816894531,24525000,VALE3
2022-09-08,46.59933853149414,64.51000213623047,64.69999694824219,63.560001373291016,64.16999816894531,24144700,VALE3
2022-09-09,50.24003982543945,69.55000305175781,69.63999938964844,66.23999786376953,66.55000305175781,49273400,VALE3
2022-09-12,50.680667877197266,70.16000366210938,70.5999984741211,69.26000213623047,70.08999633789062,24797600,VALE3
2022-09-13,49.30096435546875,68.25,71.0,68.08999633789062,69.31999969482422,29457800,VALE3
2022-09-14,48.39801788330078,67.0,68.9800033569336,66.47000122070312,67.75,31018300,VALE3
2022-09-15,49.37319564819336,68.3499984741211,68.62999725341797,67.18000030517578,67.80000305175781,36958800,VALE3
2022-09-16,49.30096435546875,68.25,68.8499984741211,66.58999633789062,67.27999877929688,65178000,VALE3
2022-09-19,50.89737319946289,70.45999908447266,70.55999755859375,67.33000183105469,67.43000030517578,34136800,VALE3
2022-09-20,50.167789459228516,69.44999694824219,70.0999984741211,68.4000015258789,69.80000305175781,35289700,VALE3
2022-09-21,49.4454345703125,68.44999694824219,69.98999786376953,68.41000366210938,69.44999694824219,44482000,VALE3
2022-09-22,50.57953643798828,70.0199966430664,70.69999694824219,69.27999877929688,70.16999816894531,34529500,VALE3
2022-09-23,49.53212356567383,68.56999969482422,69.05000305175781,67.83000183105469,68.70999908447266,44160700,VALE3
2022-09-26,49.64047622680664,68.72000122070312,69.41999816894531,67.63999938964844,67.69999694824219,18503200,VALE3
2022-09-27,48.90365982055664,67.69999694824219,68.2300033569336,67.19000244140625,67.63999938964844,31646600,VALE3
2022-09-28,49.3659782409668,68.33999633789062,68.83999633789062,67.44000244140625,67.70999908447266,24371000,VALE3
2022-09-29,49.43098831176758,68.43000030517578,68.77999877929688,67.3499984741211,67.93000030517578,34889700,VALE3
2022-09-30,52.03870391845703,72.04000091552734,72.9000015258789,68.26000213623047,68.48999786376953,55575000,VALE3
2022-10-03,53.45452117919922,74.0,74.16999816894531,71.12999725341797,73.23999786376953,42688100,VALE3
2022-10-04,54.74755096435547,75.79000091552734,76.25,74.05999755859375,74.19999694824219,41717500,VALE3
2022-10-05,55.592708587646484,76.95999908447266,77.86000061035156,76.12000274658203,76.29000091552734,42621400,VALE3
2022-10-06,54.34303283691406,75.2300033569336,77.56999969482422,74.91999816894531,77.19999694824219,76852200,VALE3
2022-10-07,54.545284271240234,75.51000213623047,79.44000244140625,75.16000366210938,75.36000061035156,83593200,VALE3
2022-10-10,53.44730758666992,73.98999786376953,77.0199966430664,73.4800033569336,76.41000366210938,45515900,VALE3
2022-10-11,53.08611297607422,73.48999786376953,74.18000030517578,72.02999877929688,73.19999694824219,33885800,VALE3
2022-10-13,52.13983154296875,72.18000030517578,72.80000305175781,71.05000305175781,72.25,32960000,VALE3
2022-10-14,50.44228744506836,69.83000183105469,73.36000061035156,69.5999984741211,72.61000061035156,34091700,VALE3
2022-10-17,51.236881256103516,70.93000030517578,71.23999786376953,69.26000213623047,70.20999908447266,25840500,VALE3
2022-10-18,51.98091125488281,71.95999908447266,72.83000183105469,70.73999786376953,72.30000305175781,27494000,VALE3
2022-10-19,51.36690902709961,71.11000061035156,72.12999725341797,70.58000183105469,71.62999725341797,22651000,VALE3
2022-10-20,52.02425003051758,72.0199966430664,73.19000244140625,70.31999969482422,70.9800033569336,37240700,VALE3
2022-10-21,53.54843521118164,74.12999725341797,74.68000030517578,71.44000244140625,71.80000305175781,36846800,VALE3
2022-10-24,51.95923614501953,71.93000030517578,73.94999694824219,71.18000030517578,73.2699966430664,32035800,VALE3
2022-10-25,51.95923614501953,71.93000030517578,73.2699966430664,70.91999816894531,71.61000061035156,28158100,VALE3
2022-10-26,53.11501693725586,73.52999877929688,74.8499984741211,71.12000274658203,71.27999877929688,40845700,VALE3
2022-10-27,51.22244644165039,70.91000366210938,72.12000274658203,69.43000030517578,72.0,52613000,VALE3
2022-10-28,48.72307205200195,67.44999694824219,69.05000305175781,66.6500015258789,68.58999633789062,52793500,VALE3
2022-10-31,48.49192810058594,67.12999725341797,69.4000015258789,65.5199966430664,66.0,39184100,VALE3
2022-11-01,49.96553039550781,69.16999816894531,70.80000305175781,68.94999694824219,69.44999694824219,42670000,VALE3
2022-11-03,48.50636672973633,67.1500015258789,67.94000244140625,66.58000183105469,67.63999938964844,34390300,VALE3
2022-11-04,52.19039535522461,72.25,73.38999938964844,70.80000305175781,71.1500015258789,61191100,VALE3
2022-11-07,51.9159049987793,71.87000274658203,73.02999877929688,71.44000244140625,72.0,29445500,VALE3
2022-11-08,53.49064254760742,74.05000305175781,74.93000030517578,71.6500015258789,71.6500015258789,39756500,VALE3
2022-11-09,52.84052276611328,73.1500015258789,74.77999877929688,72.5199966430664,74.0999984741211,42208500,VALE3
2022-11-10,53.85182189941406,74.55000305175781,75.47000122070312,71.37999725341797,71.5,47658100,VALE3
2022-11-11,59.45009994506836,82.30000305175781,82.98999786376953,77.20999908447266,77.98999786376953,80174100,VALE3
2022-11-14,60.1796760559082,83.30999755859375,84.44000244140625,81.37999725341797,82.38999938964844,43822500,VALE3
2022-11-16,59.55122756958008,82.44000244140625,84.7699966430664,81.54000091552734,83.31999969482422,32935300,VALE3
2022-11-17,60.02798843383789,83.0999984741211,83.29000091552734,80.73999786376953,80.87000274658203,31790500,VALE3
2022-11-18,58.38823699951172,80.83000183105469,84.48999786376953,80.69999694824219,84.3499984741211,44324400,VALE3
2022-11-21,57.73087692260742,79.91999816894531,80.19000244140625,78.27999877929688,79.0999984741211,27745900,VALE3
2022-11-22,57.88979721069336,80.13999938964844,81.45999908447266,79.38999938964844,79.94999694824219,27105100,VALE3
2022-11-23,58.460479736328125,80.93000030517578,81.36000061035156,79.94000244140625,80.93000030517578,22415800,VALE3
2022-11-24,58.836090087890625,81.44999694824219,82.38999938964844,80.61000061035156,81.51000213623047,12420900,VALE3
2022-11-25,58.43879699707031,80.9000015258789,82.87999725341797,80.68000030517578,82.0,20477000,VALE3
2022-11-28,58.72774124145508,81.30000305175781,82.33999633789062,79.5199966430664,80.5999984741211,16166300,VALE3
2022-11-29,60.995948791503906,84.44000244140625,85.68000030517578,82.62000274658203,82.8499984741211,42574300,VALE3
2022-11-30,61.913352966308594,85.70999908447266,86.62000274658203,84.76000213623047,85.0,59932800,VALE3
2022-12-01,62.252845764160156,86.18000030517578,86.75,84.7300033569336,86.41999816894531,34319300,VALE3
2022-12-02,62.70072555541992,86.80000305175781,87.73999786376953,84.97000122070312,86.76000213623047,30213600,VALE3
2022-12-05,62.63569641113281,86.70999908447266,88.98999786376953,86.68000030517578,87.9000015258789,21896500,VALE3
2022-12-06,63.545867919921875,87.97000122070312,88.93000030517578,86.87999725341797,86.98999786376953,21335700,VALE3
2022-12-07,61.28488540649414,84.83999633789062,86.41999816894531,83.86000061035156,85.91000366210938,45441000,VALE3
2022-12-08,62.03614044189453,85.87999725341797,87.25,85.3499984741211,85.5,29827900,VALE3
2022-12-09,64.10208892822266,88.73999786376953,89.54000091552734,87.52999877929688,88.05999755859375,37713000,VALE3
2022-12-12,62.187835693359375,86.08999633789062,88.30000305175781,85.37999725341797,88.1500015258789,34995000,VALE3
2022-12-13,62.45023727416992,86.16000366210938,87.4000015258789,85.62999725341797,86.25,31559400,VALE3
2022-12-14,62.97934341430664,86.88999938964844,87.33000183105469,85.5,85.75,34564000,VALE3
2022-12-15,63.18229293823242,87.16999816894531,88.16999816894531,86.88999938964844,87.38999938964844,24782100,VALE3
2022-12-16,62.10231018066406,85.68000030517578,87.31999969482422,84.51000213623047,87.0,37762100,VALE3
2022-12-19,61.877628326416016,85.37000274658203,85.58000183105469,84.23999786376953,85.0,27508500,VALE3
2022-12-20,62.15305709838867,85.75,87.25,85.30999755859375,85.37000274658203,22657300,VALE3
2022-12-21,62.508216857910156,86.23999786376953,87.4000015258789,85.81999969482422,86.9000015258789,39183700,VALE3
2022-12-22,62.15305709838867,85.75,86.6500015258789,84.69000244140625,86.27999877929688,19429200,VALE3
2022-12-23,62.56619644165039,86.31999969482422,86.5199966430664,85.08000183105469,85.27999877929688,18656500,VALE3
2022-12-26,63.1388053894043,87.11000061035156,87.54000091552734,86.33000183105469,86.41999816894531,18407500,VALE3
2022-12-27,64.64642333984375,89.19000244140625,89.6500015258789,87.47000122070312,88.0,26720300,VALE3
2022-12-28,64.50147247314453,88.98999786376953,90.20999908447266,88.69999694824219,89.19000244140625,23314500,VALE3
2022-12-29,64.42172241210938,88.87999725341797,89.94999694824219,88.83000183105469,89.0,40110800,VALE3
2023-01-02,64.79863739013672,89.4000015258789,89.9000015258789,88.52999877929688,88.68000030517578,12783800,VALE3
2023-01-03,64.68267059326172,89.23999786376953,90.08999633789062,88.88999938964844,89.4000015258789,25332600,VALE3
2023-01-04,64.79863739013672,89.4000015258789,89.6500015258789,87.94999694824219,89.30000305175781,26395300,VALE3
2023-01-05,65.8858642578125,90.9000015258789,91.68000030517578,89.0,89.45999908447266,29085600,VALE3
2023-01-06,66.92960357666016,92.33999633789062,92.73999786376953,91.0,91.0,31420600,VALE3
2023-01-09,67.0020751953125,92.44000244140625,92.98999786376953,91.25,91.52999877929688,19285800,VALE3
2023-01-10,67.828369140625,93.58000183105469,93.9000015258789,92.33999633789062,92.48999786376953,19821100,VALE3
2023-01-11,67.58917999267578,93.25,94.4800033569336,92.26000213623047,93.98999786376953,23834100,VALE3
2023-01-12,67.94435119628906,93.73999786376953,94.30000305175781,92.94000244140625,93.4800033569336,18058600,VALE3
2023-01-13,68.0023193359375,93.81999969482422,94.27999877929688,93.36000061035156,93.69000244140625,16905800,VALE3
2023-01-16,66.86436462402344,92.25,92.38999938964844,90.83000183105469,92.0,19563900,VALE3
2023-01-17,66.77738952636719,92.12999725341797,93.2300033569336,91.83000183105469,92.51000213623047,18719500,VALE3
2023-01-18,67.65441131591797,93.33999633789062,94.2300033569336,92.91000366210938,93.05999755859375,16737300,VALE3
2023-01-19,67.94435119628906,93.73999786376953,94.37000274658203,93.31999969482422,93.80000305175781,21712500,VALE3
2023-01-20,68.12554168701172,93.98999786376953,94.56999969482422,93.5,93.9000015258789,27103900,VALE3
2023-01-23,68.35023498535156,94.30000305175781,94.69999694824219,93.69999694824219,94.3499984741211,13534300,VALE3
2023-01-24,69.07506561279297,95.30000305175781,95.30000305175781,93.19999694824219,94.30999755859375,17439800,VALE3
2023-01-25,69.72740173339844,96.19999694824219,96.4000015258789,94.7699966430664,95.19999694824219,18282900,VALE3
2023-01-26,71.03205871582031,98.0,98.0,96.38999938964844,96.5,26876000,VALE3
2023-01-27,69.08955383300781,95.31999969482422,98.29000091552734,94.83000183105469,97.8499984741211,34682400,VALE3
2023-01-30,68.84312438964844,94.9800033569336,96.30000305175781,94.19000244140625,95.9000015258789,23820000,VALE3
2023-01-31,68.50244903564453,94.51000213623047,94.87999725341797,93.8499984741211,94.30999755859375,20658600,VALE3
2023-02-01,67.74138641357422,93.45999908447266,95.19999694824219,91.58999633789062,95.19999694824219,28818100,VALE3
2023-02-02,64.61018371582031,89.13999938964844,91.95999908447266,88.86000061035156,91.69000244140625,37844400,VALE3
2023-02-03,64.47246551513672,88.94999694824219,90.7699966430664,88.69000244140625,89.76000213623047,22545600,VALE3
2023-02-06,63.66791915893555,87.83999633789062,88.25,86.66000366210938,88.19999694824219,17888700,VALE3
2023-02-07,64.08831787109375,88.41999816894531,88.68000030517578,86.98999786376953,87.58999633789062,16259700,VALE3
2023-02-08,64.30577087402344,88.72000122070312,89.37000274658203,87.5999984741211,89.0999984741211,14411000,VALE3
2023-02-09,64.06657409667969,88.38999938964844,89.55000305175781,87.47000122070312,88.72000122070312,19782200,VALE3
2023-02-10,62.91411209106445,86.80000305175781,88.94999694824219,86.36000061035156,88.18000030517578,18099100,VALE3
2023-02-13,62.84888458251953,86.70999908447266,87.11000061035156,85.30000305175781,85.91999816894531,13798500,VALE3
2023-02-14,63.13155746459961,87.0999984741211,87.72000122070312,86.52999877929688,87.0,20072400,VALE3
2023-02-15,64.50870513916016,89.0,89.23999786376953,86.55999755859375,87.0999984741211,28465800,VALE3
2023-02-16,64.64642333984375,89.19000244140625,90.26000213623047,88.9000015258789,89.29000091552734,28740800,VALE3
2023-02-17,63.805641174316406,88.02999877929688,89.75,87.54000091552734,89.5999984741211,26381400,VALE3
2023-02-22,63.31999969482422,87.36000061035156,88.44999694824219,86.56999969482422,87.05000305175781,16864400,VALE3
2023-02-23,63.0228385925293,86.94999694824219,88.06999969482422,85.55000305175781,87.0,21485100,VALE3
2023-02-24,61.638427734375,85.04000091552734,86.4800033569336,84.6500015258789,86.05000305175781,17183900,VALE3
2023-02-27,61.638427734375,85.04000091552734,85.37999725341797,83.6500015258789,84.55999755859375,14422200,VALE3
2023-02-28,61.84138870239258,85.31999969482422,86.5,84.33999633789062,85.05999755859375,21127300,VALE3
2023-03-01,64.65367889404297,89.19999694824219,89.8499984741211,87.5,87.7699966430664,30916600,VALE3
2023-03-02,64.50870513916016,89.0,90.13999938964844,88.41999816894531,89.19999694824219,21740900,VALE3
2023-03-03,64.72615814208984,89.30000305175781,90.30000305175781,88.80999755859375,90.0999984741211,19783400,VALE3
2023-03-06,62.44297409057617,86.1500015258789,87.9000015258789,86.12000274658203,87.43000030517578,27298600,VALE3
2023-03-07,61.8486328125,85.33000183105469,87.4000015258789,84.80000305175781,86.8499984741211,20898200,VALE3
2023-03-08,62.41399002075195,86.11000061035156,86.41000366210938,85.4000015258789,85.5999984741211,22274800,VALE3
2023-03-09,61.59495544433594,84.9800033569336,86.48999786376953,84.81999969482422,85.12999725341797,24439300,VALE3
2023-03-10,61.39199447631836,84.69999694824219,86.18000030517578,84.2699966430664,84.5999984741211,21820200,VALE3
2023-03-13,61.64567947387695,85.05000305175781,86.0,84.05000305175781,84.37000274658203,23460200,VALE3
2023-03-14,62.206905364990234,83.9800033569336,84.3499984741211,82.9000015258789,83.12000274658203,18077900,VALE3
2023-03-15,60.33283233642578,81.44999694824219,83.08999633789062,80.0999984741211,82.0,34103400,VALE3
2023-03-16,60.555057525634766,81.75,82.1500015258789,80.70999908447266,81.22000122070312,20573400,VALE3
2023-03-17,61.280982971191406,82.7300033569336,83.5,82.62999725341797,82.91000366210938,39906400,VALE3
2023-03-20,61.78468322753906,83.41000366210938,83.98999786376953,81.80999755859375,82.72000122070312,19650900,VALE3
2023-03-21,61.26617431640625,82.70999908447266,83.44000244140625,81.54000091552734,83.22000122070312,15692200,VALE3
2023-03-22,60.50320816040039,81.68000030517578,82.75,81.61000061035156,82.0,18085500,VALE3
2023-03-23,58.94766616821289,79.58000183105469,82.18000030517578,78.80999755859375,81.5199966430664,26000100,VALE3
2023-03-24,58.273597717285156,78.66999816894531,79.86000061035156,78.08999633789062,79.69000244140625,27801900,VALE3
2023-03-27,58.177303314208984,78.54000091552734,80.08000183105469,78.02999877929688,79.51000213623047,14202900,VALE3
2023-03-28,58.792110443115234,79.37000274658203,79.9000015258789,78.58999633789062,78.72000122070312,13866800,VALE3
2023-03-29,59.63655090332031,80.51000213623047,80.83999633789062,79.83999633789062,79.98999786376953,17345200,VALE3
2023-03-30,60.606910705566406,81.81999969482422,81.94999694824219,81.1500015258789,81.69999694824219,14249000,VALE3
2023-03-31,59.47359085083008,80.29000091552734,82.16999816894531,79.91000366210938,81.5999984741211,22468400,VALE3
2023-04-03,59.4884033203125,80.30999755859375,80.38999938964844,79.41000366210938,79.80000305175781,13510200,VALE3
2023-04-04,57.80693435668945,78.04000091552734,80.18000030517578,77.75,79.95999908447266,20485600,VALE3
2023-04-05,56.95508575439453,76.88999938964844,77.76000213623047,75.9000015258789,77.75,25382600,VALE3
2023-04-06,56.85137939453125,76.75,77.5,76.27999877929688,76.66999816894531,13976800,VALE3
2023-04-10,57.947669982910156,78.2300033569336,78.26000213623047,76.69999694824219,76.75,13849000,VALE3
2023-04-11,61.00689697265625,82.36000061035156,82.94999694824219,80.05999755859375,80.5,34226000,VALE3
2023-04-12,59.703208923339844,80.5999984741211,82.80000305175781,80.29000091552734,82.75,32702000,VALE3
2023-04-13,58.89581298828125,79.51000213623047,80.7300033569336,78.97000122070312,80.0,21361900,VALE3
2023-04-14,58.37729263305664,78.80999755859375,79.80000305175781,78.0,79.0999984741211,22693200,VALE3
2023-04-17,57.68100357055664,77.87000274658203,80.44000244140625,77.44999694824219,79.4800033569336,21479200,VALE3
2023-04-18,58.177303314208984,78.54000091552734,78.93000030517578,77.66000366210938,78.79000091552734,15193400,VALE3
2023-04-19,56.48101806640625,76.25,77.62000274658203,75.0199966430664,77.30000305175781,31128000,VALE3
2023-04-20,55.303253173828125,74.66000366210938,76.45999908447266,74.52999877929688,75.9000015258789,31112800,VALE3
2023-04-24,53.30326843261719,71.95999908447266,72.54000091552734,71.58999633789062,72.19999694824219,29754000,VALE3
2023-04-25,51.85142517089844,70.0,71.19999694824219,69.70999908447266,71.19999694824219,31799200,VALE3
2023-04-26,52.05142593383789,70.2699966430664,71.43000030517578,70.2699966430664,71.0,25907200,VALE3
2023-04-27,53.155120849609375,71.76000213623047,71.77999877929688,69.18000030517578,69.69999694824219,31717800,VALE3
2023-04-28,53.62919616699219,72.4000015258789,72.41999816894531,71.05999755859375,71.62999725341797,33277500,VALE3
2023-05-02,51.510684967041016,69.54000091552734,71.5999984741211,69.31999969482422,71.30000305175781,37367900,VALE3
2023-05-03,51.11069107055664,69.0,70.08000183105469,68.86000061035156,69.94000244140625,19958300,VALE3
2023-05-04,49.5255241394043,66.86000061035156,69.33000183105469,66.70999908447266,69.05000305175781,35996200,VALE3
2023-05-05,51.14032745361328,69.04000091552734,69.25,67.2300033569336,67.69000244140625,27107300,VALE3
2023-05-08,51.8292121887207,69.97000122070312,71.16000366210938,69.8499984741211,70.69999694824219,24917600,VALE3
2023-05-09,52.36253356933594,70.69000244140625,70.70999908447266,68.68000030517578,69.5,18717400,VALE3
2023-05-10,51.37735366821289,69.36000061035156,71.05999755859375,68.69000244140625,70.88999938964844,24792600,VALE3
2023-05-11,50.37736511230469,68.01000213623047,68.29000091552734,67.36000061035156,68.0,27709000,VALE3
2023-05-12,50.42921829223633,68.08000183105469,68.56999969482422,67.41000366210938,67.9000015258789,17578100,VALE3
2023-05-15,51.15513229370117,69.05999755859375,70.12999725341797,68.91999816894531,69.30000305175781,21020000,VALE3
2023-05-16,50.10329818725586,67.63999938964844,69.19999694824219,67.5999984741211,69.0,23990300,VALE3
2023-05-17,51.762535095214844,69.87999725341797,70.23999786376953,68.80999755859375,69.12000274658203,30913100,VALE3
2023-05-18,51.83662033081055,69.9800033569336,70.31999969482422,69.12000274658203,69.87999725341797,23710600,VALE3
2023-05-19,51.26625061035156,69.20999908447266,70.61000061035156,69.12999725341797,70.5,33892200,VALE3
2023-05-22,50.44403076171875,68.0999984741211,68.9000015258789,67.7699966430664,68.4000015258789,18936200,VALE3
2023-05-23,49.30330276489258,66.55999755859375,67.69000244140625,66.51000213623047,67.5,39413300,VALE3
2023-05-24,48.18479537963867,65.05000305175781,65.77999877929688,64.81999969482422,65.77999877929688,33304700,VALE3
2023-05-25,48.03664016723633,64.8499984741211,65.80000305175781,64.77999877929688,65.80000305175781,36934900,VALE3
2023-05-26,49.1329345703125,66.33000183105469,67.04000091552734,65.91000366210938,66.75,38181700,VALE3
2023-05-29,48.762569427490234,65.83000183105469,67.69999694824219,65.73999786376953,67.33999633789062,17320700,VALE3
2023-05-30,47.61442565917969,64.27999877929688,66.31999969482422,63.869998931884766,66.31999969482422,39920700,VALE3
2023-05-31,47.26628112792969,63.810001373291016,64.87000274658203,63.5099983215332,64.27999877929688,103408900,VALE3
2023-06-01,48.266273498535156,65.16000366210938,65.7699966430664,64.1500015258789,64.94000244140625,51982400,VALE3
2023-06-02,50.32551574707031,67.94000244140625,68.19999694824219,67.37000274658203,68.0,39185700,VALE3
2023-06-05,49.910701751708984,67.37999725341797,68.4800033569336,66.62999725341797,68.47000122070312,21478500,VALE3
2023-06-06,50.073665618896484,67.5999984741211,68.38999938964844,67.4000015258789,67.80000305175781,31884200,VALE3
2023-06-07,50.866249084472656,68.66999816894531,68.68000030517578,67.4000015258789,67.5999984741211,27377500,VALE3
2023-06-09,50.63662338256836,68.36000061035156,69.80000305175781,68.25,69.66999816894531,30056800,VALE3
2023-06-12,49.718109130859375,67.12000274658203,67.80000305175781,66.69999694824219,67.80000305175781,26651200,VALE3
2023-06-13,50.24403381347656,67.83000183105469,68.56999969482422,67.61000061035156,68.30000305175781,34288100,VALE3
2023-06-14,51.12550735473633,69.0199966430664,69.61000061035156,68.48999786376953,68.98999786376953,53775600,VALE3
2023-06-15,51.5255126953125,69.55999755859375,69.6500015258789,68.36000061035156,69.0999984741211,31874100,VALE3
2023-06-16,51.60698318481445,69.66999816894531,70.19999694824219,69.20999908447266,69.4000015258789,39953600,VALE3
2023-06-19,51.406986236572266,69.4000015258789,69.6500015258789,68.68000030517578,69.6500015258789,14894300,VALE3
2023-06-20,50.08106994628906,67.61000061035156,69.0199966430664,67.30999755859375,69.0,35748700,VALE3
2023-06-21,49.577369689941406,66.93000030517578,67.33999633789062,66.72000122070312,67.06999969482422,27336800,VALE3
2023-06-22,49.310707092285156,66.56999969482422,67.86000061035156,66.30000305175781,66.66999816894531,21394900,VALE3
2023-06-23,48.814414978027344,65.9000015258789,66.0999984741211,65.30000305175781,66.0,23510900,VALE3
2023-06-26,48.91811752319336,66.04000091552734,66.30000305175781,65.31999969482422,65.55999755859375,15030400,VALE3
2023-06-27,49.503299713134766,66.83000183105469,67.27999877929688,66.44999694824219,66.9000015258789,22737400,VALE3
2023-06-28,47.94034957885742,64.72000122070312,66.81999969482422,64.72000122070312,66.77999877929688,37628600,VALE3
2023-06-29,48.52553176879883,65.51000213623047,65.93000030517578,64.3499984741211,64.72000122070312,24841800,VALE3
2023-06-30,47.569984436035156,64.22000122070312,66.05999755859375,64.22000122070312,65.70999908447266,42992000,VALE3
2023-07-03,49.058860778808594,66.2300033569336,66.5,64.63999938964844,64.70999908447266,22738400,VALE3
2023-07-04,48.814414978027344,65.9000015258789,66.45999908447266,65.80000305175781,65.83999633789062,12573200,VALE3
2023-07-05,48.384788513183594,65.31999969482422,65.86000061035156,65.01000213623047,65.61000061035156,27363600,VALE3
2023-07-06,48.03664016723633,64.8499984741211,65.58999633789062,64.44000244140625,64.72000122070312,18579200,VALE3
2023-07-07,48.48849105834961,65.45999908447266,65.5999984741211,64.30999755859375,64.4800033569336,57287600,VALE3
2023-07-10,47.74775314331055,64.45999908447266,65.19000244140625,64.33000183105469,64.5,36698500,VALE3
2023-07-11,49.318111419677734,66.58000183105469,67.01000213623047,64.87999725341797,65.08000183105469,35550200,VALE3
2023-07-12,49.666259765625,67.05000305175781,68.08000183105469,67.0,68.0,22864300,VALE3
2023-07-13,50.821807861328125,68.61000061035156,68.80000305175781,67.91999816894531,68.22000122070312,24187200,VALE3
2023-07-14,50.821807861328125,68.61000061035156,69.29000091552734,68.26000213623047,69.19000244140625,20342500,VALE3
2023-07-17,50.25885009765625,67.8499984741211,68.33000183105469,67.02999877929688,68.33000183105469,15322300,VALE3
2023-07-18,49.94033432006836,67.41999816894531,68.2699966430664,67.27999877929688,67.7300033569336,16950600,VALE3
2023-07-19,49.807003021240234,67.23999786376953,67.97000122070312,66.95999908447266,67.48999786376953,14512600,VALE3
2023-07-20,49.91810607910156,67.38999938964844,68.48999786376953,67.3499984741211,68.1500015258789,20992700,VALE3
2023-07-21,50.22181701660156,67.80000305175781,68.16999816894531,66.9800033569336,67.44000244140625,24852700,VALE3
2023-07-24,51.74031448364258,69.8499984741211,70.31999969482422,67.51000213623047,67.69999694824219,30616400,VALE3
2023-07-25,53.340309143066406,72.01000213623047,72.66000366210938,71.62000274658203,71.69999694824219,31556700,VALE3
2023-07-26,53.155120849609375,71.76000213623047,72.25,70.75,71.75,19066400,VALE3
2023-07-27,52.162532806396484,70.41999816894531,71.23999786376953,70.08999633789062,71.19999694824219,28254500,VALE3
2023-07-28,50.095890045166016,67.62999725341797,70.0199966430664,67.62999725341797,70.0199966430664,45938800,VALE3
2023-07-31,51.22921371459961,69.16000366210938,69.68000030517578,67.83999633789062,68.0,26065700,VALE3
2023-08-01,50.51810073852539,68.19999694824219,68.80999755859375,67.9000015258789,68.7699966430664,30015700,VALE3
2023-08-02,49.69588088989258,67.08999633789062,67.76000213623047,66.9000015258789,67.73999786376953,29547300,VALE3
2023-08-03,50.00700759887695,67.51000213623047,67.88999938964844,66.48999786376953,66.8499984741211,35512300,VALE3
2023-08-04,50.044029235839844,67.55999755859375,68.33000183105469,67.16000366210938,67.19999694824219,22954300,VALE3
2023-08-07,50.29588317871094,67.9000015258789,68.16999816894531,66.87999725341797,67.6500015258789,23057700,VALE3
2023-08-08,49.9699592590332,67.45999908447266,68.1500015258789,66.08999633789062,66.98999786376953,43405600,VALE3
2023-08-09,49.51810836791992,66.8499984741211,67.91000366210938,66.62999725341797,67.45999908447266,21859000,VALE3
2023-08-10,48.93292999267578,66.05999755859375,67.18000030517578,65.94000244140625,66.80999755859375,28372300,VALE3
2023-08-11,48.52553176879883,65.51000213623047,66.37999725341797,65.2300033569336,66.19000244140625,42335100,VALE3
2023-08-14,47.234764099121094,61.900001525878906,63.040000915527344,61.900001525878906,62.97999954223633,41056900,VALE3
2023-08-15,46.76927947998047,61.290000915527344,61.959999084472656,61.13999938964844,61.95000076293945,28611000,VALE3
2023-08-16,46.58613586425781,61.04999923706055,61.93000030517578,61.0,61.38999938964844,30508600,VALE3
2023-08-17,47.24238204956055,61.90999984741211,62.810001373291016,61.720001220703125,62.59000015258789,39481200,VALE3
2023-08-18,46.71586227416992,61.220001220703125,62.08000183105469,61.02000045776367,61.20000076293945,34201900,VALE3
2023-08-21,46.77690887451172,61.29999923706055,61.7400016784668,61.02000045776367,61.4900016784668,17695300,VALE3
2023-08-22,47.753658294677734,62.58000183105469,62.86000061035156,62.029998779296875,62.040000915527344,30995800,VALE3
2023-08-23,48.10466766357422,63.040000915527344,63.66999816894531,63.040000915527344,63.25,19128500,VALE3
2023-08-24,47.463680267333984,62.20000076293945,62.689998626708984,61.83000183105469,62.689998626708984,17821500,VALE3
2023-08-25,47.36447525024414,62.06999969482422,62.779998779296875,61.900001525878906,62.66999816894531,11395300,VALE3
2023-08-28,48.04362487792969,62.959999084472656,63.27000045776367,62.27000045776367,62.43000030517578,14173600,VALE3
2023-08-29,49.577415466308594,64.97000122070312,65.02999877929688,63.22999954223633,63.380001068115234,28625700,VALE3
2023-08-30,49.58504867553711,64.9800033569336,65.87000274658203,64.7300033569336,65.20999908447266,21812600,VALE3
2023-08-31,49.66135025024414,65.08000183105469,66.16999816894531,65.08000183105469,65.56999969482422,31011100,VALE3
2023-09-01,52.568695068359375,68.88999938964844,69.0,66.62999725341797,66.69000244140625,57288600,VALE3
2023-09-04,52.95786666870117,69.4000015258789,70.05000305175781,68.87999725341797,69.27999877929688,22397800,VALE3
2023-09-05,52.728939056396484,69.0999984741211,69.51000213623047,68.58000183105469,68.98999786376953,19253500,VALE3
2023-09-06,51.88191604614258,67.98999786376953,69.58999633789062,67.87999725341797,69.1500015258789,28466500,VALE3
2023-09-08,50.905174255371094,66.70999908447266,66.83999633789062,66.23999786376953,66.69999694824219,19989200,VALE3
2023-09-11,51.63773727416992,67.66999816894531,68.18000030517578,67.54000091552734,68.0999984741211,19493800,VALE3
2023-09-12,51.59958267211914,67.62000274658203,68.26000213623047,67.44000244140625,68.0,14201300,VALE3
2023-09-13,51.40118408203125,67.36000061035156,67.77999877929688,67.1500015258789,67.66999816894531,15448400,VALE3
2023-09-14,53.50728988647461,70.12000274658203,70.68000030517578,69.05000305175781,69.30000305175781,62390300,VALE3
2023-09-15,53.064701080322266,69.54000091552734,71.2300033569336,69.54000091552734,71.0,37901700,VALE3
2023-09-18,52.438968658447266,68.72000122070312,70.05000305175781,68.55000305175781,69.54000091552734,21849000,VALE3
2023-09-19,52.538169860839844,68.8499984741211,69.25,68.20999908447266,68.66999816894531,43870300,VALE3
2023-09-20,52.889183044433594,69.30999755859375,69.7699966430664,69.04000091552734,69.27999877929688,14372200,VALE3
2023-09-21,51.50801467895508,67.5,68.45999908447266,67.5,68.30000305175781,21686000,VALE3
2023-09-22,51.88955307006836,68.0,68.87000274658203,67.93000030517578,68.38999938964844,17063700,VALE3
2023-09-25,50.82123565673828,66.5999984741211,67.02999877929688,65.7699966430664,67.01000213623047,34715000,VALE3
2023-09-26,50.02762985229492,65.55999755859375,66.26000213623047,65.37000274658203,65.69999694824219,24178800,VALE3
2023-09-27,50.13446044921875,65.69999694824219,66.19000244140625,65.30999755859375,66.0999984741211,17109300,VALE3
2023-09-28,50.89754867553711,66.69999694824219,67.04000091552734,65.95999908447266,66.11000061035156,26072300,VALE3
2023-09-29,51.569061279296875,67.58000183105469,67.6500015258789,67.04000091552734,67.30999755859375,19018000,VALE3
2023-10-02,51.11884307861328,66.98999786376953,67.72000122070312,66.62000274658203,67.58000183105469,11175900,VALE3
2023-10-03,50.80598068237305,66.58000183105469,66.95999908447266,66.06999969482422,66.08000183105469,15268800,VALE3
2023-10-04,50.264190673828125,65.87000274658203,66.77999877929688,65.52999877929688,66.4000015258789,14377000,VALE3
2023-10-05,50.28708267211914,65.9000015258789,66.44999694824219,65.66000366210938,65.87000274658203,11556300,VALE3
2023-10-06,51.01964569091797,66.86000061035156,67.44999694824219,65.81999969482422,65.88999938964844,22711400,VALE3
2023-10-09,50.65335464477539,66.37999725341797,66.37999725341797,65.38999938964844,65.7300033569336,14392200,VALE3
2023-10-10,50.958595275878906,66.77999877929688,67.47000122070312,66.69999694824219,67.05999755859375,18261700,VALE3
2023-10-11,51.40118408203125,67.36000061035156,67.43000030517578,66.69000244140625,66.80999755859375,13659400,VALE3
2023-10-13,50.81360626220703,66.58999633789062,67.30000305175781,66.45999908447266,67.19999694824219,16302700,VALE3
2023-10-16,51.35540771484375,67.30000305175781,67.75,67.18000030517578,67.4000015258789,13103300,VALE3
2023-10-17,51.77509307861328,67.8499984741211,68.05000305175781,66.58999633789062,67.0,24031000,VALE3
2023-10-18,49.87501907348633,65.36000061035156,67.30000305175781,65.33000183105469,67.23999786376953,34907300,VALE3
2023-10-19,49.157718658447266,64.41999816894531,65.6500015258789,64.41999816894531,65.30000305175781,22855500,VALE3
2023-10-20,47.829959869384766,62.68000030517578,63.470001220703125,62.0,63.31999969482422,58015100,VALE3
2023-10-23,47.73839569091797,62.560001373291016,62.93000030517578,62.11000061035156,62.38999938964844,17595000,VALE3
2023-10-24,48.829593658447266,63.9900016784668,64.2699966430664,63.56999969482422,64.0,21768800,VALE3
2023-10-25,48.783809661865234,63.93000030517578,65.18000030517578,63.75,64.69999694824219,26091800,VALE3
2023-10-26,49.8292350769043,65.30000305175781,65.37000274658203,63.61000061035156,63.79999923706055,30936700,VALE3
2023-10-27,51.56142807006836,67.56999969482422,67.76000213623047,64.70999908447266,65.47000122070312,47989100,VALE3
2023-10-30,52.02690887451172,68.18000030517578,68.88999938964844,68.04000091552734,68.4000015258789,26604100,VALE3
2023-10-31,52.65263366699219,69.0,69.23999786376953,67.56999969482422,67.7699966430664,20961400,VALE3
2023-11-01,53.659908294677734,70.31999969482422,70.69999694824219,69.25,69.26000213623047,31543500,VALE3
2023-11-03,54.33140563964844,71.19999694824219,71.61000061035156,70.93000030517578,71.25,28599600,VALE3
2023-11-06,54.56034469604492,71.5,71.80000305175781,71.19999694824219,71.19999694824219,19096300,VALE3
2023-11-07,53.47676467895508,70.08000183105469,71.0999984741211,69.23999786376953,70.83000183105469,37073000,VALE3
2023-11-08,53.514915466308594,70.12999725341797,70.86000061035156,69.81999969482422,70.12000274658203,21047900,VALE3
2023-11-09,53.77436828613281,70.47000122070312,71.13999938964844,70.22000122070312,70.5,16542700,VALE3
2023-11-10,54.59849548339844,71.55000305175781,71.7300033569336,70.9000015258789,71.4000015258789,22200500,VALE3
2023-11-13,54.484031677246094,71.4000015258789,72.48999786376953,70.93000030517578,72.0,14410500,VALE3
2023-11-14,56.170440673828125,73.61000061035156,74.30000305175781,71.9000015258789,72.0199966430664,52233600,VALE3
2023-11-16,56.544349670410156,74.0999984741211,74.33999633789062,73.01000213623047,73.0999984741211,31235400,VALE3
2023-11-17,56.651180267333984,74.23999786376953,74.6500015258789,74.0999984741211,74.2300033569336,24538600,VALE3
2023-11-20,58.03998947143555,76.05999755859375,76.6500015258789,75.43000030517578,75.80000305175781,28810100,VALE3
2023-11-21,59.44406509399414,77.9000015258789,78.55000305175781,76.8499984741211,77.29000091552734,45317800,VALE3
2023-11-22,58.87899398803711,74.8499984741211,76.06999969482422,74.20999908447266,75.8499984741211,33715300,VALE3
2023-11-23,58.50928497314453,74.37999725341797,74.62000274658203,74.08000183105469,74.37000274658203,10279200,VALE3
2023-11-24,58.01370620727539,73.75,74.5,73.4000015258789,74.5,16667000,VALE3
2023-11-27,57.667606353759766,73.30999755859375,73.86000061035156,72.9000015258789,73.44000244140625,17312300,VALE3
2023-11-28,57.79345703125,73.47000122070312,73.7699966430664,72.16000366210938,72.27999877929688,22019000,VALE3
2023-11-29,57.777713775634766,73.44999694824219,74.0,72.70999908447266,73.80000305175781,15853100,VALE3
2023-11-30,58.092376708984375,73.8499984741211,74.44000244140625,73.72000122070312,74.01000213623047,29712900,VALE3
2023-12-01,59.1700553894043,75.22000122070312,75.4800033569336,74.41999816894531,74.7300033569336,25025200,VALE3
2023-12-04,57.84064483642578,73.52999877929688,74.5,73.04000091552734,74.23999786376953,22402300,VALE3
2023-12-05,57.305747985839844,72.8499984741211,73.37000274658203,72.52999877929688,73.2300033569336,25179500,VALE3
2023-12-06,56.92817306518555,72.37000274658203,73.91999816894531,72.12000274658203,73.5,20503900,VALE3
2023-12-07,57.10908508300781,72.5999984741211,73.08000183105469,72.41999816894531,72.69000244140625,17535800,VALE3
2023-12-08,57.266414642333984,72.80000305175781,73.26000213623047,72.33000183105469,73.0999984741211,16083200,VALE3
2023-12-11,57.3136100769043,72.86000061035156,73.23999786376953,71.76000213623047,72.08000183105469,15443400,VALE3
2023-12-12,57.415870666503906,72.98999786376953,73.8499984741211,72.5999984741211,73.5999984741211,11036300,VALE3
2023-12-13,57.42374038696289,73.0,73.31999969482422,72.30999755859375,72.5,25288200,VALE3
2023-12-14,57.73838806152344,73.4000015258789,74.26000213623047,73.36000061035156,74.0,29454300,VALE3
2023-12-15,58.100242614746094,73.86000061035156,74.30000305175781,73.51000213623047,74.05999755859375,23279500,VALE3
2023-12-18,58.37555694580078,74.20999908447266,74.93000030517578,73.70999908447266,74.05999755859375,16333400,VALE3
2023-12-19,58.784603118896484,74.7300033569336,75.08999633789062,74.37000274658203,74.69999694824219,21763700,VALE3
2023-12-20,58.5958137512207,74.48999786376953,75.41000366210938,74.48999786376953,74.7300033569336,14147900,VALE3
2023-12-21,60.54665756225586,76.97000122070312,77.05000305175781,75.31999969482422,75.44999694824219,24202600,VALE3
2023-12-22,60.090396881103516,76.38999938964844,78.19999694824219,76.29000091552734,77.12999725341797,26277000,VALE3
2023-12-26,60.30279541015625,76.66000366210938,77.44999694824219,76.66000366210938,77.16000366210938,12149500,VALE3
2023-12-27,60.88490295410156,77.4000015258789,77.55000305175781,76.8499984741211,76.8499984741211,13821200,VALE3
2023-12-28,60.727569580078125,77.19999694824219,77.45999908447266,76.75,77.0,16545800,VALE3
